# File generated by ImageToStl.com - Free Image and 3D model conversion tools

mtllib 3DModel.mtl

o obj1
v 1.25711705 0.11256801 0.01303036
v 1.28338162 0.11724952 -0.00183853
v 1.25624913 0.12036305 -0.02479062
v 1.29448377 0.11949073 -0.03020312
v 1.28391995 0.11797876 -0.05544782
v 1.25787839 0.1135993 -0.06278456
v 1.23161382 0.1089178 -0.04791567
v 1.22051168 0.1066766 -0.01955107
v 1.23107541 0.10818856 0.00569362
v 1.26068738 0.03769007 0.00334443
v 1.28391477 0.04702165 0.02493583
v 1.25291432 0.04093988 0.04440604
v 1.3017851 0.04981435 -0.00775448
v 1.29215543 0.04796641 -0.03386825
v 1.26529752 0.04393876 -0.0402224
v 1.23557386 0.03924045 -0.01809127
v 1.22068593 0.03575291 0.01572039
v 1.22777547 0.03609393 0.04060972
v 1.24417401 0.07065202 0.09545257
v 1.27751081 0.09594864 0.08418729
v 1.24033727 0.08885469 0.09970887
v 1.33917813 0.10730411 0.02540683
v 1.31098004 0.10141046 0.05701218
v 1.31107083 0.08275774 0.0541141
v 1.35122723 0.09046634 -0.01485988
v 1.34512692 0.10922018 -0.05249737
v 1.35396603 0.10990045 -0.01508305
v 1.29425199 0.10103217 -0.09777966
v 1.32432691 0.10551092 -0.08041818
v 1.32406613 0.08650055 -0.07668783
v 1.21890981 0.08794783 -0.08164049
v 1.25661428 0.0942332 -0.10173146
v 1.26011556 0.07577674 -0.09594323
v 1.16953649 0.0785708 -0.01191769
v 1.19182904 0.08223415 -0.04904079
v 1.19796476 0.06454553 -0.04655981
v 1.16631986 0.05812185 0.02615674
v 1.16028486 0.07612697 0.05932588
v 1.15931363 0.07581441 0.02759195
v 1.2091139 0.08398572 0.10278723
v 1.17866994 0.0785167 0.0881091
v 1.18517011 0.06078328 0.08401269
v 1.11874837 0.03956983 0.25270349
v 1.14514097 0.04158276 0.27917278
v 1.08269529 0.03682011 0.3153305
v 1.08269529 0.03682011 0.24301505
v 1.04664228 0.03407039 0.25270349
v 1.02024969 0.03205745 0.27917278
v 1.01058927 0.03132066 0.3153305
v 1.02024969 0.03205745 0.35148822
v 1.04664228 0.03407039 0.37795753
v 1.08269529 0.03682011 0.38764594
v 1.11874837 0.03956983 0.37795753
v 1.14514097 0.04158276 0.35148822
v 1.15480138 0.04231955 0.3153305
v 1.14287038 0.07135354 0.27917278
v 1.11647779 0.0693406 0.25270349
v 1.08042478 0.06659088 0.3153305
v 1.08042478 0.06659088 0.24301505
v 1.0443717 0.06384116 0.25270349
v 1.0179791 0.06182822 0.27917278
v 1.00831869 0.06109144 0.3153305
v 1.0179791 0.06182822 0.35148822
v 1.0443717 0.06384116 0.37795753
v 1.08042478 0.06659088 0.38764594
v 1.11647779 0.0693406 0.37795753
v 1.14287038 0.07135354 0.35148822
v 1.1525308 0.07209032 0.3153305
v 0.7354698 0.0712934 0.20694505
v 0.73014197 0.06048587 0.19017898
v 0.7276602 0.06870628 0.213831
v 0.74489027 0.06843812 0.2027054
v 0.73014197 0.06048587 0.19017898
v 0.7359371 0.05194381 0.20795343
v 0.73014197 0.06048587 0.19017898
v 0.74540007 0.05473594 0.20326576
v 0.72770903 0.05489926 0.21464014
v 0.73014197 0.06048587 0.19017898
v 0.7359371 0.05194381 0.20795343
v 0.7509429 0.06164984 0.20195957
v 0.73014197 0.06048587 0.19017898
v 0.73014197 0.06048587 0.19017898
v 0.72246954 0.06189338 0.21837844
v 0.73014197 0.06048587 0.19017898
v 0.73014197 0.06048587 0.19017898
v 1.10592344 0.04202055 -0.26196178
v 1.06287488 0.05085653 -0.22334857
v 1.13743718 0.04202055 -0.24215772
v 1.06002172 0.04202055 -0.2980285
v 1.01154531 0.04202055 -0.3003975
v 0.96893049 0.04202055 -0.27208314
v 0.94272344 0.04198439 -0.22802629
v 0.97796041 0.0417647 -0.16924743
v 1.01969236 0.04195619 -0.15164949
v 1.06287488 0.04202055 -0.1516608
v 1.10592344 0.04202055 -0.15843752
v 1.13743718 0.04202055 -0.17640916
v 1.14897199 0.04202055 -0.21056196
v 0.78616728 0.05785018 0.00060036
v 0.79263792 0.0578502 0.00443991
v 0.7903768 0.05070134 0.00087833
v 0.78219694 0.05064074 -0.00154042
v 0.7903768 0.05070134 0.00087833
v 0.78566084 0.04408586 0.00060893
v 0.7903768 0.05070134 0.00087833
v 0.79287306 0.04408584 0.00488843
v 0.7903768 0.05070134 0.00087833
v 0.79641951 0.05064074 0.00689887
v 0.7903768 0.05070134 0.00087833
v 0.79263792 0.0578502 0.00443991
v 0.7903768 0.05070134 0.00087833
v 0.77063437 0.05559179 0.03905658
v 0.76630697 0.05557701 0.0364902
v 0.76819327 0.05074898 0.03826363
v 0.76710425 0.05116993 0.03971101
v 0.76819327 0.05074898 0.03826363
v 0.76716185 0.0478121 0.03611666
v 0.76819327 0.05074898 0.03826363
v 0.77000143 0.04750974 0.03725758
v 0.76819327 0.05074898 0.03826363
v 0.77242453 0.05264573 0.0396382
v 0.76819327 0.05074898 0.03826363
v 0.77063437 0.05559179 0.03905658
v 0.76819327 0.05074898 0.03826363
v 0.79230642 0.05296938 0.02892462
v 0.79918043 0.05313851 0.02351985
v 0.79426642 0.04593558 0.02410045
v 0.78923842 0.04551546 0.03181034
v 0.79426642 0.04593558 0.02410045
v 0.79277044 0.03805979 0.02884824
v 0.79426642 0.04593558 0.02410045
v 0.79945074 0.03822368 0.02359643
v 0.79426642 0.04593558 0.02410045
v 0.80293417 0.04585145 0.02104319
v 0.79426642 0.04593558 0.02410045
v 0.79918043 0.05313851 0.02351985
v 0.79426642 0.04593558 0.02410045
v 0.83579954 0.04907399 0.07187708
v 0.83082609 0.04896167 0.07580963
v 0.8353079 0.04285058 0.07622814
v 0.83229361 0.04321251 0.07902024
v 0.8353079 0.04285058 0.07622814
v 0.83253927 0.03756533 0.07732521
v 0.8353079 0.04285058 0.07622814
v 0.83714285 0.03765813 0.07385098
v 0.8353079 0.04285058 0.07622814
v 0.83889143 0.04338258 0.07071349
v 0.8353079 0.04285058 0.07622814
v 0.83579954 0.04907399 0.07187708
v 0.8353079 0.04285058 0.07622814
v 0.98250326 0.12549642 -0.31626298
v 0.99858358 0.1332296 -0.2853419
v 1.00648618 0.08722 -0.2971751
v 1.00781973 0.11364928 -0.25878766
v 1.01094846 0.08254762 -0.25259336
v 1.0015093 0.05592695 -0.26620748
v 0.98868047 0.04559395 -0.29295049
v 0.97823637 0.05989599 -0.32239024
v 0.97549505 0.09469375 -0.33169154
v 0.64135085 0.09806186 -0.11193752
v 0.65494505 0.09484511 -0.09069149
v 0.64769934 0.1154205 -0.10231437
v 0.66479437 0.11293716 -0.07572178
v 0.66705214 0.09023188 -0.06517906
v 0.64556784 0.080016 -0.10551119
v 0.66705214 0.09023188 -0.06517906
v 0.65982695 0.0740713 -0.08102852
v 0.65343642 0.07291534 -0.0958839
v 0.65785994 0.11788927 -0.09057184
v 1.41056775 -0 -0.13340151
v 0.99999998 -0 -0
v 1.25374456 -0 -0.34924968
v 0.99999998 -0 -0.43169646
v 0.7462554 -0 -0.34924968
v 0.58943228 -0 -0.13340148
v 0.58943228 -0 0.13340147
v 0.74625548 -0 0.34924953
v 0.99999998 -0 0.43169631
v 1.25374448 -0 0.34924953
v 1.4105676 -0 0.13340143
v 0.99999998 0.02838746 0
v 1.38614041 0.02763747 -0.12546462
v 1.23864789 0.02763747 -0.32847076
v 0.99999998 0.02763747 -0.40601211
v 0.76135214 0.02763747 -0.32847068
v 0.61385977 0.02763747 -0.12546458
v 0.61385977 0.02763747 0.1254646
v 0.76135214 0.02763747 0.32847064
v 0.99999998 0.02763747 0.40601203
v 1.23864774 0.02763747 0.3284706
v 1.38614011 0.02763747 0.12546459
v 1.3602963 0.07500001 -0.26177045
v 1.26177045 0.07500001 -0.36029628
v 1.13762082 0.07500001 -0.42355346
v 0.99999998 0.07500001 -0.4453506
v 0.86237913 0.07500001 -0.42355338
v 0.73822958 0.07500001 -0.36029617
v 0.63970381 0.07500001 -0.2617704
v 0.57644667 0.07500001 -0.13762084
v 0.55464987 0.07500001 3E-08
v 0.63970419 0.07500001 0.26177041
v 0.86237913 0.07500001 0.4235533
v 1.13762082 0.07500001 0.4235533
v 1.36029599 0.07500001 0.26177038
v 1.44535 0.07500001 3E-08
v 1.42355343 0.07500001 -0.13762088
v 1.44535 0.07500001 3E-08
v 1.45880826 0.07500001 -0.14907585
v 1.45880795 0.07500001 0.14907573
v 1.42355328 0.07500001 0.13762086
v 1.3602963 0.07500001 -0.26177045
v 1.28355908 0.07500001 -0.39028556
v 1.26177045 0.07500001 -0.36029628
v 1.13762082 0.07500001 -0.42355346
v 0.99999998 0.07500001 -0.48241938
v 0.99999998 0.07500001 -0.4453506
v 0.86237913 0.07500001 -0.42355338
v 0.71644102 0.07500001 -0.39028548
v 0.73822958 0.07500001 -0.36029617
v 0.63970381 0.07500001 -0.2617704
v 0.54119197 0.07500001 -0.14907575
v 0.57644667 0.07500001 -0.13762084
v 0.55464987 0.07500001 3E-08
v 0.54119197 0.07500001 0.14907576
v 0.57644667 0.07500001 0.13762087
v 0.63970419 0.07500001 0.26177041
v 0.71644102 0.07500001 0.39028537
v 0.73822958 0.07500001 0.36029617
v 0.86237913 0.07500001 0.4235533
v 0.99999998 0.07500001 0.48241923
v 0.99999998 0.07500001 0.44535052
v 1.13762082 0.07500001 0.4235533
v 1.28355893 0.07500001 0.39028533
v 1.26177037 0.07500001 0.36029609
v 1.36029599 0.07500001 0.26177038
v 1.45880795 0.07500001 0.14907573
v 1.42355328 0.07500001 0.13762086
v 1.47659146 0.05659817 -0.15485399
v 1.47306149 0.02649903 -0.15370697
v 1.40541302 0.05659817 -0.29454974
v 1.50111767 0.05659817 -1E-08
v 1.47306119 0.02649903 0.15370689
v 1.47659115 0.05659817 0.15485389
v 1.15485395 0.05659817 -0.47659148
v 1.29236798 0.02649903 -0.40241008
v 0.99999998 0.02649903 -0.49740611
v 0.84514601 0.05659817 -0.47659144
v 0.70763197 0.02649903 -0.40241
v 0.59458712 0.05659817 -0.29454965
v 0.52693873 0.02649903 -0.15370691
v 0.52340865 0.05659817 -0.15485391
v 0.49888221 0.05659816 0
v 0.52693873 0.02649903 0.15370691
v 0.52340865 0.05659817 0.15485391
v 0.59458716 0.05659817 0.29454963
v 0.70763205 0.02649903 0.40240989
v 0.70545035 0.05659817 0.40541278
v 0.84514608 0.05659817 0.47659129
v 0.99999998 0.02649903 0.49740596
v 0.99999998 0.05659817 0.50111773
v 1.15485379 0.05659817 0.47659125
v 1.29236783 0.02649903 0.40240985
v 1.29454953 0.05659817 0.40541274
v 1.40541272 0.05659817 0.29454959
v 1.47306119 0.02649903 0.15370689
v 1.47659115 0.05659817 0.15485389
v 1.47306149 0.02649903 -0.15370697
v 1.29236798 0.02649903 -0.40241008
v 0.99999998 0.02649903 -0.49740611
v 0.70763197 0.02649903 -0.40241
v 0.52693873 0.02649903 -0.15370691
v 0.52693873 0.02649903 0.15370691
v 0.70763205 0.02649903 0.40240989
v 0.99999998 0.02649903 0.49740596
v 1.29236783 0.02649903 0.40240985
v 1.47306119 0.02649903 0.15370689
v 0.99999998 0.05659817 -0.50111789
v 0.70545027 0.05659817 -0.40541289
v 1.29454968 0.05659817 -0.40541297
v 1.42355343 0.07500001 -0.13762088
v 0.57644667 0.07500001 0.13762087
v 0.73822958 0.07500001 0.36029617
v 0.99999998 0.07500001 0.44535052
v 1.26177037 0.07500001 0.36029609
v 1.42355328 0.07500001 0.13762086
v 1.05799734 0.1616789 -0.0334848
v 1.03348478 0.1616789 -0.05799737
v 0.99999998 0.175 0
v 0.99999998 0.1616789 -0.0669696
v 0.96651518 0.1616789 -0.05799737
v 0.94200262 0.1616789 -0.0334848
v 0.93303037 0.1616789 0
v 0.94200262 0.1616789 0.0334848
v 0.96651518 0.1616789 0.05799737
v 0.99999998 0.1616789 0.0669696
v 1.03348478 0.1616789 0.05799737
v 1.05799734 0.1616789 0.0334848
v 1.06696958 0.1616789 0
v 1.20949712 0.09638572 -0.10237902
v 1.19925328 0.07001255 -0.09848095
v 1.23582578 0.06846051 -0.11049906
v 1.20617879 0.04585156 -0.10941396
v 1.22548108 0.03630509 -0.12305904
v 1.24444768 0.04585991 -0.1364067
v 1.2560365 0.06773093 -0.14073596
v 1.25314397 0.09362825 -0.13199688
v 1.23257672 0.10556311 -0.11557461
v 1.05135191 0.10184707 -0.37923209
v 1.05070715 0.0815205 -0.37878318
v 1.03879766 0.09503861 -0.370633
v 1.03700559 0.06976621 -0.36934417
v 1.0490872 0.0588048 -0.38110084
v 1.06237157 0.09340442 -0.38654758
v 1.0490872 0.0588048 -0.38110084
v 1.06264844 0.0702837 -0.38785758
v 1.06631704 0.08272428 -0.38780421
v 1.03649961 0.08323919 -0.36692989
v 1.17882718 0.10221107 0.18478002
v 1.15787893 0.09887913 0.16280504
v 1.14136342 0.10316881 0.19413398
v 1.12798749 0.09379585 0.1591315
v 1.10666288 0.08993894 0.17591125
v 1.10639684 0.08956775 0.20331499
v 1.1273451 0.09289969 0.22528997
v 1.15723653 0.09798298 0.2289635
v 1.17856115 0.10183988 0.21218376
v 1.18535566 0.02760402 0.1949995
v 1.19869344 0.03584161 0.16589578
v 1.22536611 0.03957988 0.19142416
v 1.16307882 0.02918056 0.15678362
v 1.14079671 0.02466026 0.1729437
v 1.14156659 0.02496458 0.20082313
v 1.17018094 0.030257 0.22424457
v 1.20635709 0.03585733 0.23032459
v 1.22836797 0.03921009 0.21712842
v 1.26923909 0.07903129 0.18227541
v 1.24560849 0.09481187 0.14955329
v 1.27011312 0.09809412 0.1821396
v 1.17366399 0.08309313 0.10401639
v 1.21120778 0.08861666 0.12373245
v 1.21254903 0.0701032 0.12716524
v 1.13646413 0.0573143 0.10532734
v 1.09791028 0.06990407 0.11800016
v 1.13136129 0.07546554 0.09987486
v 1.06790327 0.06402778 0.17940723
v 1.0767835 0.06547954 0.14556927
v 1.08457906 0.04787004 0.14769353
v 1.10272733 0.06920179 0.24918281
v 1.07394254 0.06422216 0.21738002
v 1.08274221 0.04676792 0.21530164
v 1.18192296 0.08234031 0.27988067
v 1.14093 0.07485449 0.26755025
v 1.1458373 0.05703052 0.26368833
v 1.22331906 0.07003876 0.27624706
v 1.25219243 0.09448965 0.27083583
v 1.22232366 0.08873549 0.2799369
v 1.28099271 0.10012963 0.21189817
v 1.2749619 0.09827375 0.24554899
v 1.27354932 0.07916441 0.24303007
v 1.06816823 0.07590339 0.26825364
v 1.04763364 0.07196777 0.29930339
v 1.00334692 0.05369534 0.24513395
v 1.07133405 0.07388839 0.23100898
v 1.05628278 0.06646267 0.19754909
v 1.02704733 0.05561596 0.17683954
v 0.99146139 0.04425462 0.17442941
v 0.95906019 0.03542291 0.1909645
v 0.9385256 0.03148729 0.22201425
v 0.93535978 0.0335023 0.25925891
v 0.95041113 0.04092801 0.29271879
v 0.97964651 0.05177472 0.31342834
v 1.01523244 0.06313607 0.31583848
v 1.03872083 0.10037116 0.29700912
v 1.05925542 0.10430679 0.26595937
v 0.99443411 0.08209873 0.24283967
v 1.06242124 0.10229177 0.22871471
v 1.0473699 0.09486606 0.19525484
v 1.01813451 0.08401935 0.17454528
v 0.98254858 0.07265801 0.17213514
v 0.95014738 0.0638263 0.18867023
v 0.92961279 0.05989068 0.21971998
v 0.92644697 0.06190568 0.25696464
v 0.94149824 0.0693314 0.29042453
v 0.9707337 0.08017812 0.31113408
v 1.00631963 0.09153946 0.31354421
v 0.97189794 0.0422361 0.35176303
v 0.96240171 0.04754723 0.38086402
v 0.91196577 0.04309189 0.34863433
v 0.96533544 0.03715428 0.32182369
v 0.94447256 0.03366343 0.29906825
v 0.9148995 0.03269893 0.289594
v 0.88454039 0.03451922 0.29593957
v 0.8615299 0.03863655 0.31640466
v 0.85203367 0.04394768 0.34550567
v 0.85859617 0.0490295 0.37544498
v 0.87945906 0.05252035 0.39820045
v 0.90903204 0.05348484 0.4076747
v 0.93939115 0.05166456 0.40132911
v 0.96297292 0.07195103 0.37659659
v 0.97246916 0.0666399 0.34749557
v 0.91253706 0.06749569 0.34436691
v 0.96590666 0.06155807 0.31755624
v 0.94504377 0.05806723 0.29480079
v 0.91547079 0.05710273 0.28532655
v 0.88511167 0.05892301 0.29167213
v 0.86210112 0.06304034 0.3121372
v 0.85260489 0.06835148 0.3412382
v 0.85916738 0.0734333 0.37117755
v 0.88003027 0.07692414 0.39393298
v 0.90960333 0.07788864 0.40340724
v 0.93996244 0.07606835 0.39706168
v 0.77020765 0.06715268 0.19820512
v 0.75425169 0.0607007 0.19577045
v 0.77147368 0.06448612 0.20667745
v 0.77048002 0.06489641 0.189493
v 0.75425169 0.0607007 0.19577045
v 0.76839056 0.05099243 0.19784568
v 0.75425169 0.0607007 0.19577045
v 0.76909201 0.0534612 0.18904064
v 0.77017592 0.05295997 0.20665634
v 0.75425169 0.0607007 0.19577045
v 0.76839056 0.05099243 0.19784568
v 0.77138601 0.05908365 0.18458822
v 0.75425169 0.0607007 0.19577045
v 0.75425169 0.0607007 0.19577045
v 0.77144789 0.05851278 0.21216836
v 0.75425169 0.0607007 0.19577045
v 0.75425169 0.0607007 0.19577045
v 0.7783 0.04462099 0.15392035
v 0.76794501 0.05287452 0.1567971
v 0.7804051 0.04699995 0.14768031
v 0.77867537 0.04538822 0.16086723
v 0.76794501 0.05287452 0.1567971
v 0.78078482 0.05688569 0.15583488
v 0.76794501 0.05287452 0.1567971
v 0.78042761 0.05404219 0.1623695
v 0.78212614 0.05579773 0.14884546
v 0.76794501 0.05287452 0.1567971
v 0.78078482 0.05688569 0.15583488
v 0.78055586 0.04895971 0.165251
v 0.76794501 0.05287452 0.1567971
v 0.76794501 0.05287452 0.1567971
v 0.78222471 0.05183709 0.14404052
v 0.76794501 0.05287452 0.1567971
v 0.76794501 0.05287452 0.1567971
v 0.83137411 0.04186207 0.11526492
v 0.8279357 0.04609329 0.10300928
v 0.83819654 0.04326839 0.11529511
v 0.82489821 0.0442948 0.11632036
v 0.8279357 0.04609329 0.10300928
v 0.83210791 0.05434339 0.11329387
v 0.8279357 0.04609329 0.10300928
v 0.82523733 0.0531283 0.11484728
v 0.83896429 0.05217129 0.11397873
v 0.8279357 0.04609329 0.10300928
v 0.83210791 0.05434339 0.11329387
v 0.82166044 0.04920175 0.11729981
v 0.8279357 0.04609329 0.10300928
v 0.8279357 0.04609329 0.10300928
v 0.84290594 0.04743276 0.11465954
v 0.8279357 0.04609329 0.10300928
v 0.8279357 0.04609329 0.10300928
v 0.92144583 0.02684743 0.26491229
v 0.92214323 0.03292917 0.27531057
v 0.915464 0.02806791 0.26351097
v 0.92739385 0.02888495 0.26478349
v 0.92214323 0.03292917 0.27531057
v 0.92075834 0.03818596 0.26459619
v 0.92214323 0.03292917 0.27531057
v 0.92704122 0.03692323 0.26461561
v 0.91480512 0.03614652 0.26330032
v 0.92214323 0.03292917 0.27531057
v 0.92075834 0.03818596 0.26459619
v 0.93052938 0.03309197 0.26373405
v 0.92214323 0.03292917 0.27531057
v 0.92214323 0.03292917 0.27531057
v 0.911322 0.031865 0.26278829
v 0.92214323 0.03292917 0.27531057
v 0.92214323 0.03292917 0.27531057
v 0.73866377 0.06092062 0.18300846
v 0.7329592 0.05531076 0.19560123
v 0.74591772 0.0583129 0.18375846
v 0.73137366 0.05931168 0.18083469
v 0.7329592 0.05531076 0.19560123
v 0.73740889 0.04697198 0.18414058
v 0.7329592 0.05531076 0.19560123
v 0.73030653 0.04945228 0.18165229
v 0.74521582 0.04835166 0.18464599
v 0.7329592 0.05531076 0.19560123
v 0.73740889 0.04697198 0.18414058
v 0.72728247 0.05449295 0.17888164
v 0.7329592 0.05531076 0.19560123
v 0.7329592 0.05531076 0.19560123
v 0.75028662 0.05295598 0.18489172
v 0.7329592 0.05531076 0.19560123
v 0.7329592 0.05531076 0.19560123
v 0.87410452 0.04320988 0.2435382
v 0.83696371 0.05437405 0.21734342
v 0.86585638 0.04801426 0.27174274
v 0.89158361 0.03502183 0.20101257
v 0.88300726 0.03226217 0.16324474
v 0.85246153 0.03484638 0.13612212
v 0.81350515 0.04079899 0.12477379
v 0.77652258 0.05203771 0.16365635
v 0.77215796 0.05712747 0.19926353
v 0.78141295 0.05928635 0.23247686
v 0.79575033 0.06027328 0.26424005
v 0.81609343 0.05885127 0.28489053
v 0.84440992 0.05378577 0.286935
v 0.92824301 0.03531503 0.16497099
v 0.92526686 0.03161927 0.15881207
v 0.92496649 0.03529798 0.16732763
v 0.93146078 0.03324847 0.16363145
v 0.92526686 0.03161927 0.15881207
v 0.92645819 0.02824915 0.16567886
v 0.92526686 0.03161927 0.15881207
v 0.93025953 0.02822283 0.16406644
v 0.9235932 0.03028607 0.16786537
v 0.92526686 0.03161927 0.15881207
v 0.92645819 0.02824915 0.16567886
v 0.93299711 0.03016205 0.16360454
v 0.92526686 0.03161927 0.15881207
v 0.92526686 0.03161927 0.15881207
v 0.92225454 0.03343043 0.16890337
v 0.92526686 0.03161927 0.15881207
v 0.92526686 0.03161927 0.15881207
v 0.74376707 0.04137118 0.01862659
v 0.74897223 0.03445225 0.01739081
v 0.75223898 0.04181717 0.020775
v 0.74706915 0.04925656 0.01909322
v 0.75223898 0.04181717 0.020775
v 0.75577849 0.05021423 0.01883363
v 0.75223898 0.04181717 0.020775
v 0.760837 0.04349098 0.01763226
v 0.75223898 0.04181717 0.020775
v 0.75744009 0.03547268 0.01663022
v 0.75223898 0.04181717 0.020775
v 0.74897223 0.03445225 0.01739081
v 0.75223898 0.04181717 0.020775
v 0.74783293 0.04575473 -0.04233236
v 0.74404959 0.05076746 -0.04145387
v 0.7506806 0.05237351 -0.04477918
v 0.74787436 0.05538717 -0.0445432
v 0.7506806 0.05237351 -0.04477918
v 0.75316282 0.05772503 -0.04336417
v 0.7506806 0.05237351 -0.04477918
v 0.75660315 0.05318895 -0.04429156
v 0.7506806 0.05237351 -0.04477918
v 0.75418989 0.04691737 -0.04357455
v 0.7506806 0.05237351 -0.04477918
v 0.74783293 0.04575473 -0.04233236
v 0.7506806 0.05237351 -0.04477918
v 0.70639723 0.04130433 -0.00944378
v 0.70697264 0.04026769 -0.00201369
v 0.70171408 0.04614859 -0.00459557
v 0.70290739 0.04831514 -0.0127593
v 0.70171408 0.04614859 -0.00459557
v 0.70028227 0.05352265 -0.00770211
v 0.70171408 0.04614859 -0.00459557
v 0.70092368 0.05236724 0.00057941
v 0.70171408 0.04614859 -0.00459557
v 0.70417227 0.04603662 0.003572
v 0.70171408 0.04614859 -0.00459557
v 0.70697264 0.04026769 -0.00201369
v 0.70171408 0.04614859 -0.00459557
v 0.74213034 0.06149116 -0.00304964
v 0.74173979 0.06219782 -0.00801566
v 0.74021521 0.06633293 -0.00476152
v 0.74198698 0.06682981 -0.00502983
v 0.74021521 0.06633293 -0.00476152
v 0.73754721 0.06855984 -0.00625185
v 0.74021521 0.06633293 -0.00476152
v 0.73722563 0.06818987 -0.00321604
v 0.74021521 0.06633293 -0.00476152
v 0.74055281 0.06362184 -0.00077063
v 0.74021521 0.06633293 -0.00476152
v 0.74213034 0.06149116 -0.00304964
v 0.74021521 0.06633293 -0.00476152
v 0.79911429 0.04465077 0.01326237
v 0.80540854 0.04180214 0.01474025
v 0.80391615 0.04835749 0.01689296
v 0.79831633 0.05151976 0.01314535
v 0.80391615 0.04835749 0.01689296
v 0.80379927 0.05562533 0.01494057
v 0.80391615 0.04835749 0.01689296
v 0.80991598 0.05285747 0.01637639
v 0.80391615 0.04835749 0.01689296
v 0.81085684 0.04584516 0.01608906
v 0.80391615 0.04835749 0.01689296
v 0.80540854 0.04180214 0.01474025
v 0.80391615 0.04835749 0.01689296
v 0.81815947 0.04794419 -0.0322862
v 0.81359617 0.05000281 -0.03337257
v 0.81837515 0.05367464 -0.03450012
v 0.81536657 0.05469576 -0.03550396
v 0.81837515 0.05367464 -0.03450012
v 0.81766974 0.05845677 -0.0336942
v 0.81837515 0.05367464 -0.03450012
v 0.82184904 0.05659746 -0.03280659
v 0.81837515 0.05367464 -0.03450012
v 0.82230414 0.05124332 -0.03184279
v 0.81837515 0.05367464 -0.03450012
v 0.81815947 0.04794419 -0.0322862
v 0.81837515 0.05367464 -0.03450012
v 0.82244238 0.03667469 -0.05919116
v 0.82547613 0.03578087 -0.06385214
v 0.82619825 0.04051559 -0.06089643
v 0.82164137 0.04179857 -0.0573182
v 0.82619825 0.04051559 -0.06089643
v 0.82418806 0.04609072 -0.0599568
v 0.82619825 0.04051559 -0.06089643
v 0.82713598 0.04522246 -0.06448638
v 0.82619825 0.04051559 -0.06089643
v 0.82768522 0.0400185 -0.06660465
v 0.82619825 0.04051559 -0.06089643
v 0.82547613 0.03578087 -0.06385214
v 0.82619825 0.04051559 -0.06089643
v 0.79349623 0.04323111 -0.08517724
v 0.79128615 0.04387405 -0.08180359
v 0.79149321 0.0476918 -0.08484926
v 0.78984602 0.04785739 -0.08277178
v 0.79149321 0.0476918 -0.08484926
v 0.79155562 0.05122641 -0.08318567
v 0.79149321 0.0476918 -0.08484926
v 0.79349791 0.05065786 -0.08630089
v 0.79149321 0.0476918 -0.08484926
v 0.79472654 0.04662791 -0.08739318
v 0.79149321 0.0476918 -0.08484926
v 0.79349623 0.04323111 -0.08517724
v 0.79149321 0.0476918 -0.08484926
v 0.79327261 0.04446199 -0.07424581
v 0.79285368 0.03928328 -0.0720703
v 0.79268225 0.04000802 -0.07764889
v 0.79130636 0.04554461 -0.07928222
v 0.79268225 0.04000802 -0.07764889
v 0.78917555 0.04130576 -0.08234195
v 0.79268225 0.04000802 -0.07764889
v 0.78876806 0.03627323 -0.08022799
v 0.79268225 0.04000802 -0.07764889
v 0.79047087 0.03522701 -0.07494824
v 0.79268225 0.04000802 -0.07764889
v 0.79285368 0.03928328 -0.0720703
v 0.79268225 0.04000802 -0.07764889
v 0.75636786 0.04782848 -0.06072386
v 0.75666418 0.05158798 -0.0622916
v 0.75306257 0.04887992 -0.06418611
v 0.75318136 0.05143994 -0.0648852
v 0.75306257 0.04887992 -0.06418611
v 0.75231276 0.04941642 -0.06798281
v 0.75306257 0.04887992 -0.06418611
v 0.7519647 0.04601411 -0.06653246
v 0.75306257 0.04887992 -0.06418611
v 0.75411314 0.04497036 -0.06289403
v 0.75306257 0.04887992 -0.06418611
v 0.75636786 0.04782848 -0.06072386
v 0.75306257 0.04887992 -0.06418611
v 0.78361464 0.04356039 -0.03101988
v 0.78326994 0.03790204 -0.03301343
v 0.78828329 0.0398338 -0.03033294
v 0.78884665 0.04613905 -0.03025787
v 0.78828329 0.0398338 -0.03033294
v 0.79384138 0.04289866 -0.03116616
v 0.78828329 0.0398338 -0.03033294
v 0.79350668 0.03740014 -0.03310376
v 0.78828329 0.0398338 -0.03033294
v 0.78816046 0.0348661 -0.03423027
v 0.78828329 0.0398338 -0.03033294
v 0.78326994 0.03790204 -0.03301343
v 0.78828329 0.0398338 -0.03033294
v 0.78705351 0.05228506 -0.07204612
v 0.78729666 0.05639207 -0.07061197
v 0.79145521 0.05479948 -0.07332579
v 0.79131918 0.05753817 -0.07260999
v 0.79145521 0.05479948 -0.07332579
v 0.79514418 0.05629698 -0.07209166
v 0.79145521 0.05479948 -0.07332579
v 0.79493147 0.05259112 -0.07348022
v 0.79145521 0.05479948 -0.07332579
v 0.79089354 0.05030122 -0.07337349
v 0.79145521 0.05479948 -0.07332579
v 0.78705351 0.05228506 -0.07204612
v 0.79145521 0.05479948 -0.07332579
v 0.8179743 0.05323481 -0.1394528
v 0.82671812 0.05324142 -0.13964962
v 0.82230513 0.04613555 -0.14217922
v 0.8136495 0.04585782 -0.13903232
v 0.82230513 0.04613555 -0.14217922
v 0.81811201 0.03831896 -0.13932851
v 0.82230513 0.04613555 -0.14217922
v 0.82660902 0.03832492 -0.13951929
v 0.82230513 0.04613555 -0.14217922
v 0.83106978 0.04587002 -0.13942345
v 0.82230513 0.04613555 -0.14217922
v 0.82671812 0.05324142 -0.13964962
v 0.82230513 0.04613555 -0.14217922
v 0.82690519 0.0487939 -0.07901888
v 0.82056585 0.0487993 -0.07885872
v 0.82378431 0.04260808 -0.07587248
v 0.81970495 0.04304383 -0.07544585
v 0.82378431 0.04260808 -0.07587248
v 0.82081297 0.03738257 -0.07668948
v 0.82378431 0.04260808 -0.07587248
v 0.82658102 0.03736744 -0.07670513
v 0.82378431 0.04260808 -0.07587248
v 0.82996946 0.04303844 -0.07812964
v 0.82378431 0.04260808 -0.07587248
v 0.82690519 0.0487939 -0.07901888
v 0.82378431 0.04260808 -0.07587248
v 0.83683981 0.04089414 -0.09267051
v 0.84122084 0.03348861 -0.09110304
v 0.84304327 0.0406904 -0.08650089
v 0.84022604 0.04846863 -0.09055828
v 0.84304327 0.0406904 -0.08650089
v 0.84790663 0.04863572 -0.08633729
v 0.84304327 0.0406904 -0.08650089
v 0.85216459 0.04143955 -0.08481431
v 0.84304327 0.0406904 -0.08650089
v 0.84895552 0.03371519 -0.08743588
v 0.84304327 0.0406904 -0.08650089
v 0.84122084 0.03348861 -0.09110304
v 0.84304327 0.0406904 -0.08650089
v 0.871705 0.04192842 -0.14302015
v 0.86852903 0.04729396 -0.14417647
v 0.87605314 0.04814141 -0.1436502
v 0.87383711 0.05140015 -0.14486786
v 0.87605314 0.04814141 -0.1436502
v 0.87800016 0.05331396 -0.14114891
v 0.87605314 0.04814141 -0.1436502
v 0.88095564 0.0484507 -0.14020794
v 0.87605314 0.04814141 -0.1436502
v 0.87789236 0.04246041 -0.1408432
v 0.87605314 0.04814141 -0.1436502
v 0.871705 0.04192842 -0.14302015
v 0.87605314 0.04814141 -0.1436502
v 0.75538069 0.0469353 -0.10286125
v 0.7567742 0.04590176 -0.09601248
v 0.754849 0.0523007 -0.09828867
v 0.75580229 0.05326911 -0.10560685
v 0.754849 0.0523007 -0.09828867
v 0.75723967 0.05874541 -0.10135423
v 0.754849 0.0523007 -0.09828867
v 0.75859427 0.05774136 -0.09469885
v 0.754849 0.0523007 -0.09828867
v 0.75857954 0.05121066 -0.09196212
v 0.754849 0.0523007 -0.09828867
v 0.7567742 0.04590176 -0.09601248
v 0.754849 0.0523007 -0.09828867
v 0.80458845 0.04386498 -0.1070326
v 0.8035906 0.04460463 -0.11200236
v 0.80720938 0.0488601 -0.10947507
v 0.80676909 0.04896339 -0.11277619
v 0.80720938 0.0488601 -0.10947507
v 0.80665533 0.05343759 -0.11113502
v 0.80720938 0.0488601 -0.10947507
v 0.80766592 0.0527608 -0.10663697
v 0.80720938 0.0488601 -0.10947507
v 0.80649458 0.04798482 -0.10426615
v 0.80720938 0.0488601 -0.10947507
v 0.80458845 0.04386498 -0.1070326
v 0.80720938 0.0488601 -0.10947507
v 0.77365378 0.0556921 -0.06680951
v 0.77959143 0.0601126 -0.06546212
v 0.77210425 0.0636873 -0.06520353
v 0.76600744 0.0588782 -0.06873433
v 0.77210425 0.0636873 -0.06520353
v 0.76548613 0.06657708 -0.06893549
v 0.77210425 0.0636873 -0.06520353
v 0.77210417 0.07150416 -0.06743368
v 0.77210425 0.0636873 -0.06520353
v 0.77905836 0.06859446 -0.06577277
v 0.77210425 0.0636873 -0.06520353
v 0.77959143 0.0601126 -0.06546212
v 0.77210425 0.0636873 -0.06520353
v 0.78637755 0.06120096 -0.10596317
v 0.78239889 0.05825703 -0.10686723
v 0.78175154 0.06364868 -0.10759104
v 0.78223501 0.06319176 -0.10932755
v 0.78175154 0.06364868 -0.10759104
v 0.77821219 0.06486045 -0.10704057
v 0.78175154 0.06364868 -0.10759104
v 0.78032202 0.06688191 -0.10608205
v 0.78175154 0.06364868 -0.10759104
v 0.78604727 0.06466383 -0.1056143
v 0.78175154 0.06364868 -0.10759104
v 0.78637755 0.06120096 -0.10596317
v 0.78175154 0.06364868 -0.10759104
v 0.71183218 0.0415342 0.00927162
v 0.71161452 0.04753822 0.00915152
v 0.71601881 0.04464194 0.00627667
v 0.71690649 0.03871545 0.00831817
v 0.71601881 0.04464194 0.00627667
v 0.72178801 0.04193207 0.00687008
v 0.71601881 0.04464194 0.00627667
v 0.7215769 0.04776661 0.00675362
v 0.71601881 0.04464194 0.00627667
v 0.71647375 0.05067729 0.0080794
v 0.71601881 0.04464194 0.00627667
v 0.71161452 0.04753822 0.00915152
v 0.71601881 0.04464194 0.00627667
v 0.7246707 0.04799317 0.04882604
v 0.72482458 0.04364005 0.04892645
v 0.72938048 0.04598767 0.04988942
v 0.72924544 0.04317893 0.05024172
v 0.72938048 0.04598767 0.04988942
v 0.73278738 0.04404993 0.04847101
v 0.72938048 0.04598767 0.04988942
v 0.73267576 0.04801152 0.04846465
v 0.72938048 0.04598767 0.04988942
v 0.72859022 0.05021788 0.0484636
v 0.72938048 0.04598767 0.04988942
v 0.7246707 0.04799317 0.04882604
v 0.72938048 0.04598767 0.04988942
v 0.74320166 0.0412336 0.04771112
v 0.73695456 0.04409441 0.04606651
v 0.74276762 0.04809962 0.04608385
v 0.74837004 0.04519921 0.0500339
v 0.74276762 0.04809962 0.04608385
v 0.74742537 0.05221055 0.05033267
v 0.74276762 0.04809962 0.04608385
v 0.74135458 0.0549909 0.04873494
v 0.74276762 0.04809962 0.04608385
v 0.7359239 0.05089944 0.04675826
v 0.74276762 0.04809962 0.04608385
v 0.73695456 0.04409441 0.04606651
v 0.74276762 0.04809962 0.04608385
v 0.72454451 0.0419266 0.09353322
v 0.72906683 0.03984342 0.0947373
v 0.72788924 0.0451635 0.09754835
v 0.7306008 0.04347653 0.09849872
v 0.72788924 0.0451635 0.09754835
v 0.73173353 0.04810355 0.09831857
v 0.72788924 0.0451635 0.09754835
v 0.72759253 0.04999473 0.097325
v 0.72788924 0.0451635 0.09754835
v 0.7238201 0.0470667 0.09467957
v 0.72788924 0.0451635 0.09754835
v 0.72454451 0.0419266 0.09353322
v 0.72788924 0.0451635 0.09754835
v 0.77040846 0.04931946 -0.00276097
v 0.76793547 0.04511064 -0.00612969
v 0.77103964 0.04359862 -0.00131324
v 0.77493246 0.04807149 0.00065756
v 0.77103964 0.04359862 -0.00131324
v 0.77680968 0.04244085 0.00098629
v 0.77103964 0.04359862 -0.00131324
v 0.77440695 0.0383507 -0.00228745
v 0.77103964 0.04359862 -0.00131324
v 0.77000639 0.03968596 -0.00605417
v 0.77103964 0.04359862 -0.00131324
v 0.76793547 0.04511064 -0.00612969
v 0.77103964 0.04359862 -0.00131324
v 0.79707731 0.05182976 -0.03450774
v 0.79887373 0.05488841 -0.0320765
v 0.80199057 0.05094901 -0.03319871
v 0.80310721 0.05316241 -0.03190334
v 0.80199057 0.05094901 -0.03319871
v 0.80466826 0.04985829 -0.03027204
v 0.80199057 0.05094901 -0.03319871
v 0.8030966 0.04708954 -0.03254476
v 0.80199057 0.05094901 -0.03319871
v 0.79910582 0.04785775 -0.03466294
v 0.80199057 0.05094901 -0.03319871
v 0.79707731 0.05182976 -0.03450774
v 0.80199057 0.05094901 -0.03319871
v 0.74582091 0.04205003 0.04069164
v 0.74489157 0.03740866 0.04556181
v 0.74284682 0.0438041 0.04654492
v 0.74601599 0.04852235 0.04219873
v 0.74284682 0.0438041 0.04654492
v 0.74486662 0.05043095 0.04863057
v 0.74284682 0.0438041 0.04654492
v 0.74396384 0.04592086 0.05336356
v 0.74284682 0.0438041 0.04654492
v 0.74416502 0.03927587 0.05190222
v 0.74284682 0.0438041 0.04654492
v 0.74489157 0.03740866 0.04556181
v 0.74284682 0.0438041 0.04654492
v 0.79114592 0.03921319 0.05482978
v 0.79183386 0.04257229 0.05129545
v 0.79341086 0.0443437 0.05669102
v 0.79413221 0.04625693 0.05422567
v 0.79341086 0.0443437 0.05669102
v 0.79268431 0.04889086 0.0576847
v 0.79341086 0.0443437 0.05669102
v 0.79215758 0.04583891 0.06092058
v 0.79341086 0.0443437 0.05669102
v 0.79115591 0.04084077 0.05967375
v 0.79341086 0.0443437 0.05669102
v 0.79114592 0.03921319 0.05482978
v 0.79341086 0.0443437 0.05669102
v 0.71926962 0.04135605 -0.03945508
v 0.72539954 0.03998655 -0.03687177
v 0.7227619 0.04620465 -0.03621813
v 0.71754813 0.04761011 -0.04091241
v 0.7227619 0.04620465 -0.03621813
v 0.72187285 0.05264307 -0.03939633
v 0.7227619 0.04620465 -0.03621813
v 0.72782996 0.05131256 -0.03688629
v 0.7227619 0.04620465 -0.03621813
v 0.72976118 0.04488233 -0.03576638
v 0.7227619 0.04620465 -0.03621813
v 0.72539954 0.03998655 -0.03687177
v 0.7227619 0.04620465 -0.03621813
v 0.74289366 0.04012792 -0.08071873
v 0.73845244 0.04111217 -0.08260438
v 0.74257384 0.04514503 -0.08382397
v 0.73973303 0.04543337 -0.08527503
v 0.74257384 0.04514503 -0.08382397
v 0.74111395 0.04961952 -0.08402274
v 0.74257384 0.04514503 -0.08382397
v 0.74519224 0.04872484 -0.08240117
v 0.74257384 0.04514503 -0.08382397
v 0.74625868 0.04396525 -0.08046511
v 0.74257384 0.04514503 -0.08382397
v 0.74289366 0.04012792 -0.08071873
v 0.74257384 0.04514503 -0.08382397
v 0.8265708 0.05110907 0.27913753
v 0.83344549 0.05127725 0.27373355
v 0.83140356 0.05836915 0.27841354
v 0.82271498 0.05838524 0.28148084
v 0.83140356 0.05836915 0.27841354
v 0.82609182 0.06601437 0.27879199
v 0.83140356 0.05836915 0.27841354
v 0.83277212 0.06617825 0.27354019
v 0.83140356 0.05836915 0.27841354
v 0.83641081 0.05872124 0.27071372
v 0.83140356 0.05836915 0.27841354
v 0.83344549 0.05127725 0.27373355
v 0.83140356 0.05836915 0.27841354
v 0.79494993 0.053909 0.22675411
v 0.78995497 0.05377637 0.23065868
v 0.79033346 0.05993635 0.22624069
v 0.78692846 0.0594093 0.22850814
v 0.79033346 0.05993635 0.22624069
v 0.78838102 0.06512563 0.22870281
v 0.79033346 0.05993635 0.22624069
v 0.792843 0.06525263 0.22504953
v 0.79033346 0.05993635 0.22624069
v 0.79655539 0.05969336 0.22405794
v 0.79033346 0.05993635 0.22624069
v 0.79494993 0.053909 0.22675411
v 0.79033346 0.05993635 0.22624069
v 0.76106138 0.03656988 0.08510076
v 0.75456183 0.03643373 0.08840912
v 0.75595938 0.04148507 0.08334444
v 0.76346029 0.0425801 0.08208252
v 0.75595938 0.04148507 0.08334444
v 0.7591123 0.04845656 0.08198814
v 0.75595938 0.04148507 0.08334444
v 0.75279639 0.04832476 0.08520334
v 0.75595938 0.04148507 0.08334444
v 0.75051153 0.04230988 0.08867424
v 0.75595938 0.04148507 0.08334444
v 0.75456183 0.03643373 0.08840912
v 0.75595938 0.04148507 0.08334444
v 0.77648031 0.05526228 0.13007325
v 0.78120032 0.05535729 0.12768913
v 0.77916258 0.06100211 0.12970273
v 0.78237555 0.06080126 0.12849001
v 0.77916258 0.06100211 0.12970273
v 0.78037825 0.06497738 0.12681846
v 0.77916258 0.06100211 0.12970273
v 0.77613074 0.06493187 0.12907682
v 0.77916258 0.06100211 0.12970273
v 0.77382887 0.06003315 0.13064913
v 0.77916258 0.06100211 0.12970273
v 0.77648031 0.05526228 0.13007325
v 0.77916258 0.06100211 0.12970273
v 0.84806799 0.04562652 0.17812557
v 0.84780844 0.04636547 0.1856088
v 0.84889967 0.0386982 0.18262115
v 0.84710203 0.0380906 0.17430465
v 0.84889967 0.0386982 0.18262115
v 0.84602842 0.03203056 0.17896385
v 0.84889967 0.0386982 0.18262115
v 0.84573912 0.03285413 0.18730459
v 0.84889967 0.0386982 0.18262115
v 0.84653151 0.03971476 0.19075275
v 0.84889967 0.0386982 0.18262115
v 0.84780844 0.04636547 0.1856088
v 0.84889967 0.0386982 0.18262115
v 0.80693251 0.04918711 0.18264741
v 0.80710295 0.04867856 0.17764486
v 0.80583006 0.04423187 0.18058076
v 0.80410765 0.04485521 0.18026048
v 0.80583006 0.04423187 0.18058076
v 0.80682432 0.04097147 0.1789438
v 0.80583006 0.04423187 0.18058076
v 0.8071443 0.04091096 0.18200164
v 0.80583006 0.04423187 0.18058076
v 0.80689535 0.04640714 0.18476699
v 0.80583006 0.04423187 0.18058076
v 0.80693251 0.04918711 0.18264741
v 0.80583006 0.04423187 0.18058076
v 0.91966032 0.04359346 0.18363845
v 0.91401808 0.04471347 0.18763347
v 0.91700033 0.03758601 0.18770469
v 0.92206732 0.03629816 0.18172874
v 0.91700033 0.03758601 0.18770469
v 0.9181735 0.03088194 0.18439863
v 0.91700033 0.03758601 0.18770469
v 0.91188467 0.03213026 0.18885147
v 0.91700033 0.03758601 0.18770469
v 0.90966558 0.03875991 0.19050979
v 0.91700033 0.03758601 0.18770469
v 0.91401808 0.04471347 0.18763347
v 0.91700033 0.03758601 0.18770469
v 0.89263204 0.04242577 0.15601781
v 0.89640242 0.04166326 0.15334678
v 0.8936199 0.03760292 0.15467904
v 0.8928507 0.03795914 0.15316989
v 0.8936199 0.03760292 0.15467904
v 0.89546102 0.03461011 0.15488323
v 0.8936199 0.03760292 0.15467904
v 0.89340826 0.03478275 0.15687055
v 0.8936199 0.03760292 0.15467904
v 0.89112051 0.03999241 0.15756172
v 0.8936199 0.03760292 0.15467904
v 0.89263204 0.04242577 0.15601781
v 0.8936199 0.03760292 0.15467904
v 0.79489378 0.03608996 0.10184398
v 0.7882984 0.04012404 0.09692671
v 0.79850325 0.03597919 0.09878204
v 0.79252379 0.03865282 0.10503975
v 0.7882984 0.04012404 0.09692671
v 0.79600935 0.04424965 0.09951007
v 0.7882984 0.04012404 0.09692671
v 0.79325361 0.04445485 0.10346501
v 0.79934721 0.041761 0.0969873
v 0.7882984 0.04012404 0.09692671
v 0.79600935 0.04424965 0.09951007
v 0.79206144 0.04234475 0.10658594
v 0.7882984 0.04012404 0.09692671
v 0.7882984 0.04012404 0.09692671
v 0.80106444 0.03803327 0.09604538
v 0.7882984 0.04012404 0.09692671
v 0.7882984 0.04012404 0.09692671
v 0.81034765 0.06961719 0.26311197
v 0.81198881 0.07548755 0.25828561
v 0.81324888 0.07025237 0.26584489
v 0.80665526 0.07064081 0.26179387
v 0.81198881 0.07548755 0.25828561
v 0.80926375 0.07646556 0.26546525
v 0.81198881 0.07548755 0.25828561
v 0.80582472 0.07550348 0.26339198
v 0.81257734 0.07514019 0.26756318
v 0.81198881 0.07548755 0.25828561
v 0.80926375 0.07646556 0.26546525
v 0.80406073 0.07287793 0.26218233
v 0.81198881 0.07548755 0.25828561
v 0.81198881 0.07548755 0.25828561
v 0.81496145 0.07253916 0.26811712
v 0.81198881 0.07548755 0.25828561
v 0.81198881 0.07548755 0.25828561
v 0.83707686 0.05451775 0.30220683
v 0.83421438 0.05048363 0.30820518
v 0.8404347 0.05236804 0.30157993
v 0.83308813 0.05483066 0.30156589
v 0.83421438 0.05048363 0.30820518
v 0.83474958 0.04767941 0.30100936
v 0.83421438 0.05048363 0.30820518
v 0.83135359 0.05001344 0.3007442
v 0.8388748 0.04745211 0.30074657
v 0.83421438 0.05048363 0.30820518
v 0.83474958 0.04767941 0.30100936
v 0.83031393 0.05320804 0.3003177
v 0.83421438 0.05048363 0.30820518
v 0.83421438 0.05048363 0.30820518
v 0.84201765 0.04912462 0.30103229
v 0.83421438 0.05048363 0.30820518
v 0.83421438 0.05048363 0.30820518
v 0.75726164 0.0512034 -0.06177828
v 0.7573564 0.0456805 -0.06237613
v 0.75286581 0.04816025 -0.06025398
v 0.75391936 0.05352846 -0.05817212
v 0.75286581 0.04816025 -0.06025398
v 0.75036993 0.0503088 -0.05533604
v 0.75286581 0.04816025 -0.06025398
v 0.75046202 0.04494177 -0.05591658
v 0.75286581 0.04816025 -0.06025398
v 0.75410811 0.04252508 -0.05936234
v 0.75286581 0.04816025 -0.06025398
v 0.7573564 0.0456805 -0.06237613
v 0.75286581 0.04816025 -0.06025398
v 0.78144842 0.04358889 -0.0322647
v 0.78139197 0.04759311 -0.03182749
v 0.77986143 0.04513894 -0.02796976
v 0.78016615 0.04772968 -0.02772309
v 0.77986143 0.04513894 -0.02796976
v 0.77701483 0.0467595 -0.02593945
v 0.77986143 0.04513894 -0.02796976
v 0.77711752 0.04311182 -0.02627235
v 0.77986143 0.04513894 -0.02796976
v 0.77921293 0.04131567 -0.02956073
v 0.77986143 0.04513894 -0.02796976
v 0.78144842 0.04358889 -0.0322647
v 0.77986143 0.04513894 -0.02796976
v 0.84268744 0.04198613 -0.05511164
v 0.84278265 0.03646318 -0.05570893
v 0.84198233 0.03971472 -0.06013669
v 0.84016851 0.04511226 -0.05878083
v 0.84198233 0.03971472 -0.06013669
v 0.83798018 0.04271198 -0.06330386
v 0.84198233 0.03971472 -0.06013669
v 0.83807226 0.03734494 -0.0638844
v 0.84198233 0.03971472 -0.06013669
v 0.84035727 0.03410889 -0.05997105
v 0.84198233 0.03971472 -0.06013669
v 0.84278265 0.03646318 -0.05570893
v 0.84198233 0.03971472 -0.06013669
v 0.80781309 0.03485107 -0.03939849
v 0.80773756 0.03885423 -0.03895442
v 0.80415236 0.03707271 -0.04164137
v 0.8040589 0.03961579 -0.04101713
v 0.80415236 0.03707271 -0.04164137
v 0.80298536 0.03926081 -0.04459134
v 0.80415236 0.03707271 -0.04164137
v 0.80297888 0.03561521 -0.04496076
v 0.80415236 0.03707271 -0.04164137
v 0.80552527 0.0332033 -0.04248503
v 0.80415236 0.03707271 -0.04164137
v 0.80781309 0.03485107 -0.03939849
v 0.80415236 0.03707271 -0.04164137
v 0.88115309 0.04145203 0.13576927
v 0.88127294 0.03589842 0.13587885
v 0.88459455 0.03867259 0.13240195
v 0.88283857 0.04415888 0.13136324
v 0.88459455 0.03867259 0.13240195
v 0.88498884 0.04128528 0.12710573
v 0.88459455 0.03867259 0.13240195
v 0.88510511 0.03588845 0.12721182
v 0.88459455 0.03867259 0.13240195
v 0.88307692 0.03309442 0.13158073
v 0.88459455 0.03867259 0.13240195
v 0.88127294 0.03589842 0.13587885
v 0.88459455 0.03867259 0.13240195
v 0.84734961 0.03555284 0.11742377
v 0.84724997 0.03957926 0.11734565
v 0.84714651 0.03749208 0.11300047
v 0.8467819 0.04008427 0.11311559
v 0.84714651 0.03749208 0.11300047
v 0.84898573 0.0393547 0.11017205
v 0.84714651 0.03749208 0.11300047
v 0.84900373 0.0356906 0.11020315
v 0.84714651 0.03749208 0.11300047
v 0.84834547 0.03357295 0.11387912
v 0.84714651 0.03749208 0.11300047
v 0.84734961 0.03555284 0.11742377
v 0.84714651 0.03749208 0.11300047
v 1.30282849 0.06421571 0.04403424
v 1.24662725 0.05385294 0.07962666
v 1.33617749 0.07002513 -0.01476449
v 1.31659772 0.06740323 -0.06484382
v 1.26514379 0.05858151 -0.07797731
v 1.21193998 0.04958412 -0.03686364
v 1.18454389 0.04386099 0.02436801
v 1.19844968 0.04553403 0.07185044
v 1.24033727 0.08885469 0.09970887
v 1.23950795 0.1028156 0.08871829
v 1.2130502 0.09840177 0.09386485
v 1.2091139 0.08398572 0.10278723
v 1.27751081 0.09594864 0.08418729
v 1.27165555 0.10870199 0.07356062
v 1.31098004 0.10141046 0.05701218
v 1.29997617 0.113629 0.04944055
v 1.33917813 0.10730411 0.02540683
v 1.32537213 0.11853033 0.02231554
v 1.35396603 0.10990045 -0.01508305
v 1.34062283 0.12141594 -0.01298599
v 1.34512692 0.10922018 -0.05249737
v 1.33480985 0.12094759 -0.04515575
v 1.32432691 0.10551092 -0.08041818
v 1.31433972 0.11757626 -0.07137934
v 1.29425199 0.10103217 -0.09777966
v 1.28603421 0.11309802 -0.08861487
v 1.25661428 0.0942332 -0.10173146
v 1.25387868 0.10746095 -0.09046519
v 1.21890981 0.08794783 -0.08164049
v 1.22123517 0.10177241 -0.07056864
v 1.19182904 0.08223415 -0.04904079
v 1.19811963 0.09723647 -0.04121902
v 1.16953649 0.0785708 -0.01191769
v 1.17826894 0.09367196 -0.00956024
v 1.15931363 0.07581441 0.02759195
v 1.16768583 0.09125624 0.0247914
v 1.16028486 0.07612697 0.05932588
v 1.1660748 0.09084137 0.05205339
v 1.17866994 0.0785167 0.0881091
v 1.18417409 0.09345691 0.07922364
v 1.2491895 0.10467412 0.00415021
v 1.14514097 0.04158276 0.27917278
v 1.11874837 0.03956983 0.25270349
v 1.11647779 0.0693406 0.25270349
v 1.14287038 0.07135354 0.27917278
v 1.08269529 0.03682011 0.24301505
v 1.08042478 0.06659088 0.24301505
v 1.04664228 0.03407039 0.25270349
v 1.0443717 0.06384116 0.25270349
v 1.02024969 0.03205745 0.27917278
v 1.0179791 0.06182822 0.27917278
v 1.01058927 0.03132066 0.3153305
v 1.00831869 0.06109144 0.3153305
v 1.02024969 0.03205745 0.35148822
v 1.0179791 0.06182822 0.35148822
v 1.04664228 0.03407039 0.37795753
v 1.0443717 0.06384116 0.37795753
v 1.08269529 0.03682011 0.38764594
v 1.08042478 0.06659088 0.38764594
v 1.11874837 0.03956983 0.37795753
v 1.11647779 0.0693406 0.37795753
v 1.14514097 0.04158276 0.35148822
v 1.14287038 0.07135354 0.35148822
v 1.15480138 0.04231955 0.3153305
v 1.1525308 0.07209032 0.3153305
v 1.14514097 0.04158276 0.27917278
v 1.14287038 0.07135354 0.27917278
v 0.74442305 0.07089016 0.26543537
v 0.73915579 0.06366421 0.26925159
v 0.75649245 0.0638065 0.29552764
v 0.76103766 0.06903703 0.29212188
v 0.76571791 0.07076326 0.24644409
v 0.75520315 0.07540193 0.25609662
v 0.7694377 0.07256152 0.28549049
v 0.77775854 0.06905233 0.2791172
v 0.782713 0.06382691 0.27639959
v 0.77139715 0.06349428 0.24354328
v 0.76935118 0.05509824 0.2853569
v 0.75538466 0.05179551 0.25652526
v 0.76625067 0.05629461 0.24633377
v 0.77806227 0.05865898 0.27876798
v 0.80683088 0.06605685 0.34156707
v 0.80843107 0.0617763 0.34352126
v 0.83603941 0.0606659 0.34649612
v 0.83377691 0.06672005 0.34911292
v 0.76190489 0.06269548 0.22042648
v 0.755632 0.07075779 0.22299049
v 0.72766913 0.062975 0.24370349
v 0.73378012 0.07105556 0.23998079
v 0.78894606 0.0625718 0.33649604
v 0.79096281 0.06576233 0.33071582
v 0.79207686 0.06702009 0.32193454
v 0.80014982 0.06583629 0.32293506
v 0.80618765 0.06268306 0.32240947
v 0.79255011 0.05892745 0.32257365
v 0.80017386 0.05981097 0.32269489
v 0.79096281 0.06576233 0.33071582
v 0.78894606 0.0625718 0.33649604
v 0.80816671 0.0603445 0.37192279
v 0.81097441 0.06645711 0.36991435
v 0.80014982 0.06583629 0.32293506
v 0.79207686 0.06702009 0.32193454
v 0.80683088 0.06605685 0.34156707
v 0.83377691 0.06672005 0.34911292
v 0.83603941 0.0606659 0.34649612
v 0.80618765 0.06268306 0.32240947
v 0.80820105 0.05768584 0.34317397
v 0.79255011 0.05892745 0.32257365
v 0.80017386 0.05981097 0.32269489
v 0.83330298 0.05455411 0.34843955
v 0.74460097 0.07493132 0.23173681
v 0.73363692 0.05489128 0.24069784
v 0.74500319 0.05077682 0.23259956
v 0.74500319 0.05077682 0.23259956
v 0.75622671 0.05467888 0.22327659
v 0.80816671 0.0603445 0.37192279
v 0.81097441 0.06645711 0.36991435
v 0.79076811 0.05974571 0.3306581
v 0.79255011 0.05892745 0.32257365
v 0.80820105 0.05768584 0.34317397
v 0.81050039 0.05429118 0.36924102
v 0.76062498 0.05864067 0.2922496
v 0.76935118 0.05509824 0.2853569
v 0.79255011 0.05892745 0.32257365
v 0.79076811 0.05974571 0.3306581
v 0.74406485 0.05646477 0.26588283
v 0.75538466 0.05179551 0.25652526
v 0.81050039 0.05429118 0.36924102
v 0.80820105 0.05768584 0.34317397
v 0.83330298 0.05455411 0.34843955
v 0.780614 0.06114595 0.0050955
v 0.79173079 0.0608204 0.01139433
v 0.77585425 0.05110462 0.00116165
v 0.78162161 0.04024031 0.00532001
v 0.79176413 0.0403869 0.01109165
v 0.79699949 0.05048739 0.0143187
v 0.79173079 0.0608204 0.01139433
v 0.77383146 0.06130531 0.01530968
v 0.78601355 0.06070091 0.02277337
v 0.76916601 0.05111389 0.01357448
v 0.77528403 0.04023908 0.01646667
v 0.78453421 0.04034616 0.02216591
v 0.79016203 0.05116583 0.02464954
v 0.78601355 0.06070091 0.02277337
v 0.76741202 0.0588723 0.02958476
v 0.77626784 0.05887277 0.03492619
v 0.76381308 0.05109417 0.02882595
v 0.76900732 0.04278886 0.02913709
v 0.77615462 0.04311677 0.03290923
v 0.77963034 0.05093463 0.03650676
v 0.77626784 0.05887277 0.03492619
v 0.79548689 0.05850709 0.04094528
v 0.80983816 0.05968037 0.02997549
v 0.7893247 0.04442603 0.04378562
v 0.79701109 0.03216228 0.03977909
v 0.80951468 0.03328185 0.03036229
v 0.81619635 0.04567956 0.02478547
v 0.80983816 0.05968037 0.02997549
v 0.80766691 0.05824805 0.0571583
v 0.82228216 0.05933877 0.04521438
v 0.8032498 0.04391893 0.06071028
v 0.80900778 0.03137916 0.05490607
v 0.82087751 0.0327668 0.04504858
v 0.82721663 0.0458677 0.03987816
v 0.82228216 0.05933877 0.04521438
v 0.82283941 0.05456437 0.07139203
v 0.83311033 0.05468485 0.06323531
v 0.81991057 0.04342015 0.0757667
v 0.82379652 0.03347264 0.07102259
v 0.83357245 0.03406526 0.06416459
v 0.83794691 0.04466989 0.05998469
v 0.83311033 0.05468485 0.06323531
v 0.86030317 0.16145235 -0.27534753
v 0.89657568 0.16699661 -0.22683326
v 0.92572416 0.16876867 -0.24280422
v 0.89352926 0.16138368 -0.29512615
v 0.91869505 0.13568041 -0.18582904
v 0.94623274 0.1338278 -0.20274192
v 0.91798078 0.08355427 -0.17048219
v 0.9499201 0.08208787 -0.18403633
v 0.89665312 0.03714786 -0.1900576
v 0.92859892 0.03595806 -0.20740783
v 0.86641134 0.01457125 -0.23348989
v 0.90028738 0.01397437 -0.25181899
v 0.86641134 0.01457125 -0.23348989
v 0.84074278 0.0456664 -0.28001193
v 0.87428091 0.04270724 -0.30170669
v 0.90028738 0.01397437 -0.25181899
v 0.8305097 0.10740024 -0.30666789
v 0.86833006 0.10544072 -0.32691718
v 0.95494634 0.16483455 -0.25850828
v 0.92702085 0.15640669 -0.31041534
v 0.97314451 0.13176386 -0.21803638
v 0.97717115 0.08153986 -0.20365535
v 0.95739897 0.03753486 -0.22550624
v 0.93369268 0.01401765 -0.26931169
v 0.90982389 0.04140876 -0.3194556
v 0.93369268 0.01401765 -0.26931169
v 0.90644865 0.10274999 -0.33725486
v 0.95751547 0.14277942 -0.31690377
v 0.98011091 0.15202072 -0.27349384
v 0.99463262 0.12442972 -0.23802774
v 0.99654958 0.08143937 -0.22684045
v 0.98400053 0.0415901 -0.24372909
v 0.96468504 0.02461284 -0.28327869
v 0.9456616 0.04675426 -0.32716384
v 0.94254461 0.09970636 -0.34219218
v 0.76769087 0.13269422 -0.19576925
v 0.78278021 0.14713415 -0.16516853
v 0.82094595 0.15324011 -0.18540546
v 0.79493734 0.14443254 -0.22293354
v 0.80212576 0.12908947 -0.13316047
v 0.84284773 0.13332035 -0.14796684
v 0.80500364 0.08804151 -0.12988509
v 0.84210676 0.08693174 -0.1455872
v 0.79342985 0.05270685 -0.14443396
v 0.82873426 0.04375514 -0.15563591
v 0.77301214 0.03895626 -0.17516416
v 0.80377691 0.03330284 -0.19358526
v 0.77301214 0.03895626 -0.17516416
v 0.76162947 0.06684985 -0.19966299
v 0.78493559 0.05971832 -0.22649335
v 0.80377691 0.03330284 -0.19358526
v 0.75719328 0.10166642 -0.20920467
v 0.77468237 0.10479317 -0.24260618
v 0.68349219 0.1289595 -0.14060234
v 0.69876067 0.13631756 -0.11511606
v 0.72256316 0.14062412 -0.13028399
v 0.71035643 0.12734332 -0.15559097
v 0.71442458 0.12343151 -0.08746027
v 0.73674483 0.12256306 -0.10481501
v 0.7212496 0.08693176 -0.07290529
v 0.73823698 0.08908015 -0.09793334
v 0.70858404 0.0562009 -0.09620465
v 0.73211264 0.06074336 -0.11442269
v 0.69246779 0.05075524 -0.1251499
v 0.71753126 0.04880437 -0.14083276
v 0.69246779 0.05075524 -0.1251499
v 0.6786489 0.06688075 -0.14845552
v 0.70606825 0.06864823 -0.16270523
v 0.71753126 0.04880437 -0.14083276
v 0.67514601 0.09963253 -0.15242313
v 0.70390028 0.09935213 -0.16622944
v 0.66627356 0.13227752 -0.09541674
v 0.64861067 0.12984468 -0.11848318
v 0.68615416 0.1205147 -0.05262207
v 0.69012343 0.08500167 -0.03125572
v 0.67749075 0.05518073 -0.06231407
v 0.69012343 0.08500167 -0.03125572
v 0.65898985 0.05712989 -0.10396286
v 0.6442684 0.06951396 -0.12459488
v 0.63431948 0.10299832 -0.13523692
v 0.86046011 0.16423526 -0.20669366
v 0.82518538 0.15751601 -0.2512749
v 0.79662916 0.10775777 -0.27811033
v 0.81007292 0.05144327 -0.25442211
v 0.83413679 0.02351201 -0.21372457
v 0.83413679 0.02351201 -0.21372457
v 0.8630451 0.04092214 -0.17381691
v 0.88119207 0.08549352 -0.15960993
v 0.88233808 0.13499862 -0.16708652
v 0.74920454 0.14563112 -0.14639414
v 0.76500555 0.12619007 -0.11707515
v 0.77093344 0.08839363 -0.11243767
v 0.76106764 0.05497211 -0.12676425
v 0.7427458 0.04366515 -0.15747134
v 0.7427458 0.04366515 -0.15747134
v 0.73230116 0.0677508 -0.18057439
v 0.7313777 0.10003387 -0.18464973
v 0.73695975 0.13051299 -0.17531309
v 0.98011091 0.15202072 -0.27349384
v 0.95751547 0.14277942 -0.31690377
v 0.99463262 0.12442972 -0.23802774
v 0.99654958 0.08143937 -0.22684045
v 0.98400053 0.0415901 -0.24372909
v 0.96468504 0.02461284 -0.28327869
v 0.9456616 0.04675426 -0.32716384
v 0.96468504 0.02461284 -0.28327869
v 0.94254461 0.09970636 -0.34219218
v 0.66532423 0.13172557 -0.13065227
v 0.65058989 0.10283508 -0.1522014
v 0.66041151 0.06649633 -0.13777149
v 0.67512694 0.05200567 -0.11479992
v 0.69023451 0.04891837 -0.08451135
v 0.7108264 0.0844652 -0.04734102
v 0.7108264 0.0844652 -0.04734102
v 0.69765524 0.12755005 -0.07510174
v 0.68244109 0.13507721 -0.1051421
v 0.68349219 0.1289595 -0.14060234
v 0.67514601 0.09963253 -0.15242313
v 0.6786489 0.06688075 -0.14845552
v 0.69246779 0.05075524 -0.1251499
v 0.70858404 0.0562009 -0.09620465
v 0.7212496 0.08693176 -0.07290529
v 0.7212496 0.08693176 -0.07290529
v 0.71442458 0.12343151 -0.08746027
v 0.69876067 0.13631756 -0.11511606
v 0.51547194 0.15072774 0.30663823
v 0.72969458 0.05570862 0.30663823
v 0.72969458 0.03051202 0.18398294
v 0.52351287 0.11129085 0.18398294
v 0.9098982 0.02866785 0.30663823
v 0.9098982 0.03143329 0.18398294
v 1.09010175 0.02915862 0.29140266
v 1.09010175 0.03590276 0.18398294
v 1.27030538 0.06402377 0.29480005
v 1.27030538 0.05668539 0.18398294
v 0.72969458 0.03266203 0.06132765
v 0.57022704 0.07343869 0.06132765
v 0.9098982 0.03064404 0.06132765
v 1.09010175 0.03093719 0.06132765
v 1.27030538 0.04775696 0.06132765
v 0.9098982 0.03064404 -0.06132765
v 0.72969458 0.03046377 -0.06132765
v 1.09010175 0.03093719 -0.06132765
v 1.27030538 0.04775556 -0.06132765
v 1.48700085 0.08990887 0.06132765
v 1.48031796 0.09209896 -0.06132765
v 0.9098982 0.03590273 -0.18398294
v 0.72969458 0.04228384 -0.18398294
v 1.09010175 0.03590272 -0.18398294
v 1.27030538 0.04374919 -0.18398294
v 1.450509 0.09963204 -0.18398294
v 0.54949095 0.09972503 -0.18398294
v 0.72969458 0.05578189 -0.29589876
v 0.57981448 0.11492225 -0.30663823
v 0.9098982 0.02980279 -0.33599281
v 1.09010175 0.02777292 -0.30663823
v 1.26949536 0.06716767 -0.30661279
v 1.45498547 0.10820379 -0.28638103
v 1.15155439 0 -0.0875
v 1.08749998 0 -0.15155444
v 1.08083944 0.06696959 -0.14001803
v 1.14001798 0.06696959 -0.08083945
v 0.99999998 0 -0.175
v 0.99999998 0.06696959 -0.1616789
v 0.91249998 0 -0.15155444
v 0.91916052 0.06696959 -0.14001803
v 0.84844557 0 -0.0875
v 0.85998198 0.06696959 -0.08083945
v 0.82499998 0 0
v 0.83832106 0.06696959 0
v 0.84844557 -0 0.0875
v 0.85998198 0.06696959 0.08083945
v 0.91249998 -0 0.15155444
v 0.91916052 0.06696959 0.14001803
v 0.99999998 -0 0.175
v 0.99999998 0.06696959 0.1616789
v 1.08749998 -0 0.15155444
v 1.08083944 0.06696959 0.14001803
v 1.15155439 -0 0.0875
v 1.14001798 0.06696959 0.08083945
v 1.17499997 0 0
v 1.1616789 0.06696959 0
v 1.06187185 0.12374368 -0.10716517
v 1.10716512 0.12374368 -0.06187184
v 0.99999998 0.12374368 -0.12374368
v 0.93812811 0.12374368 -0.10716517
v 0.89283483 0.12374368 -0.06187184
v 0.87625631 0.12374368 0
v 0.89283483 0.12374368 0.06187184
v 0.93812811 0.12374368 0.10716517
v 0.99999998 0.12374368 0.12374368
v 1.06187185 0.12374368 0.10716517
v 1.10716512 0.12374368 0.06187184
v 1.12374364 0.12374368 0
v 1.13359388 0.12583474 -0.17185787
v 1.12533895 0.07889615 -0.16202596
v 1.13873144 0.07736547 -0.1390625
v 1.15075078 0.12486096 -0.14613622
v 1.13923276 0.03810693 -0.17467681
v 1.15480146 0.03740928 -0.15399528
v 1.16804326 0.02133686 -0.20258293
v 1.18363836 0.01658672 -0.18008714
v 1.19817937 0.0372991 -0.22999929
v 1.21485723 0.03510681 -0.20625589
v 1.2178124 0.07605192 -0.24521667
v 1.23503949 0.07376858 -0.21976655
v 1.2178124 0.07605192 -0.24521667
v 1.20477201 0.12198888 -0.23315856
v 1.22455785 0.12177572 -0.20795578
v 1.23503949 0.07376858 -0.21976655
v 1.16995687 0.15219579 -0.2042398
v 1.18996556 0.14933391 -0.17645879
v 1.15579564 0.07487408 -0.11864521
v 1.1697141 0.12014246 -0.12374279
v 1.16977193 0.03587356 -0.13426014
v 1.1991612 0.01798216 -0.15820329
v 1.22897435 0.03511305 -0.18295827
v 1.25142003 0.07121342 -0.1945639
v 1.24258023 0.11830595 -0.18198728
v 1.25142003 0.07121342 -0.1945639
v 1.20725293 0.13965847 -0.15175054
v 1.19046666 0.10970538 -0.10955322
v 1.17714971 0.07245873 -0.10477947
v 1.1880354 0.03907075 -0.11870563
v 1.21307981 0.02515249 -0.13978502
v 1.24081235 0.03646268 -0.15985026
v 1.25895261 0.06872957 -0.16720478
v 1.25300702 0.10891007 -0.15588569
v 1.2223348 0.12720493 -0.13000551
v 1.09660436 0.10847746 -0.26352048
v 1.08176038 0.08362209 -0.25716957
v 1.09659223 0.08166812 -0.22563549
v 1.10658742 0.11651096 -0.23400169
v 1.08907323 0.05174205 -0.2629821
v 1.10413854 0.04484399 -0.23234691
v 1.11578031 0.04293237 -0.28029237
v 1.13349347 0.03746364 -0.25391109
v 1.14008771 0.05286734 -0.29847787
v 1.16087034 0.0441371 -0.27795574
v 1.15283346 0.08016338 -0.30767936
v 1.17241605 0.07859672 -0.28629154
v 1.15283346 0.08016338 -0.30767936
v 1.1390994 0.10496508 -0.29498094
v 1.16008008 0.11196408 -0.27622669
v 1.17241605 0.07859672 -0.28629154
v 1.11806226 0.11778231 -0.2794947
v 1.13266416 0.13297386 -0.25776828
v 1.05400945 0.10707497 -0.33191371
v 1.04556051 0.08461105 -0.32706073
v 1.05533079 0.08515167 -0.30642192
v 1.06857 0.10541513 -0.31210038
v 1.04977415 0.05786889 -0.33152206
v 1.06319044 0.05981143 -0.31340263
v 1.07100469 0.04048145 -0.34779967
v 1.08330472 0.05018942 -0.32927943
v 1.09485952 0.0573054 -0.36202666
v 1.10540227 0.06002159 -0.3405466
v 1.10293699 0.0826815 -0.36552348
v 1.11737638 0.08220423 -0.3467311
v 1.10293699 0.0826815 -0.36552348
v 1.09574079 0.10617408 -0.35981673
v 1.1080158 0.10423292 -0.33839996
v 1.11737638 0.08220423 -0.3467311
v 1.07449903 0.11461633 -0.34632766
v 1.08839109 0.11154335 -0.32514354
v 1.03135526 0.08478217 -0.35412452
v 1.03501485 0.10730334 -0.3589595
v 1.03113798 0.04633021 -0.36003989
v 1.04855245 0.02575694 -0.37960734
v 1.07440099 0.04784605 -0.39112083
v 1.04855245 0.02575694 -0.37960734
v 1.08110212 0.08365673 -0.38903686
v 1.07518133 0.10526196 -0.38630775
v 1.05363416 0.12097744 -0.37438537
v 1.10899915 0.08048457 -0.19083097
v 1.1170326 0.12422923 -0.20174476
v 1.14948491 0.14764825 -0.23282115
v 1.18275556 0.11876473 -0.25655399
v 1.19515119 0.07779939 -0.26645946
v 1.19515119 0.07779939 -0.26645946
v 1.17965055 0.04127591 -0.2532731
v 1.15149213 0.02999282 -0.2269832
v 1.12191892 0.04100089 -0.2022982
v 1.06585577 0.08520501 -0.28349555
v 1.07385297 0.05643491 -0.2912514
v 1.09894498 0.04585222 -0.30570596
v 1.12246717 0.0551658 -0.32209182
v 1.13426954 0.08187807 -0.32896899
v 1.13426954 0.08187807 -0.32896899
v 1.12286291 0.10485135 -0.31779712
v 1.10278188 0.11220763 -0.3029372
v 1.08148694 0.10764421 -0.28893787
v 1.17714971 0.07245873 -0.10477947
v 1.19046666 0.10970538 -0.10955322
v 1.1880354 0.03907075 -0.11870563
v 1.21307981 0.02515249 -0.13978502
v 1.24081235 0.03646268 -0.15985026
v 1.25895261 0.06872957 -0.16720478
v 1.25300702 0.10891007 -0.15588569
v 1.25895261 0.06872957 -0.16720478
v 1.2223348 0.12720493 -0.13000551
v 1.04312864 0.10854205 -0.34452171
v 1.06454031 0.12532366 -0.35969539
v 1.08665731 0.10676746 -0.37406993
v 1.09317815 0.0833315 -0.37842124
v 1.08992261 0.05636635 -0.37968139
v 1.06081647 0.02758623 -0.36268592
v 1.06081647 0.02758623 -0.36268592
v 1.03765043 0.05731852 -0.34340881
v 1.03788183 0.08474901 -0.34033172
v 1.05400945 0.10707497 -0.33191371
v 1.07449903 0.11461633 -0.34632766
v 1.09574079 0.10617408 -0.35981673
v 1.10293699 0.0826815 -0.36552348
v 1.09485952 0.0573054 -0.36202666
v 1.07100469 0.04048145 -0.34779967
v 1.07100469 0.04048145 -0.34779967
v 1.04977415 0.05786889 -0.33152206
v 1.04556051 0.08461105 -0.32706073
v 1.20887853 0.05206859 0.14037994
v 1.25736753 0.05953721 0.18648656
v 1.14438062 0.04060672 0.12272072
v 1.10169134 0.03304698 0.15463709
v 1.10249769 0.03239342 0.20845848
v 1.15527089 0.04156693 0.25008499
v 1.22074948 0.05236629 0.26142249
v 1.26243108 0.0596727 0.23573181
v 1.27011312 0.09809412 0.1821396
v 1.25677342 0.10976054 0.18366758
v 1.26846753 0.11165927 0.20827701
v 1.28099271 0.10012963 0.21189817
v 1.24560849 0.09481187 0.14955329
v 1.23398854 0.10637401 0.15596821
v 1.21120778 0.08861666 0.12373245
v 1.20374311 0.10122601 0.13436221
v 1.17366399 0.08309313 0.10401639
v 1.1712927 0.09609768 0.11632286
v 1.13136129 0.07546554 0.09987486
v 1.13375387 0.08958026 0.11036747
v 1.09791028 0.06990407 0.11800016
v 1.10457235 0.08455695 0.12422788
v 1.0767835 0.06547954 0.14556927
v 1.08491086 0.08069475 0.1509968
v 1.06790327 0.06402778 0.17940723
v 1.07576032 0.07891564 0.18311264
v 1.07394254 0.06422216 0.21738002
v 1.0823319 0.07951852 0.21513801
v 1.10272733 0.06920179 0.24918281
v 1.10968503 0.08403694 0.24206792
v 1.14093 0.07485449 0.26755025
v 1.14366597 0.08946176 0.25730512
v 1.18192296 0.08234031 0.27988067
v 1.17890714 0.0955874 0.26868793
v 1.22232366 0.08873549 0.2799369
v 1.21441121 0.10146475 0.27035842
v 1.25219243 0.09448965 0.27083583
v 1.24076055 0.10623338 0.26497728
v 1.2749619 0.09827375 0.24554899
v 1.26201062 0.1100048 0.24034282
v 1.17387815 0.09459161 0.19580122
v 1.04763364 0.07196777 0.29930339
v 1.06816823 0.07590339 0.26825364
v 1.05925542 0.10430679 0.26595937
v 1.03872083 0.10037116 0.29700912
v 1.07133405 0.07388839 0.23100898
v 1.06242124 0.10229177 0.22871471
v 1.05628278 0.06646267 0.19754909
v 1.0473699 0.09486606 0.19525484
v 1.02704733 0.05561596 0.17683954
v 1.01813451 0.08401935 0.17454528
v 0.99146139 0.04425462 0.17442941
v 0.98254858 0.07265801 0.17213514
v 0.95906019 0.03542291 0.1909645
v 0.95014738 0.0638263 0.18867023
v 0.9385256 0.03148729 0.22201425
v 0.92961279 0.05989068 0.21971998
v 0.93535978 0.0335023 0.25925891
v 0.92644697 0.06190568 0.25696464
v 0.95041113 0.04092801 0.29271879
v 0.94149824 0.0693314 0.29042453
v 0.97964651 0.05177472 0.31342834
v 0.9707337 0.08017812 0.31113408
v 1.01523244 0.06313607 0.31583848
v 1.00631963 0.09153946 0.31354421
v 1.04763364 0.07196777 0.29930339
v 1.03872083 0.10037116 0.29700912
v 0.96240171 0.04754723 0.38086402
v 0.97189794 0.0422361 0.35176303
v 0.97246916 0.0666399 0.34749557
v 0.96297292 0.07195103 0.37659659
v 0.96533544 0.03715428 0.32182369
v 0.96590666 0.06155807 0.31755624
v 0.94447256 0.03366343 0.29906825
v 0.94504377 0.05806723 0.29480079
v 0.9148995 0.03269893 0.289594
v 0.91547079 0.05710273 0.28532655
v 0.88454039 0.03451922 0.29593957
v 0.88511167 0.05892301 0.29167213
v 0.8615299 0.03863655 0.31640466
v 0.86210112 0.06304034 0.3121372
v 0.85203367 0.04394768 0.34550567
v 0.85260489 0.06835148 0.3412382
v 0.85859617 0.0490295 0.37544498
v 0.85916738 0.0734333 0.37117755
v 0.87945906 0.05252035 0.39820045
v 0.88003027 0.07692414 0.39393298
v 0.90903204 0.05348484 0.4076747
v 0.90960333 0.07788864 0.40340724
v 0.93939115 0.05166456 0.40132911
v 0.93996244 0.07606835 0.39706168
v 0.96240171 0.04754723 0.38086402
v 0.96297292 0.07195103 0.37659659
v 0.81154234 0.05880157 0.22161159
v 0.80957365 0.05265753 0.22659542
v 0.83240912 0.04856112 0.23338897
v 0.8345883 0.05299094 0.2291975
v 0.81285399 0.05989086 0.19771688
v 0.81324133 0.06308589 0.20996206
v 0.83764372 0.05614668 0.22083099
v 0.8397296 0.05347126 0.21218994
v 0.84106436 0.0491511 0.20757434
v 0.81328756 0.05392897 0.19220403
v 0.83531057 0.04172206 0.21972379
v 0.81046454 0.04349292 0.20894905
v 0.81107199 0.0479047 0.19661819
v 0.83840261 0.04489618 0.21115816
v 0.88451269 0.04133872 0.24894206
v 0.88569349 0.03744606 0.24982976
v 0.90902723 0.03340178 0.24777547
v 0.90821272 0.03839336 0.25072647
v 0.79106604 0.05690475 0.1854219
v 0.79099074 0.06356145 0.19126648
v 0.78951147 0.05589522 0.22012342
v 0.79137152 0.06273226 0.21448997
v 0.86903311 0.04056114 0.24951559
v 0.86946211 0.04364414 0.24470556
v 0.86790884 0.04555644 0.2377036
v 0.87434912 0.0437773 0.23586578
v 0.87861189 0.04069207 0.23347728
v 0.86750326 0.03874978 0.23746404
v 0.87357061 0.03881673 0.2352317
v 0.86946211 0.04364414 0.24470556
v 0.86903311 0.04056114 0.24951559
v 0.88913809 0.03360862 0.27240438
v 0.89188597 0.03856687 0.27083026
v 0.87434912 0.0437773 0.23586578
v 0.86790884 0.04555644 0.2377036
v 0.88451269 0.04133872 0.24894206
v 0.90821272 0.03839336 0.25072647
v 0.90902723 0.03340178 0.24777547
v 0.87861189 0.04069207 0.23347728
v 0.88496275 0.03411858 0.24929626
v 0.86750326 0.03874978 0.23746404
v 0.87357061 0.03881673 0.2352317
v 0.90627897 0.02844618 0.24924837
v 0.79210302 0.06643689 0.20326271
v 0.78962935 0.04927935 0.21435304
v 0.78955526 0.04632327 0.20253822
v 0.78955526 0.04632327 0.20253822
v 0.78915556 0.05018999 0.19042175
v 0.88913809 0.03360862 0.27240438
v 0.89188597 0.03856687 0.27083026
v 0.86858953 0.03868888 0.24429256
v 0.86750326 0.03874978 0.23746404
v 0.88496275 0.03411858 0.24929626
v 0.8900633 0.02861115 0.269442
v 0.83309439 0.0444027 0.22886774
v 0.83531057 0.04172206 0.21972379
v 0.86750326 0.03874978 0.23746404
v 0.86858953 0.03868888 0.24429256
v 0.80974989 0.04683466 0.22138685
v 0.81046454 0.04349292 0.20894905
v 0.8900633 0.02861115 0.269442
v 0.88496275 0.03411858 0.24929626
v 0.90627897 0.02844618 0.24924837
v 0.81487364 0.04088082 0.14209491
v 0.81630804 0.04592955 0.13852965
v 0.8363661 0.04208947 0.140676
v 0.83514151 0.0384344 0.1439234
v 0.80983671 0.03942601 0.1599736
v 0.81202795 0.03721936 0.15068508
v 0.83331411 0.03563681 0.15047648
v 0.83237219 0.03732129 0.15742959
v 0.83279554 0.0402538 0.16148664
v 0.81051031 0.04352423 0.16471933
v 0.83511557 0.04682278 0.15177309
v 0.8147325 0.05227168 0.15264663
v 0.81143499 0.04860042 0.16154451
v 0.83341559 0.04394375 0.15849098
v 0.87683851 0.03150797 0.15563245
v 0.87894995 0.03390095 0.15620309
v 0.88869627 0.03145244 0.17121061
v 0.88871702 0.02759934 0.16879337
v 0.79438063 0.04619944 0.16609512
v 0.79332693 0.041734 0.16098299
v 0.79833098 0.04923332 0.13951697
v 0.79712668 0.04347578 0.14339535
v 0.86925222 0.036116 0.14708999
v 0.86615026 0.03432099 0.14980539
v 0.86129957 0.03408242 0.15301803
v 0.86432211 0.03387796 0.15743881
v 0.86614401 0.03527681 0.16126825
v 0.86276899 0.03915071 0.15360992
v 0.86493017 0.03773909 0.15790084
v 0.86615026 0.03432099 0.14980539
v 0.86925222 0.036116 0.14708999
v 0.89523069 0.03225993 0.14746861
v 0.89411245 0.02824309 0.14938332
v 0.86432211 0.03387796 0.15743881
v 0.86129957 0.03408242 0.15301803
v 0.87683851 0.03150797 0.15563245
v 0.88871702 0.02759934 0.16879337
v 0.88869627 0.03145244 0.17121061
v 0.86614401 0.03527681 0.16126825
v 0.87920439 0.03656516 0.15640994
v 0.86276899 0.03915071 0.15360992
v 0.86493017 0.03773909 0.15790084
v 0.88984991 0.03544958 0.16937215
v 0.79496664 0.04004822 0.15168977
v 0.79901549 0.05381584 0.14457824
v 0.79790892 0.05540224 0.15388921
v 0.79790892 0.05540224 0.15388921
v 0.7952516 0.05190482 0.1627341
v 0.89523069 0.03225993 0.14746861
v 0.89411245 0.02824309 0.14938332
v 0.8667803 0.03819273 0.15008175
v 0.86276899 0.03915071 0.15360992
v 0.87920439 0.03656516 0.15640994
v 0.89514593 0.03612706 0.14993589
v 0.83620451 0.04513274 0.14442009
v 0.83511557 0.04682278 0.15177309
v 0.86276899 0.03915071 0.15360992
v 0.8667803 0.03819273 0.15008175
v 0.81645887 0.05014394 0.1429557
v 0.8147325 0.05227168 0.15264663
v 0.89514593 0.03612706 0.14993589
v 0.87920439 0.03656516 0.15640994
v 0.88984991 0.03544958 0.16937215
v 0.85165457 0.04335364 0.14613063
v 0.85641676 0.04749897 0.14551643
v 0.86086958 0.04504708 0.16452333
v 0.85672964 0.04220618 0.1649637
v 0.83324797 0.04573372 0.14719359
v 0.84211393 0.04159939 0.14688185
v 0.84957548 0.04092972 0.16609581
v 0.84332693 0.04412109 0.16779544
v 0.84046408 0.04788247 0.16950321
v 0.82984022 0.05093233 0.14831181
v 0.85144255 0.05210684 0.16737838
v 0.84415457 0.05687721 0.14728357
v 0.83405943 0.05515384 0.1472553
v 0.84415304 0.05081504 0.16861068
v 0.86493025 0.03650017 0.20718286
v 0.865986 0.03884767 0.20915702
v 0.85909582 0.03797334 0.22615142
v 0.86049086 0.03382296 0.22490192
v 0.82396536 0.05088561 0.13191864
v 0.82775656 0.04518417 0.13125482
v 0.8507176 0.04811536 0.12897229
v 0.84567389 0.04337103 0.13026833
v 0.86886358 0.03992094 0.19611877
v 0.86470297 0.03873774 0.19495128
v 0.8595262 0.03924852 0.19237148
v 0.85723967 0.03971654 0.19722072
v 0.85517149 0.04167719 0.20068325
v 0.86063009 0.04428516 0.19364072
v 0.85781233 0.04357663 0.19774822
v 0.86470297 0.03873774 0.19495128
v 0.86886358 0.03992094 0.19611877
v 0.88196356 0.0351728 0.21741909
v 0.87919889 0.03153186 0.21775802
v 0.85723967 0.03971654 0.19722072
v 0.8595262 0.03924852 0.19237148
v 0.86493025 0.03650017 0.20718286
v 0.86049086 0.03382296 0.22490192
v 0.85909582 0.03797334 0.22615142
v 0.85517149 0.04167719 0.20068325
v 0.86637274 0.04149701 0.20935838
v 0.86063009 0.04428516 0.19364072
v 0.85781233 0.04357663 0.19774822
v 0.86180212 0.04162144 0.22583478
v 0.83667532 0.04169904 0.13120914
v 0.84701307 0.05383402 0.12964376
v 0.8381922 0.05737932 0.13019256
v 0.8381922 0.05737932 0.13019256
v 0.82839788 0.05563474 0.13035248
v 0.88196356 0.0351728 0.21741909
v 0.87919889 0.03153186 0.21775802
v 0.86545103 0.0425681 0.19542367
v 0.86063009 0.04428516 0.19364072
v 0.86637274 0.04149701 0.20935838
v 0.88051016 0.03933033 0.21869089
v 0.85809759 0.04882721 0.16564266
v 0.85144255 0.05210684 0.16737838
v 0.86063009 0.04428516 0.19364072
v 0.86545103 0.0425681 0.19542367
v 0.85325819 0.05264009 0.14639704
v 0.84415457 0.05687721 0.14728357
v 0.88051016 0.03933033 0.21869089
v 0.86637274 0.04149701 0.20935838
v 0.86180212 0.04162144 0.22583478
v 0.90639105 0.02726966 0.23493421
v 0.90246923 0.03134963 0.23558126
v 0.89836233 0.03157133 0.21924655
v 0.90165258 0.02862596 0.21825881
v 0.92311018 0.02799627 0.23485296
v 0.9148197 0.02494874 0.23452039
v 0.90779364 0.02678387 0.21668132
v 0.91369245 0.02906188 0.21524122
v 0.91665342 0.03224904 0.21404033
v 0.92658506 0.03242468 0.23413213
v 0.90750082 0.03701439 0.21699289
v 0.91419462 0.03877811 0.23460765
v 0.9230586 0.0364878 0.2349464
v 0.91377622 0.035161 0.21537975
v 0.88895147 0.03076962 0.18205179
v 0.88807318 0.03328037 0.1808704
v 0.88997702 0.03435282 0.16435871
v 0.88831404 0.03073117 0.16527423
v 0.93061025 0.03277164 0.24994754
v 0.92692983 0.02783434 0.25048362
v 0.90637045 0.03144888 0.2498883
v 0.91075735 0.02691639 0.24941789
v 0.88794294 0.03257266 0.1927181
v 0.89152761 0.03079828 0.1928223
v 0.89647421 0.03016845 0.19426673
v 0.89785139 0.03099201 0.18969204
v 0.89942808 0.03294883 0.18652458
v 0.89612112 0.03491254 0.19395111
v 0.89788946 0.03452572 0.18980766
v 0.89152761 0.03079828 0.1928223
v 0.88794294 0.03257266 0.1927181
v 0.87221296 0.03372054 0.17752666
v 0.87379423 0.03021411 0.1760642
v 0.89785139 0.03099201 0.18969204
v 0.89647421 0.03016845 0.19426673
v 0.88895147 0.03076962 0.18205179
v 0.88831404 0.03073117 0.16527423
v 0.88997702 0.03435282 0.16435871
v 0.89942808 0.03294883 0.18652458
v 0.88815908 0.0356777 0.18110685
v 0.89612112 0.03491254 0.19395111
v 0.89788946 0.03452572 0.18980766
v 0.88845259 0.03786113 0.16580345
v 0.91880567 0.02500577 0.24962163
v 0.91000311 0.03637158 0.24935827
v 0.91804289 0.03915768 0.24945993
v 0.91804289 0.03915768 0.24945993
v 0.92667349 0.03726906 0.25045059
v 0.87221296 0.03372054 0.17752666
v 0.87379423 0.03021411 0.1760642
v 0.89141394 0.03432097 0.19300722
v 0.89612112 0.03491254 0.19395111
v 0.88815908 0.0356777 0.18110685
v 0.87390661 0.03734364 0.17655813
v 0.90124952 0.03470658 0.21852365
v 0.90750082 0.03701439 0.21699289
v 0.89612112 0.03491254 0.19395111
v 0.89141394 0.03432097 0.19300722
v 0.90573332 0.03570582 0.23507335
v 0.91419462 0.03877811 0.23460765
v 0.87390661 0.03734364 0.17655813
v 0.88815908 0.0356777 0.18110685
v 0.88845259 0.03786113 0.16580345
v 0.76690474 0.05329528 0.15359803
v 0.77047163 0.04784908 0.1562848
v 0.78107779 0.04431776 0.13871158
v 0.77815329 0.04823381 0.13598832
v 0.74727011 0.05490196 0.14726879
v 0.7576544 0.05731412 0.14967557
v 0.7718997 0.05113899 0.13161812
v 0.76509085 0.04901763 0.12795214
v 0.761453 0.04538899 0.12577565
v 0.74262251 0.04991795 0.14559707
v 0.77017119 0.03869916 0.1332155
v 0.75570524 0.04040983 0.15153003
v 0.74567099 0.04457857 0.14832872
v 0.76377562 0.04163243 0.12875153
v 0.80554793 0.03785743 0.0985759
v 0.80651617 0.0344799 0.09779794
v 0.81000349 0.03078504 0.0778407
v 0.81231093 0.03509043 0.07914489
v 0.73218893 0.05266108 0.16265472
v 0.7372402 0.05820349 0.16413171
v 0.76077078 0.05063061 0.17159393
v 0.75668402 0.05672561 0.16888897
v 0.8025588 0.03724097 0.11165804
v 0.79867506 0.0399534 0.110232
v 0.79250151 0.04169447 0.10998819
v 0.79237456 0.04015758 0.10419571
v 0.79129347 0.03749985 0.10010177
v 0.79211859 0.0358188 0.11027162
v 0.79161207 0.03588291 0.10470426
v 0.79867506 0.0399534 0.110232
v 0.8025588 0.03724097 0.11165804
v 0.82615149 0.03102744 0.09991578
v 0.82550024 0.03529321 0.09721987
v 0.79237456 0.04015758 0.10419571
v 0.79250151 0.04169447 0.10998819
v 0.80554793 0.03785743 0.0985759
v 0.81231093 0.03509043 0.07914489
v 0.81000349 0.03078504 0.0778407
v 0.79129347 0.03749985 0.10010177
v 0.80587202 0.03161448 0.09830547
v 0.79211859 0.0358188 0.11027162
v 0.79161207 0.03588291 0.10470426
v 0.81059439 0.02652259 0.08049459
v 0.74757803 0.06028839 0.16587907
v 0.75577582 0.04509981 0.17014045
v 0.74581709 0.04293074 0.16752901
v 0.74581709 0.04293074 0.16752901
v 0.73574492 0.04668144 0.16522411
v 0.82615149 0.03102744 0.09991578
v 0.82550024 0.03529321 0.09721987
v 0.798067 0.03568064 0.11087785
v 0.79211859 0.0358188 0.11027162
v 0.80587202 0.03161448 0.09830547
v 0.82382696 0.02671626 0.09853804
v 0.77736487 0.04081866 0.1371176
v 0.77017119 0.03869916 0.1332155
v 0.79211859 0.0358188 0.11027162
v 0.798067 0.03568064 0.11087785
v 0.76600775 0.04295587 0.15493436
v 0.75570524 0.04040983 0.15153003
v 0.82382696 0.02671626 0.09853804
v 0.80587202 0.03161448 0.09830547
v 0.81059439 0.02652259 0.08049459
v 0.92693975 0.0363572 0.18652313
v 0.92397711 0.03431277 0.18723974
v 0.92564321 0.0343494 0.19796461
v 0.92817808 0.03575365 0.19764223
v 0.9365605 0.03370747 0.18243717
v 0.93223013 0.03670742 0.18460182
v 0.93237051 0.03607585 0.19699522
v 0.93585584 0.0338351 0.19645378
v 0.93746061 0.03141119 0.19652872
v 0.93818296 0.03044429 0.18213762
v 0.93080114 0.02967077 0.19719821
v 0.93005903 0.02807184 0.18513147
v 0.93541006 0.0283624 0.18265611
v 0.93508184 0.0299817 0.19653862
v 0.92957144 0.03526435 0.22236005
v 0.92903257 0.03377022 0.22335708
v 0.93411817 0.03247928 0.2327189
v 0.93339338 0.03500079 0.23247724
v 0.93652563 0.03004833 0.17175884
v 0.93489576 0.0336552 0.1722035
v 0.92265623 0.03405585 0.17777959
v 0.92590292 0.03632858 0.17682857
v 0.92609205 0.03449568 0.21633434
v 0.92837385 0.03514723 0.21532661
v 0.93096304 0.03492841 0.21321994
v 0.93279669 0.03412754 0.21561868
v 0.93424848 0.03261717 0.21716732
v 0.93022405 0.03197653 0.21364126
v 0.93233335 0.03189711 0.21564945
v 0.92837385 0.03514723 0.21532661
v 0.92609205 0.03449568 0.21633434
v 0.92061376 0.03549601 0.22929868
v 0.92234861 0.03746734 0.22966573
v 0.93279669 0.03412754 0.21561868
v 0.93096304 0.03492841 0.21321994
v 0.92957144 0.03526435 0.22236005
v 0.93339338 0.03500079 0.23247724
v 0.93411817 0.03247928 0.2327189
v 0.93424848 0.03261717 0.21716732
v 0.92871366 0.03225269 0.22326923
v 0.93022405 0.03197653 0.21364126
v 0.93233335 0.03189711 0.21564945
v 0.9324204 0.03049893 0.23234832
v 0.93076567 0.03648359 0.17464782
v 0.92425878 0.03046457 0.17734277
v 0.92853514 0.02765718 0.17536947
v 0.92853514 0.02765718 0.17536947
v 0.93353628 0.02773946 0.17257751
v 0.92061376 0.03549601 0.22929868
v 0.92234861 0.03746734 0.22966573
v 0.92780668 0.03294516 0.21535362
v 0.93022405 0.03197653 0.21364126
v 0.92871366 0.03225269 0.22326923
v 0.9213693 0.03296839 0.22956422
v 0.92709257 0.03197849 0.19777256
v 0.93080114 0.02967077 0.19719821
v 0.93022405 0.03197653 0.21364126
v 0.92780668 0.03294516 0.21535362
v 0.92543363 0.03112745 0.18686397
v 0.93005903 0.02807184 0.18513147
v 0.9213693 0.03296839 0.22956422
v 0.92871366 0.03225269 0.22326923
v 0.9324204 0.03049893 0.23234832
v 0.7356925 0.04331756 0.00784272
v 0.74577849 0.02855369 0.00501882
v 0.74287802 0.05688153 0.01079286
v 0.75766623 0.05796551 0.00841245
v 0.76631705 0.04512506 0.00585171
v 0.76185362 0.03071589 0.00447233
v 0.74577849 0.02855369 0.00501882
v 0.73439581 0.04648265 -0.01214684
v 0.7450778 0.03105935 -0.01448563
v 0.74224699 0.05968704 -0.01094052
v 0.75716391 0.06091401 -0.01067716
v 0.76550978 0.0479886 -0.01248444
v 0.76016684 0.03356839 -0.01392029
v 0.7450778 0.03105935 -0.01448563
v 0.73796889 0.04899741 -0.03281768
v 0.74588507 0.03869301 -0.03460373
v 0.74361387 0.05994047 -0.03335914
v 0.75520483 0.06119451 -0.03256129
v 0.76197729 0.05162346 -0.03490271
v 0.75731528 0.04035636 -0.03552212
v 0.74588507 0.03869301 -0.03460373
v 0.71365027 0.04188166 -0.01243832
v 0.71425131 0.0402872 0.00022902
v 0.70773047 0.05105816 -0.0168775
v 0.70384627 0.05987658 -0.00817486
v 0.70461821 0.05804218 0.00332484
v 0.70981589 0.04841151 0.00780562
v 0.71425131 0.0402872 0.00022902
v 0.72451491 0.04752518 -0.01312091
v 0.72550917 0.0461796 0.00108037
v 0.72024939 0.05752455 -0.01635517
v 0.71521185 0.06580972 -0.0079865
v 0.71625204 0.06430357 0.00272369
v 0.72103339 0.05365919 0.00705291
v 0.72550917 0.0461796 0.00108037
v 0.73729956 0.05664559 -0.01105244
v 0.73815672 0.05525503 -0.00084031
v 0.7345114 0.06447727 -0.01327019
v 0.72894408 0.06999319 -0.00738508
v 0.72935499 0.06840682 0.00053541
v 0.73448065 0.06152051 0.00406368
v 0.73815672 0.05525503 -0.00084031
v 0.79625418 0.04258809 0.00284747
v 0.80906576 0.03610236 0.00560884
v 0.79524382 0.05504706 0.00463191
v 0.80531973 0.06159179 0.00630976
v 0.81641302 0.05590078 0.00860277
v 0.8190634 0.04395664 0.0088076
v 0.80906576 0.03610236 0.00560884
v 0.80014013 0.04384735 -0.01301758
v 0.81344015 0.03714338 -0.00963739
v 0.80021208 0.05627563 -0.01232195
v 0.80954344 0.06303256 -0.00864764
v 0.82024427 0.05717869 -0.00584938
v 0.82233435 0.04487838 -0.00590196
v 0.81344015 0.03714338 -0.00963739
v 0.80767683 0.04655448 -0.02808927
v 0.81714323 0.04237801 -0.02580691
v 0.80762098 0.05647898 -0.02888398
v 0.81458891 0.06195477 -0.02563171
v 0.82319914 0.05783084 -0.02416799
v 0.82436247 0.04803931 -0.02395132
v 0.81714323 0.04237801 -0.02580691
v 0.81404631 0.03451332 -0.06048892
v 0.82008711 0.03216512 -0.07017946
v 0.81420111 0.04389387 -0.05683948
v 0.81774519 0.05101442 -0.06234246
v 0.82290815 0.04892349 -0.07077569
v 0.8246485 0.04027507 -0.07494059
v 0.82008711 0.03216512 -0.07017946
v 0.80320189 0.0363149 -0.0675418
v 0.80985342 0.03389862 -0.07745045
v 0.80284468 0.04589765 -0.06498584
v 0.80765661 0.05302402 -0.06934556
v 0.81310011 0.0507256 -0.07738469
v 0.81452047 0.04168751 -0.08128866
v 0.80985342 0.03389862 -0.07745045
v 0.79384619 0.0399851 -0.07671499
v 0.79844565 0.03872373 -0.08368718
v 0.79252394 0.04761629 -0.07497559
v 0.79646505 0.05326806 -0.07800332
v 0.80021582 0.05187148 -0.08458172
v 0.80140181 0.04457282 -0.08725608
v 0.79844565 0.03872373 -0.08368718
v 0.7883222 0.05012919 -0.06974858
v 0.78753027 0.03963029 -0.06474283
v 0.78587034 0.05105755 -0.07946782
v 0.78123915 0.04378855 -0.08385643
v 0.78051489 0.03472822 -0.07943674
v 0.78348066 0.03195377 -0.07056672
v 0.78753027 0.03963029 -0.06474283
v 0.7764205 0.05324911 -0.06536599
v 0.77591635 0.042165 -0.06035083
v 0.77289564 0.05380773 -0.07462627
v 0.76973654 0.04635223 -0.07985913
v 0.76952688 0.03737369 -0.07551364
v 0.77264319 0.03506372 -0.06635401
v 0.77591635 0.042165 -0.06035083
v 0.76325186 0.05360371 -0.06195897
v 0.76262556 0.04580078 -0.05878418
v 0.7596179 0.05462126 -0.06894236
v 0.75744642 0.04889882 -0.07332189
v 0.75658995 0.04200189 -0.07000634
v 0.75941527 0.04042221 -0.06284035
v 0.76262556 0.04580078 -0.05878418
v 0.78012411 0.04951469 -0.03733077
v 0.77885046 0.03790785 -0.04161381
v 0.78993681 0.05300911 -0.03471616
v 0.79815725 0.04748873 -0.03761732
v 0.79698477 0.03746059 -0.04140142
v 0.78824354 0.03213969 -0.04329759
v 0.77885046 0.03790785 -0.04161381
v 0.7806362 0.05440596 -0.05036796
v 0.77938841 0.04213527 -0.05444436
v 0.79062079 0.05766183 -0.04902585
v 0.79899984 0.05180299 -0.05014449
v 0.79763754 0.04176133 -0.05340034
v 0.78842894 0.03682308 -0.05525221
v 0.77938841 0.04213527 -0.05444436
v 0.78341002 0.05694553 -0.06438859
v 0.7829833 0.04844013 -0.06733652
v 0.79121618 0.06022461 -0.06423281
v 0.79786642 0.05574728 -0.06467343
v 0.79715819 0.04819046 -0.06781626
v 0.78971251 0.04447518 -0.06887851
v 0.7829833 0.04844013 -0.06733652
v 0.8134075 0.05878694 -0.12789443
v 0.83148924 0.05962274 -0.12804901
v 0.80651144 0.04484177 -0.12940855
v 0.81483282 0.03241145 -0.12807707
v 0.83050406 0.03323783 -0.12809861
v 0.83942625 0.04547317 -0.12847212
v 0.83148924 0.05962274 -0.12804901
v 0.81341292 0.05840111 -0.10761801
v 0.83228888 0.05914332 -0.10839389
v 0.8074806 0.04417969 -0.10751719
v 0.81533362 0.03149828 -0.10878265
v 0.83076742 0.03260181 -0.10953542
v 0.83918501 0.04554915 -0.10978505
v 0.83228888 0.05914332 -0.10839389
v 0.81693518 0.0545229 -0.0871503
v 0.83004591 0.05440007 -0.08751009
v 0.81175894 0.04346301 -0.08547836
v 0.81752722 0.03341504 -0.08700316
v 0.82947165 0.03378164 -0.0866182
v 0.83567694 0.04427618 -0.08727015
v 0.83004591 0.05440007 -0.08751009
v 0.83560179 0.04302254 -0.10605763
v 0.84417151 0.02730188 -0.10339438
v 0.84162458 0.0560226 -0.0998094
v 0.85559584 0.0556726 -0.09431261
v 0.86299856 0.04200567 -0.0921482
v 0.85842207 0.02799956 -0.09566006
v 0.84417151 0.02730188 -0.10339438
v 0.84495924 0.04531391 -0.12390335
v 0.85372595 0.0289079 -0.12052113
v 0.85240034 0.05781231 -0.118817
v 0.86515417 0.05772178 -0.11097987
v 0.87190504 0.04403403 -0.10832308
v 0.86660353 0.03009227 -0.11233206
v 0.85372595 0.0289079 -0.12052113
v 0.85876341 0.0464929 -0.13985419
v 0.86540091 0.03545188 -0.13738927
v 0.86497526 0.05685237 -0.13740401
v 0.87461477 0.05710997 -0.13080296
v 0.88062979 0.04687304 -0.12939649
v 0.87581541 0.03604747 -0.13234516
v 0.86540091 0.03545188 -0.13738927
v 0.76293547 0.04201841 -0.10915841
v 0.76591826 0.03920552 -0.09512214
v 0.76215918 0.05404964 -0.11291047
v 0.76611822 0.06279745 -0.10549595
v 0.76877905 0.06026831 -0.09336214
v 0.7686418 0.04952425 -0.08750763
v 0.76591826 0.03920552 -0.09512214
v 0.77878729 0.04046988 -0.11299345
v 0.78143721 0.03769305 -0.09821082
v 0.77947264 0.05245736 -0.11627702
v 0.78135367 0.06169795 -0.10870705
v 0.78337019 0.05904414 -0.09664486
v 0.78315718 0.04778406 -0.09127513
v 0.78143721 0.03769305 -0.09821082
v 0.79581762 0.04125475 -0.11379205
v 0.79787214 0.03981628 -0.10349767
v 0.79749319 0.05049894 -0.11708868
v 0.79849623 0.05792269 -0.11134453
v 0.8008679 0.05616724 -0.10214783
v 0.80023543 0.04715533 -0.09819057
v 0.79787214 0.03981628 -0.10349767
v 0.77506605 0.05156694 -0.073359
v 0.78490408 0.05933572 -0.07086408
v 0.76428732 0.05610824 -0.07482645
v 0.76379141 0.0690605 -0.07558821
v 0.7730361 0.07579687 -0.07327285
v 0.78369871 0.07123615 -0.07095951
v 0.78490408 0.05933572 -0.07086408
v 0.77737745 0.05107335 -0.08539107
v 0.78834913 0.05995525 -0.08310873
v 0.76786986 0.0564429 -0.08845967
v 0.76681547 0.06920122 -0.08804807
v 0.77548979 0.075497 -0.08626524
v 0.78634558 0.07032973 -0.08304709
v 0.78834913 0.05995525 -0.08310873
v 0.78081709 0.05407847 -0.10055832
v 0.78899496 0.06015398 -0.09877896
v 0.77387457 0.05832674 -0.10334779
v 0.77223921 0.06776525 -0.10127525
v 0.77870749 0.07224204 -0.09939399
v 0.78728651 0.06875045 -0.09880096
v 0.78899496 0.06015398 -0.09877896
v 0.71015204 0.03833017 0.01789578
v 0.70919623 0.05073052 0.01795263
v 0.71933348 0.03387138 0.01455576
v 0.72766539 0.03984378 0.01338228
v 0.72678778 0.05058937 0.01352349
v 0.71838934 0.05646698 0.01532277
v 0.70919623 0.05073052 0.01795263
v 0.71378561 0.03842071 0.03134733
v 0.71277228 0.05136593 0.03097536
v 0.7234001 0.03463571 0.02903888
v 0.73147658 0.04028139 0.02609199
v 0.73029738 0.05085545 0.02579167
v 0.72145567 0.05637251 0.02779154
v 0.71277228 0.05136593 0.03097536
v 0.71970526 0.04099809 0.0443487
v 0.71945662 0.05000321 0.0441034
v 0.7274594 0.03767426 0.043615
v 0.73378111 0.04183376 0.04093151
v 0.7333544 0.05003087 0.04126283
v 0.72612562 0.05407685 0.04258343
v 0.71945662 0.05000321 0.0441034
v 0.74227965 0.03462581 0.05645138
v 0.72906454 0.03991582 0.05310447
v 0.75164633 0.0427481 0.05884406
v 0.7489884 0.05445757 0.06057519
v 0.73748007 0.05895733 0.05774371
v 0.72757735 0.05292037 0.05384246
v 0.72906454 0.03991582 0.05310447
v 0.73784926 0.03307407 0.07214691
v 0.72422926 0.03874766 0.06820156
v 0.74624174 0.04156667 0.07566728
v 0.74457533 0.053543 0.07551934
v 0.73332068 0.05782833 0.07211731
v 0.72354552 0.05109341 0.06827597
v 0.72422926 0.03874766 0.06820156
v 0.73186507 0.03521268 0.08798679
v 0.72255102 0.03960555 0.08549361
v 0.73843992 0.04148968 0.09204897
v 0.73756293 0.05087844 0.09160671
v 0.72877837 0.0544649 0.08980297
v 0.7213999 0.04884544 0.08644813
v 0.72255102 0.03960555 0.08549361
v 0.77447882 0.05573319 -0.00800536
v 0.76912665 0.04744286 -0.01530723
v 0.78164305 0.05242514 -0.00092801
v 0.78529501 0.04294573 -0.00165164
v 0.78066328 0.03582373 -0.00806111
v 0.77282927 0.03710404 -0.01458105
v 0.76912665 0.04744286 -0.01530723
v 0.78376875 0.05851202 -0.01775826
v 0.77796065 0.04970827 -0.02504856
v 0.79151564 0.05485197 -0.01177562
v 0.79423376 0.04510281 -0.0109871
v 0.78921896 0.03811464 -0.01701907
v 0.7812734 0.03998053 -0.0235837
v 0.77796065 0.04970827 -0.02504856
v 0.79368139 0.05803692 -0.0280925
v 0.79000097 0.05165582 -0.03307791
v 0.80057654 0.05569223 -0.02399117
v 0.80261885 0.0481086 -0.02293296
v 0.79938192 0.04261826 -0.02794504
v 0.79290747 0.04436055 -0.03280302
v 0.79000097 0.05165582 -0.03307791
v 0.75549368 0.04120829 0.03651412
v 0.75382284 0.03114153 0.0461813
v 0.75397452 0.05278794 0.0398196
v 0.75339178 0.05540517 0.05116887
v 0.75203726 0.04662146 0.05950626
v 0.75180678 0.03495518 0.05802242
v 0.75382284 0.03114153 0.0461813
v 0.77104399 0.04121768 0.039002
v 0.76881865 0.0307889 0.04909315
v 0.77066054 0.05242608 0.04317421
v 0.7681069 0.05546064 0.05410104
v 0.76623099 0.04665326 0.0620774
v 0.76619017 0.03484988 0.05995032
v 0.76881865 0.0307889 0.04909315
v 0.78618521 0.04133876 0.045318
v 0.78473272 0.03445519 0.05268311
v 0.78716131 0.05033781 0.04842694
v 0.78477728 0.0529884 0.05677176
v 0.78403486 0.04643868 0.06331014
v 0.78371138 0.03720369 0.06118961
v 0.78473272 0.03445519 0.05268311
v 0.71828841 0.03725164 -0.04914597
v 0.73089781 0.03378257 -0.04399278
v 0.71530615 0.04899486 -0.04987067
v 0.72361738 0.05704575 -0.0484206
v 0.73455961 0.05395583 -0.04403662
v 0.73874083 0.04329083 -0.04136596
v 0.73089781 0.03378257 -0.04399278
v 0.72391592 0.03647229 -0.06383357
v 0.7369322 0.03298216 -0.05800783
v 0.72210402 0.04818821 -0.06545735
v 0.72941336 0.05664042 -0.06225449
v 0.73994131 0.05341622 -0.05740899
v 0.74368147 0.0422839 -0.05497423
v 0.7369322 0.03298216 -0.05800783
v 0.73266226 0.03777918 -0.07765228
v 0.74185797 0.0358298 -0.0737309
v 0.73129202 0.04689485 -0.0802268
v 0.73661925 0.05369083 -0.07743745
v 0.74511305 0.05151422 -0.07438489
v 0.74758452 0.04261173 -0.072258
v 0.74185797 0.0358298 -0.0737309
v 0.81589666 0.04512596 0.27317565
v 0.82998091 0.04464457 0.26181451
v 0.81106115 0.05897443 0.27857509
v 0.8162174 0.07151769 0.27212438
v 0.82835615 0.07099518 0.26219213
v 0.8358959 0.05895113 0.25694408
v 0.82998091 0.04464457 0.26181451
v 0.80301611 0.04490415 0.25751285
v 0.81810461 0.04455025 0.24612577
v 0.79789 0.05899894 0.26105001
v 0.8043247 0.07186188 0.25689927
v 0.81675375 0.07107971 0.24768547
v 0.82384947 0.05831066 0.24267019
v 0.81810461 0.04455025 0.24612577
v 0.79261023 0.0482347 0.23942975
v 0.802955 0.04862147 0.23137531
v 0.78717772 0.05913749 0.24130781
v 0.79225721 0.06933617 0.23871059
v 0.80124548 0.06918898 0.23082756
v 0.80680563 0.05884049 0.22750198
v 0.802955 0.04862147 0.23137531
v 0.76943548 0.03511468 0.09262628
v 0.75619337 0.03424331 0.09982438
v 0.77216849 0.04588182 0.08580399
v 0.76497023 0.05602126 0.08730545
v 0.75354834 0.05521332 0.09364511
v 0.74840468 0.04531032 0.09956762
v 0.75619337 0.03424331 0.09982438
v 0.77694746 0.04053634 0.10677759
v 0.76287794 0.03957524 0.11383203
v 0.77953947 0.0519215 0.1014084
v 0.77168471 0.06160976 0.10084755
v 0.76019972 0.06039927 0.10664084
v 0.75556372 0.04996624 0.11260681
v 0.76287794 0.03957524 0.11383203
v 0.78150236 0.04874967 0.12168689
v 0.77171576 0.04863473 0.12657322
v 0.78452627 0.05801104 0.1184082
v 0.77844153 0.06555993 0.11741844
v 0.7698522 0.06525465 0.1224748
v 0.76638067 0.05669042 0.12675159
v 0.77171576 0.04863473 0.12657322
v 0.8419438 0.04948172 0.175037
v 0.84171438 0.05038263 0.18778457
v 0.84179319 0.03885003 0.16994749
v 0.83950781 0.02890095 0.17797121
v 0.83933455 0.03016475 0.18957191
v 0.84033407 0.04075222 0.19474392
v 0.84171438 0.05038263 0.18778457
v 0.8298522 0.05112358 0.17383144
v 0.82908033 0.0519554 0.18808584
v 0.82781454 0.04069446 0.16986608
v 0.82679594 0.03054116 0.17760746
v 0.82625586 0.03173658 0.18839347
v 0.82818235 0.04292389 0.19349632
v 0.82908033 0.0519554 0.18808584
v 0.81406393 0.05085801 0.17508356
v 0.8136334 0.0518835 0.18536552
v 0.81199873 0.04298742 0.17228778
v 0.81311979 0.03494252 0.17777214
v 0.81328352 0.036008 0.18578823
v 0.81282621 0.04436573 0.18979841
v 0.8136334 0.0518835 0.18536552
v 0.91831655 0.04624815 0.17694633
v 0.90883512 0.04785077 0.18395183
v 0.92218855 0.03611426 0.17530075
v 0.91522138 0.0271855 0.17952011
v 0.90660368 0.02905713 0.18586374
v 0.90316008 0.03925312 0.18817606
v 0.90883512 0.04785077 0.18395183
v 0.91221365 0.04629463 0.16730135
v 0.90131925 0.04786559 0.174785
v 0.91417402 0.03620076 0.16490774
v 0.90814604 0.02721185 0.16990816
v 0.89991522 0.02892722 0.17552953
v 0.89704183 0.03977829 0.17839517
v 0.90131925 0.04786559 0.174785
v 0.90222959 0.04431204 0.15663464
v 0.89443441 0.04585183 0.16206907
v 0.90326193 0.03664611 0.15455935
v 0.90006903 0.02970493 0.15954435
v 0.8942729 0.03120796 0.16410795
v 0.8908914 0.03910872 0.16499054
v 0.89443441 0.04585183 0.16206907
v 0.81972494 0.03625918 0.10992362
v 0.82204954 0.03839771 0.10702035
v 0.83236288 0.03999135 0.11617938
v 0.83032538 0.0386102 0.11853649
v 0.81013365 0.03988144 0.11724456
v 0.81477156 0.03619324 0.11428573
v 0.82673918 0.03861232 0.12198292
v 0.82366057 0.04150422 0.12442536
v 0.82248007 0.04449132 0.12553119
v 0.80887694 0.04379609 0.11837585
v 0.82766462 0.04584706 0.11948047
v 0.81609282 0.04603759 0.11111782
v 0.81076994 0.04598445 0.11547619
v 0.82408514 0.0458705 0.12307648
v 0.84908186 0.0446842 0.14069111
v 0.85013838 0.04659499 0.14088543
v 0.849886 0.05115361 0.15221238
v 0.85066694 0.04818201 0.15235043
v 0.7994042 0.04318884 0.11263269
v 0.80057196 0.03888961 0.11131902
v 0.81170843 0.03774861 0.10025051
v 0.80936995 0.03532357 0.10361901
v 0.84819677 0.04364879 0.13247348
v 0.84537207 0.0429011 0.13331342
v 0.84143507 0.04293346 0.13327407
v 0.84146429 0.0446038 0.13648971
v 0.84109922 0.04684781 0.13847666
v 0.8422193 0.0463174 0.13236536
v 0.84177053 0.04710313 0.13562814
v 0.84537207 0.0429011 0.13331342
v 0.84819677 0.04364879 0.13247348
v 0.86249578 0.04565896 0.14281355
v 0.86100531 0.04368881 0.14469019
v 0.84146429 0.0446038 0.13648971
v 0.84143507 0.04293346 0.13327407
v 0.84908186 0.0446842 0.14069111
v 0.85066694 0.04818201 0.15235043
v 0.849886 0.05115361 0.15221238
v 0.84109922 0.04684781 0.13847666
v 0.85029913 0.04826003 0.140181
v 0.8422193 0.0463174 0.13236536
v 0.84177053 0.04710313 0.13562814
v 0.85136702 0.0531404 0.1503909
v 0.80492071 0.03541729 0.10799557
v 0.81035673 0.04204237 0.10137463
v 0.8062969 0.04554701 0.10492182
v 0.8062969 0.04554701 0.10492182
v 0.80135946 0.04568276 0.10941535
v 0.86249578 0.04565896 0.14281355
v 0.86100531 0.04368881 0.14469019
v 0.84576078 0.04535532 0.13236697
v 0.8422193 0.0463174 0.13236536
v 0.85029913 0.04826003 0.140181
v 0.86166059 0.04864334 0.14267291
v 0.8309757 0.0428573 0.11689875
v 0.82766462 0.04584706 0.11948047
v 0.8422193 0.0463174 0.13236536
v 0.84576078 0.04535532 0.13236697
v 0.82062368 0.04220233 0.10778135
v 0.81609282 0.04603759 0.11111782
v 0.86166059 0.04864334 0.14267291
v 0.85029913 0.04826003 0.140181
v 0.85136702 0.0531404 0.1503909
v 0.81088301 0.06402151 0.28398494
v 0.81280195 0.06676246 0.28549335
v 0.81074797 0.06357894 0.29566423
v 0.8089601 0.06147582 0.29472524
v 0.80119383 0.06391791 0.27925376
v 0.80622854 0.06225685 0.28133458
v 0.80524534 0.0598289 0.29346526
v 0.80120009 0.0607235 0.29292028
v 0.79879019 0.06231414 0.29326467
v 0.79846579 0.06634827 0.27940173
v 0.80423971 0.06612368 0.29516637
v 0.80491095 0.07070273 0.28388385
v 0.80020514 0.06910178 0.28069984
v 0.80043989 0.06445813 0.2938845
v 0.80626547 0.05553751 0.31861305
v 0.80614348 0.05684232 0.3199545
v 0.80049406 0.05394877 0.32860812
v 0.80213713 0.05199275 0.32796325
v 0.8003575 0.06977047 0.26963788
v 0.80321623 0.06699823 0.26956235
v 0.8143907 0.06971958 0.27654706
v 0.81230826 0.06672612 0.27472675
v 0.80948149 0.05891707 0.31339366
v 0.80767386 0.05774707 0.31197591
v 0.8053047 0.05751278 0.30962608
v 0.803188 0.0570043 0.31186635
v 0.80119513 0.05747555 0.31347677
v 0.80483946 0.06034153 0.31073013
v 0.80276304 0.05917586 0.31240873
v 0.80767386 0.05774707 0.31197591
v 0.80948149 0.05891707 0.31339366
v 0.81427893 0.05690516 0.32650943
v 0.81341169 0.05441473 0.32623313
v 0.803188 0.0570043 0.31186635
v 0.8053047 0.05751278 0.30962608
v 0.80626547 0.05553751 0.31861305
v 0.80213713 0.05199275 0.32796325
v 0.80049406 0.05394877 0.32860812
v 0.80119513 0.05747555 0.31347677
v 0.8058631 0.058347 0.3202185
v 0.80483946 0.06034153 0.31073013
v 0.80276304 0.05917586 0.31240873
v 0.80132368 0.05643481 0.32887779
v 0.80798681 0.06535328 0.27192199
v 0.81156263 0.07248574 0.27663074
v 0.80664175 0.07394704 0.27470401
v 0.80664175 0.07394704 0.27470401
v 0.80219511 0.07273529 0.27130224
v 0.81427893 0.05690516 0.32650943
v 0.81341169 0.05441473 0.32623313
v 0.80735571 0.05993134 0.312523
v 0.80483946 0.06034153 0.31073013
v 0.8058631 0.058347 0.3202185
v 0.81260389 0.05884992 0.32717456
v 0.80851492 0.06524124 0.29575996
v 0.80423971 0.06612368 0.29516637
v 0.80483946 0.06034153 0.31073013
v 0.80735571 0.05993134 0.312523
v 0.8102606 0.06920051 0.28557416
v 0.80491095 0.07070273 0.28388385
v 0.81260389 0.05884992 0.32717456
v 0.8058631 0.058347 0.3202185
v 0.80132368 0.05643481 0.32887779
v 0.84864111 0.05226145 0.28408346
v 0.84989759 0.04882457 0.28436544
v 0.85378744 0.0486373 0.27423457
v 0.85265844 0.051266 0.27367183
v 0.83862112 0.05607157 0.28291868
v 0.84427908 0.05578863 0.28350604
v 0.84963614 0.05400174 0.27245513
v 0.84574018 0.05423935 0.27096294
v 0.84333136 0.0531828 0.26972307
v 0.83556234 0.05438459 0.28183751
v 0.84728766 0.04787864 0.27173293
v 0.84127066 0.04747362 0.28233224
v 0.83657438 0.0510477 0.28220243
v 0.84419226 0.05065721 0.27048623
v 0.86299787 0.04896596 0.25128972
v 0.86301405 0.04733477 0.25036462
v 0.86317175 0.04817869 0.23966712
v 0.86494825 0.0498372 0.24068448
v 0.83163061 0.05424726 0.29159173
v 0.83495169 0.05619325 0.2926152
v 0.84624006 0.04889264 0.2931928
v 0.84480322 0.05270338 0.29303531
v 0.86215773 0.04700571 0.2579574
v 0.8604682 0.048953 0.25796188
v 0.85757238 0.05048983 0.25862678
v 0.85698721 0.05062852 0.25556148
v 0.85587713 0.05006503 0.25327295
v 0.85665426 0.04762311 0.25801345
v 0.8560932 0.04854832 0.25530839
v 0.8604682 0.048953 0.25796188
v 0.86215773 0.04700571 0.2579574
v 0.87256338 0.04326059 0.24919479
v 0.87262228 0.04581581 0.24848916
v 0.85698721 0.05062852 0.25556148
v 0.85757238 0.05048983 0.25862678
v 0.86299787 0.04896596 0.25128972
v 0.86494825 0.0498372 0.24068448
v 0.86317175 0.04817869 0.23966712
v 0.85587713 0.05006503 0.25327295
v 0.86235739 0.04592923 0.25028943
v 0.85665426 0.04762311 0.25801345
v 0.8560932 0.04854832 0.25530839
v 0.86308058 0.04563779 0.24035778
v 0.84050764 0.05585524 0.29283605
v 0.84295012 0.0469428 0.29217752
v 0.83752508 0.04733024 0.29148324
v 0.83752508 0.04733024 0.29148324
v 0.83280767 0.0505692 0.29174499
v 0.87256338 0.04326059 0.24919479
v 0.87262228 0.04581581 0.24848916
v 0.85965979 0.04683671 0.25776328
v 0.85665426 0.04762311 0.25801345
v 0.86235739 0.04592923 0.25028943
v 0.87077337 0.04161215 0.24814176
v 0.85139013 0.04756387 0.27330747
v 0.84728766 0.04787864 0.27173293
v 0.85665426 0.04762311 0.25801345
v 0.85965979 0.04683671 0.25776328
v 0.84696081 0.04711398 0.28343923
v 0.84127066 0.04747362 0.28233224
v 0.87077337 0.04161215 0.24814176
v 0.86235739 0.04592923 0.25028943
v 0.86308058 0.04563779 0.24035778
v 0.76474264 0.0540599 -0.05851577
v 0.76543051 0.04267587 -0.05998694
v 0.75745421 0.05771209 -0.05284702
v 0.75240652 0.05174219 -0.04737934
v 0.75309866 0.04187808 -0.04864579
v 0.75881712 0.03690654 -0.05457688
v 0.76543051 0.04267587 -0.05998694
v 0.7733116 0.05345592 -0.04891454
v 0.77370382 0.04158245 -0.05068047
v 0.7666107 0.05643762 -0.04243134
v 0.76031607 0.05082464 -0.03803765
v 0.76081709 0.04114651 -0.03974949
v 0.76691046 0.03652891 -0.04589901
v 0.77370382 0.04158245 -0.05068047
v 0.78040724 0.05043449 -0.03793007
v 0.78045965 0.04214792 -0.03879972
v 0.77587225 0.05306361 -0.03211415
v 0.77065031 0.0489182 -0.0288497
v 0.77122839 0.04137419 -0.02951536
v 0.77596098 0.03803476 -0.03467357
v 0.78045965 0.04214792 -0.03879972
v 0.83801954 0.0442384 -0.04819013
v 0.8383322 0.03276493 -0.04889396
v 0.83453444 0.04940516 -0.05592019
v 0.82991644 0.04478622 -0.06287391
v 0.83015684 0.03483351 -0.06339286
v 0.8341522 0.02853342 -0.05731493
v 0.8383322 0.03276493 -0.04889396
v 0.82666746 0.04367511 -0.04212478
v 0.82729376 0.03172246 -0.04312162
v 0.82220015 0.04820137 -0.0495666
v 0.81894354 0.04396675 -0.0574339
v 0.81967558 0.03416993 -0.05801184
v 0.82382467 0.02814638 -0.0514719
v 0.82729376 0.03172246 -0.04312162
v 0.81411711 0.04107403 -0.03814252
v 0.81425436 0.0328018 -0.03913133
v 0.80976118 0.04490419 -0.04340179
v 0.80747084 0.04185091 -0.049769
v 0.80734991 0.03426794 -0.05018537
v 0.81096312 0.0297889 -0.04498547
v 0.81425436 0.0328018 -0.03913133
v 0.8730055 0.04434362 0.13592624
v 0.87289175 0.0328625 0.13656248
v 0.87752897 0.04865557 0.12821003
v 0.88002211 0.04329938 0.12071935
v 0.87983175 0.03334901 0.12130036
v 0.87685041 0.02774731 0.12853412
v 0.87289175 0.0328625 0.13656248
v 0.86137205 0.04427017 0.13039151
v 0.86164312 0.03228618 0.13114127
v 0.86503416 0.04796302 0.12209836
v 0.86909559 0.04291178 0.11513977
v 0.86925566 0.03311614 0.11607122
v 0.86601561 0.02783835 0.12368145
v 0.86164312 0.03228618 0.13114127
v 0.85054594 0.04194366 0.12280741
v 0.85079779 0.03361587 0.12291184
v 0.85247122 0.04516768 0.11593698
v 0.85599104 0.0414555 0.11055737
v 0.85568258 0.03386867 0.11074272
v 0.85331602 0.02998457 0.11702517
v 0.85079779 0.03361587 0.12291184
v 1.2951405 0.11199486 0.00748332
v 1.27812406 0.10890992 0.02148098
v 1.25815457 0.10540233 0.02842183
v 1.30659741 0.11418501 -0.01146283
v 1.31077466 0.11515094 -0.03245988
v 1.30700772 0.11474068 -0.05231294
v 1.29589871 0.11302177 -0.06800959
v 1.27911443 0.11025143 -0.0771399
v 1.25922673 0.1068546 -0.07834129
v 1.23925725 0.10334701 -0.07140043
v 1.22224073 0.10026207 -0.05740278
v 1.21078389 0.09807193 -0.03845663
v 1.20660657 0.09710599 -0.01745958
v 1.21037366 0.09751625 0.00239348
v 1.22148259 0.09923516 0.01809014
v 1.23826688 0.1020055 0.02722045
v 1.14581594 0.02069454 -0.26384941
v 1.11842351 0.02068862 -0.27773605
v 1.15908796 0.02068862 -0.24425054
v 1.09332624 0.02069454 -0.30431529
v 1.06204374 0.02068862 -0.31906482
v 1.02875639 0.02069454 -0.32473346
v 0.99904524 0.02068862 -0.31548568
v 0.97133093 0.02069454 -0.30141134
v 0.95587423 0.02068862 -0.27594632
v 0.92896337 0.02068512 -0.25188083
v 0.92071516 0.02067121 -0.2239125
v 0.9306748 0.02054673 -0.18933326
v 0.95903829 0.02043276 -0.16030689
v 0.9774835 0.02053796 -0.14202082
v 1.00725622 0.02065499 -0.13644011
v 1.03364713 0.02067635 -0.12739509
v 1.06287488 0.02068862 -0.13326649
v 1.09377576 0.02069454 -0.13137198
v 1.11842351 0.02068862 -0.14379268
v 1.15908796 0.02068862 -0.16646217
v 1.14581594 0.02069454 -0.149327
v 1.17586133 0.02069454 -0.1859448
v 1.17397222 0.02068862 -0.21149255
v 1.17586133 0.02069454 -0.22801933
v 0.52759101 0.08833971 -0.04906212
v 0.63959277 0.05971722 -0.06132765
v 0.52347461 0.09112156 -0.08585871
v 1.450509 0.08407077 0.15945188
v 1.3063461 0.06234329 0.18398294
v 1.450509 0.09024296 0.20821577
v 1.450509 0.11828884 0.31778848
v 1.18303411 0.09602947 0.16309641
v 1.16530385 0.09314436 0.14996904
v 1.19480336 0.09783643 0.18091432
v 1.12321058 0.08598605 0.14479591
v 1.14429441 0.08961709 0.14355232
v 1.105268 0.08280469 0.15353922
v 1.0931812 0.08055473 0.16842531
v 1.08881605 0.07958289 0.18720691
v 1.09280652 0.08003201 0.20701541
v 1.10457578 0.08183897 0.22483333
v 1.12230604 0.08472408 0.2379607
v 1.16439931 0.09188239 0.24313384
v 1.14331548 0.08825135 0.24437744
v 1.19442868 0.09731371 0.21950445
v 1.18234189 0.09506375 0.23439054
v 1.19879392 0.09828555 0.20072284
v 0.88094664 0.02818614 0.27577695
v 0.88559675 0.0245539 0.25192689
v 0.86895102 0.03206054 0.28990718
v 0.90034613 0.01895102 0.22730333
v 0.90481726 0.01498644 0.20028799
v 0.88863256 0.01249745 0.15253736
v 0.9019882 0.01242987 0.17354507
v 0.87205282 0.0134674 0.13403
v 0.84947203 0.01690464 0.12723157
v 0.82550078 0.01955329 0.11134113
v 0.80256605 0.02374919 0.11058966
v 0.77850638 0.02983822 0.12517796
v 0.76258764 0.03591965 0.15281342
v 0.75270842 0.03991732 0.17065097
v 0.75487021 0.04238367 0.19466123
v 0.75367262 0.04518101 0.21677124
v 0.76437025 0.04565129 0.23808166
v 0.7695471 0.0474784 0.26223281
v 0.78421934 0.04663113 0.27871168
v 0.79426832 0.04706231 0.29867811
v 0.81007551 0.04488202 0.3054626
v 0.84734137 0.03818732 0.30790862
v 0.82841002 0.04249518 0.31447028
v 0.86025488 0.03556024 0.30605659
vn -0.11394 0.94118 0.31811
vn 0.08341 0.97021 0.22745
vn -0.16904 0.98554 0.01171
vn 0.14534 0.98922 0.01812
vn 0.02687 0.97797 -0.20702
vn -0.20742 0.93244 -0.29585
vn -0.40281 0.89196 -0.20532
vn -0.4667 0.88441 0.00414
vn -0.35036 0.90808 0.22943
vn 0.16723 -0.98587 -0.00958
vn 0.42875 -0.86553 0.25892
vn 0.27094 -0.90501 0.32796
vn 0.48027 -0.87539 0.05511
vn 0.34673 -0.91062 -0.22482
vn 0.05301 -0.94419 -0.32512
vn -0.14314 -0.95759 -0.25008
vn -0.18797 -0.97887 -0.0805
vn -0.02616 -0.97815 0.20626
vn 0.27493 -0.55375 0.78598
vn 0.48929 0.1822 0.85288
vn 0.19368 0.33628 0.92163
vn 0.83917 0.17998 0.51322
vn 0.57452 0.44635 0.68607
vn 0.67164 -0.48253 0.5622
vn 0.86949 -0.48983 0.06368
vn 0.88131 0.21108 -0.42277
vn 0.88704 0.45568 0.07428
vn 0.28957 0.11333 -0.95042
vn 0.55328 0.44782 -0.70238
vn 0.60947 -0.5311 -0.58862
vn -0.61771 -0.06096 -0.78404
vn -0.24075 0.26724 -0.93307
vn -0.06257 -0.63991 -0.7659
vn -0.91629 -0.04467 -0.39802
vn -0.80915 0.21996 -0.54488
vn -0.5322 -0.67633 -0.50925
vn -0.69902 -0.71051 -0.08089
vn -0.93768 -0.10539 0.33113
vn -0.98129 0.14717 -0.12417
vn -0.21175 0.01144 0.97726
vn -0.66761 0.22727 0.70897
vn -0.40158 -0.70923 0.57942
vn 0.40493 -0.68151 -0.60957
vn 0.66182 -0.66192 -0.35193
vn 0.07605 -0.9971 -0
vn 0.05402 -0.70828 -0.70387
vn -0.2969 -0.73504 -0.60957
vn -0.55378 -0.75463 -0.35193
vn -0.64781 -0.7618 0
vn -0.55378 -0.75463 0.35193
vn -0.2969 -0.73504 0.60957
vn 0.05402 -0.70828 0.70387
vn 0.40493 -0.68151 0.60957
vn 0.66182 -0.66192 0.35193
vn 0.75585 -0.65475 -0
vn 0.55378 0.75463 -0.35193
vn 0.2969 0.73504 -0.60957
vn -0.07605 0.9971 -0
vn -0.05402 0.70827 -0.70387
vn -0.40493 0.68151 -0.60957
vn -0.66182 0.66192 -0.35193
vn -0.75585 0.65475 0
vn -0.66182 0.66192 0.35193
vn -0.40493 0.68151 0.60957
vn -0.05402 0.70828 0.70387
vn 0.2969 0.73504 0.60957
vn 0.55378 0.75463 0.35193
vn 0.64781 0.7618 -0
vn -0.11511 0.96919 -0.21777
vn -0.44945 -0.06491 -0.89095
vn -0.57841 0.81463 -0.04269
vn 0.35384 0.83414 -0.4231
vn -0.07598 -0.98897 -0.12714
vn 0.38674 -0.85422 -0.34748
vn -0.54777 -0.83619 0.02722
vn 0.79672 0.01331 -0.6042
vn -0.99481 0.01164 0.10106
vn 0.2811 0.88201 -0.37822
vn 0.00064 0.99999 -0.00395
vn 0.34684 0.88357 -0.31466
vn 0.1669 0.88455 -0.43557
vn -0.12255 0.90569 -0.40585
vn -0.28706 0.91991 -0.26713
vn -0.38241 0.92393 0.01027
vn -0.25657 0.92683 0.27416
vn -0.08891 0.90212 0.42222
vn 0.03253 0.89654 0.44177
vn 0.13528 0.89592 0.42312
vn 0.30728 0.91277 0.26913
vn 0.39035 0.92066 0.00329
vn 0.04155 0.68131 -0.73081
vn 0.63137 0.67837 -0.37575
vn 0.51019 -0.02116 -0.8598
vn -0.28956 -0.01166 -0.95709
vn 0.01447 -0.64988 -0.7599
vn 0.64925 -0.63783 -0.4143
vn 0.97563 0.01971 -0.21852
vn -0.02089 0.71272 0.70114
vn -0.73217 0.59019 0.34002
vn -0.06031 -0.16481 0.98448
vn -0.96438 -0.05919 0.2578
vn -0.71463 -0.61239 0.33805
vn 0.00538 -0.66764 0.74446
vn 0.31772 -0.08444 0.94442
vn -0.6612 0.70724 -0.25024
vn -0.10396 0.71174 -0.6947
vn -0.6177 -0.00899 -0.78637
vn -0.99894 -0.0242 -0.03923
vn -0.62289 -0.73262 -0.27436
vn -0.04292 -0.71307 -0.69978
vn 0.22535 -0.00184 -0.97428
vn 0.68085 0.67477 0.28483
vn 0.06537 0.64336 0.76277
vn 0.71439 0.1853 0.67476
vn -0.19239 -0.038 0.98058
vn -0.01891 -0.72948 0.68374
vn 0.65597 -0.73839 0.15648
vn 0.99935 -0.02213 -0.02852
vn 0.54356 0.48924 -0.68205
vn 0.77085 0.5967 -0.22304
vn 0.90933 -0.04963 -0.41309
vn 0.91846 0.34355 0.19599
vn 0.94556 -0.14517 0.29129
vn 0.82013 -0.56555 0.0868
vn 0.63128 -0.70218 -0.32928
vn 0.46349 -0.4602 -0.75722
vn 0.42908 0.03993 -0.90238
vn -0.95339 0.02442 0.30075
vn -0.8694 0.03221 0.49306
vn -0.84624 0.33344 0.41557
vn -0.77194 0.34761 0.53224
vn -0.82448 0.01976 0.56554
vn -0.90755 -0.26114 0.32887
vn -0.84796 -0.27272 0.45453
vn -0.84393 -0.38472 0.37385
vn -0.73359 0.46176 0.49862
vn 0.07779 -0.99665 -0.02528
vn 0 -1 0
vn 0.04453 -0.99696 -0.06399
vn -0.00158 -0.99696 -0.07794
vn -0.04709 -0.99696 -0.06213
vn -0.07462 -0.99696 -0.02258
vn -0.07364 -0.99696 0.02559
vn -0.04453 -0.99696 0.06399
vn 0.00158 -0.99696 0.07794
vn 0.04709 -0.99696 0.06213
vn 0.07037 -0.99726 0.02287
vn -0 1 -0
vn -0.097 0.99478 0.03152
vn -0.05995 0.99478 0.08252
vn 0 0.99478 0.102
vn 0.05995 0.99478 0.08252
vn 0.097 0.99478 0.03152
vn 0.097 0.99478 -0.03152
vn 0.05995 0.99478 -0.08252
vn -0 0.99478 -0.102
vn -0.05995 0.99478 -0.08252
vn -0.097 0.99478 -0.03152
vn -0.41909 0.85537 0.30449
vn -0.29161 0.86826 0.40136
vn -0.16008 0.85537 0.49267
vn 0 0.86826 0.49611
vn 0.16008 0.85537 0.49267
vn 0.29161 0.86826 0.40136
vn 0.41909 0.85537 0.30449
vn 0.47183 0.86826 0.15331
vn 0.51802 0.85537 0
vn 0.41909 0.85537 -0.30449
vn 0.16008 0.85536 -0.49267
vn -0.16008 0.85537 -0.49267
vn -0.41909 0.85537 -0.30449
vn -0.51802 0.85537 -0
vn -0.47183 0.86826 0.15331
vn 0.35785 0.92651 -0.11627
vn 0.35785 0.92651 0.11627
vn -0.47183 0.86826 -0.15331
vn 0.22116 0.92651 -0.30441
vn -0 0.92651 -0.37627
vn -0.22116 0.92651 -0.30441
vn -0.35785 0.92651 -0.11627
vn -0.35785 0.92651 0.11627
vn 0.47183 0.86826 -0.15331
vn -0.22116 0.92651 0.30441
vn 0.29161 0.86826 -0.40136
vn 0 0.92651 0.37627
vn 0 0.86826 -0.49611
vn 0.22116 0.92651 0.30441
vn -0.29161 0.86826 -0.40136
vn 0.91278 0.28084 -0.29658
vn 0.53348 -0.82786 -0.17334
vn 0.78488 0.24246 -0.57025
vn 0.97016 0.24246 0
vn 0.54891 -0.81663 0.17835
vn 0.91278 0.28085 0.29658
vn 0.2998 0.24246 -0.92268
vn 0.32987 -0.82252 -0.4633
vn -0.00544 -0.82252 -0.56871
vn -0.2998 0.24246 -0.92268
vn -0.33868 -0.82252 -0.45689
vn -0.78488 0.24246 -0.57025
vn -0.54256 -0.82252 -0.17056
vn -0.91278 0.28084 -0.29658
vn -0.97016 0.24246 -0
vn -0.53919 -0.82252 0.18092
vn -0.91278 0.28084 0.29658
vn -0.78488 0.24246 0.57025
vn -0.32987 -0.82252 0.4633
vn -0.56413 0.28084 0.77646
vn -0.2998 0.24246 0.92268
vn 0.00544 -0.82252 0.56871
vn 0 0.28084 0.95975
vn 0.2998 0.24246 0.92268
vn 0.33868 -0.82252 0.45689
vn 0.56413 0.28084 0.77646
vn 0.78488 0.24245 0.57025
vn -0 0.28084 -0.95975
vn -0.56413 0.28084 -0.77646
vn 0.56413 0.28084 -0.77646
vn 0.42236 0.87301 -0.24385
vn 0.24385 0.87301 -0.42236
vn 0 1 -0
vn 0 0.87301 -0.4877
vn -0.24385 0.87301 -0.42236
vn -0.42236 0.87301 -0.24385
vn -0.4877 0.87301 -0
vn -0.42236 0.87301 0.24385
vn -0.24385 0.87301 0.42236
vn -0 0.87301 0.4877
vn 0.24385 0.87301 0.42236
vn 0.42236 0.87301 0.24385
vn 0.4877 0.87301 0
vn 0.09836 0.35882 0.92821
vn -0.09024 -0.1257 0.98796
vn 0.57275 -0.14774 0.8063
vn 0.00141 -0.59408 0.80441
vn 0.37264 -0.76817 0.52062
vn 0.75204 -0.60085 0.27097
vn 0.96192 -0.17723 0.2081
vn 0.87513 0.30743 0.37368
vn 0.51237 0.52874 0.67669
vn -0.5229 0.26036 -0.81166
vn -0.57589 0.0572 -0.81552
vn -0.78112 0.15893 -0.60382
vn -0.81174 0.02483 -0.58349
vn -0.57801 -0.02895 -0.81551
vn -0.28264 0.16561 -0.94482
vn -0.30175 0.02761 -0.95299
vn -0.17494 0.07408 -0.98179
vn -0.87602 0.05121 -0.47955
vn 0.11973 0.98638 -0.11278
vn -0.01631 0.95917 -0.28237
vn -0.16904 0.98554 0.01171
vn -0.23303 0.92799 -0.29075
vn -0.41837 0.90055 -0.11826
vn -0.4411 0.88724 0.13504
vn -0.30309 0.90301 0.3045
vn -0.08833 0.94563 0.31301
vn 0.09487 0.9855 0.14067
vn 0.17153 -0.98512 -0.01048
vn 0.34246 -0.87313 -0.34694
vn 0.45155 -0.86766 -0.20801
vn 0.13964 -0.92909 -0.34249
vn -0.08914 -0.98641 -0.13801
vn -0.1123 -0.97846 0.17321
vn 0.00518 -0.9392 0.34334
vn 0.18088 -0.92067 0.3459
vn 0.41753 -0.901 0.11781
vn 0.80837 -0.44839 -0.38142
vn 0.66234 0.23048 -0.71288
vn 0.75882 0.44975 -0.47108
vn 0.263 0.09866 -0.95974
vn 0.42679 0.43856 -0.79089
vn 0.49261 -0.49808 -0.71362
vn -0.02304 -0.63297 -0.77384
vn -0.64248 -0.04621 -0.76491
vn -0.22543 0.27685 -0.9341
vn -0.99185 -0.11715 -0.05004
vn -0.88808 0.19719 -0.41525
vn -0.57642 -0.73731 -0.3523
vn -0.59538 -0.07595 0.79985
vn -0.89245 0.13928 0.4291
vn -0.57275 -0.74069 0.35118
vn -0.1664 0.06754 0.98374
vn -0.38792 0.27528 0.87962
vn -0.21738 -0.63717 0.73943
vn 0.23393 -0.56089 0.79415
vn 0.5445 0.14295 0.82649
vn 0.0658 0.31404 0.94713
vn 0.97267 0.22679 -0.04973
vn 0.77061 0.47735 0.42225
vn 0.79548 -0.50108 0.34077
vn 0.84297 -0.45959 0.27961
vn 0.6431 -0.49789 0.58183
vn 0.29851 -0.95131 0.07684
vn 0.87378 -0.4792 -0.0829
vn 0.72728 -0.55148 -0.40857
vn 0.44273 -0.65705 -0.61015
vn 0.09636 -0.76763 -0.63361
vn -0.21901 -0.85359 -0.47266
vn -0.41888 -0.8919 -0.17045
vn -0.44969 -0.87229 0.19207
vn -0.3032 -0.80001 0.51774
vn -0.01864 -0.69444 0.71931
vn 0.32773 -0.58385 0.74277
vn 0.21901 0.85359 0.47266
vn 0.41888 0.8919 0.17045
vn -0.29851 0.95131 -0.07684
vn 0.44969 0.87229 -0.19207
vn 0.3032 0.80001 -0.51774
vn 0.01864 0.69444 -0.71931
vn -0.32773 0.58385 -0.74277
vn -0.6431 0.49789 -0.58183
vn -0.84297 0.45959 -0.27961
vn -0.87378 0.4792 0.0829
vn -0.72728 0.55148 0.40857
vn -0.44273 0.65705 0.61015
vn -0.09636 0.76763 0.63361
vn 0.68646 -0.70956 0.15902
vn 0.5751 -0.64728 0.50029
vn -0.02305 -0.98479 0.17221
vn 0.6095 -0.76916 -0.19209
vn 0.36484 -0.8101 -0.45895
vn 0.01803 -0.82141 -0.57006
vn -0.338 -0.80006 -0.49564
vn -0.60785 -0.75178 -0.25564
vn -0.71921 -0.68949 0.08563
vn -0.64225 -0.6299 0.43674
vn -0.39759 -0.58896 0.7036
vn -0.05078 -0.57765 0.81471
vn 0.30525 -0.59899 0.74029
vn 0.60785 0.75178 0.25564
vn 0.71921 0.68949 -0.08563
vn 0.02305 0.98479 -0.17221
vn 0.64225 0.6299 -0.43674
vn 0.39759 0.58896 -0.7036
vn 0.05078 0.57765 -0.81471
vn -0.30525 0.59899 -0.74029
vn -0.5751 0.64728 -0.50029
vn -0.68646 0.70956 -0.15902
vn -0.6095 0.76916 0.19209
vn -0.36484 0.8101 0.45895
vn -0.01803 0.82141 0.57006
vn 0.338 0.80006 0.49564
vn -0.0756 0.99714 0.00176
vn -0.99421 0.10509 -0.02223
vn -0.20398 0.84975 0.48612
vn -0.03455 0.86443 -0.50156
vn -0.3017 -0.95229 -0.0461
vn -0.23034 -0.80778 -0.54263
vn -0.40363 -0.80253 0.43935
vn -0.08308 0.05812 -0.99485
vn -0.46312 0.05784 0.88441
vn -0.3825 -0.91208 -0.14768
vn -0.97832 0.20694 0.00807
vn -0.4037 -0.68116 -0.61078
vn -0.34522 -0.8596 0.3767
vn -0.0023 0.99056 0.13704
vn -0.02214 0.78127 0.6238
vn -0.08633 0.92381 -0.37299
vn -0.20019 -0.13207 0.97082
vn -0.33557 0.1792 -0.92481
vn -0.11316 -0.9918 -0.05935
vn -0.17566 -0.14056 -0.97436
vn 0.36913 -0.89356 -0.25553
vn -0.59573 -0.80194 0.04474
vn 0.03517 0.94879 -0.31394
vn -0.46411 0.8657 -0.18754
vn 0.4859 0.75195 -0.4455
vn -0.99708 0.07195 0.02555
vn 0.82911 -0.12238 -0.54553
vn 0.07283 -0.97441 0.21263
vn -0.02601 0.03338 0.9991
vn -0.42706 -0.85363 0.29823
vn 0.5649 -0.80606 0.1765
vn -0.045 0.98431 0.17059
vn 0.46433 0.87408 0.14279
vn -0.52336 0.80823 0.2699
vn 0.98993 0.03781 0.13639
vn -0.90096 -0.0714 0.42798
vn 0.02049 0.99546 0.09295
vn -0.27012 0.09493 0.95813
vn 0.44911 0.82728 0.33749
vn -0.45987 0.88467 -0.07667
vn -0.15936 -0.95161 0.26275
vn -0.61528 -0.7851 0.07106
vn 0.29094 -0.82329 0.4874
vn -0.98036 0.10056 -0.16967
vn 0.73798 0.01723 0.6746
vn 0.59427 0.80065 0.07622
vn 0.18676 0.97585 -0.11326
vn 0.552 0.81928 0.15515
vn 0.61846 0.78433 -0.04823
vn 0.51681 0.79342 -0.32154
vn 0.34419 0.82585 -0.44667
vn 0.05698 0.8811 -0.46948
vn -0.1585 0.94598 -0.28283
vn -0.25827 0.9626 -0.0818
vn -0.24531 0.9686 0.04051
vn -0.20031 0.97043 0.13472
vn -0.00555 0.96566 0.25974
vn 0.26961 0.92367 0.27228
vn 0.1786 0.94598 -0.2706
vn -0.41702 0.00694 -0.90887
vn -0.32862 0.93235 -0.15081
vn 0.60164 0.67998 -0.41912
vn -0.30394 -0.94817 -0.09274
vn 0.18727 -0.94478 -0.26892
vn -0.73757 -0.67522 -0.00809
vn 0.83042 -0.23356 -0.50581
vn -0.96219 0.26772 -0.0501
vn -0.7447 -0.22812 0.6272
vn -0.31279 -0.78706 0.53169
vn 0.06799 -0.12599 0.9897
vn -0.40622 0.52296 0.74933
vn 0.41952 0.61954 0.66346
vn 0.84151 0.05043 0.53789
vn 0.51525 -0.68845 0.51045
vn -0.35264 -0.60879 -0.71065
vn -0.8033 0.01719 -0.59533
vn -0.117 -0.09871 -0.98821
vn -0.47188 0.69903 -0.53729
vn 0.27709 0.85684 -0.43479
vn 0.80683 0.19517 -0.55762
vn 0.47179 -0.53441 -0.7013
vn -0.28818 -0.85156 -0.43795
vn -0.23301 -0.9418 0.24232
vn -0.89468 -0.44666 0.00698
vn -0.65953 -0.20241 -0.72392
vn -0.91197 0.31245 -0.26585
vn -0.87485 0.18999 0.44559
vn -0.54235 -0.43654 0.71784
vn 0.89626 -0.38451 0.22106
vn 0.82554 -0.14332 -0.54585
vn 0.73548 0.49028 0.46765
vn 0.55132 0.48002 -0.68237
vn 0.26526 0.90131 -0.34246
vn 0.28728 0.8274 0.48257
vn 0.59442 0.27224 0.75667
vn -0.73554 -0.54492 0.40256
vn -0.09833 -0.82408 0.55787
vn -0.24877 -0.04854 0.96734
vn -0.83834 0.27892 0.46839
vn -0.17509 0.76409 0.6209
vn 0.46949 0.47035 0.74723
vn 0.54235 -0.33419 0.77083
vn 0.24216 -0.72338 -0.64659
vn -0.44749 -0.39434 -0.80265
vn 0.30839 -0.17132 -0.93571
vn -0.50183 0.36385 -0.78472
vn 0.00273 0.87025 -0.4926
vn 0.77568 0.54849 -0.31221
vn 0.87955 -0.25552 -0.40137
vn 0.17222 -0.71801 0.67439
vn 0.56194 -0.82261 0.08681
vn 0.82274 -0.11358 0.55695
vn 0.12391 0.05079 0.99099
vn 0.45093 0.6911 0.56483
vn 0.81743 0.57439 -0.04327
vn 0.93725 -0.18373 -0.29632
vn -0.45553 -0.63432 -0.6246
vn -0.86852 -0.49517 0.02217
vn -0.75279 -0.08335 -0.65296
vn -0.93896 0.22291 0.26202
vn -0.53802 0.84225 0.03391
vn -0.07429 0.73167 -0.67759
vn -0.04921 -0.01764 -0.99863
vn 0.87021 0.41998 0.2576
vn 0.81789 -0.23941 0.52321
vn 0.90433 -0.22567 -0.36229
vn 0.64141 0.55267 -0.53211
vn 0.27102 -0.06197 -0.96058
vn 0.19803 -0.71593 -0.6695
vn 0.5041 -0.86126 0.06423
vn -0.338 0.01786 0.94098
vn -0.28246 0.72837 0.62425
vn -0.81848 0.13929 0.5574
vn -0.54526 0.83431 -0.08134
vn -0.74098 0.29828 -0.60165
vn -0.81756 -0.49647 -0.29175
vn -0.61577 -0.61772 0.48912
vn -0.70667 0.17463 0.68566
vn -0.7384 -0.49871 0.45393
vn -0.0142 -0.33177 0.94325
vn 0.03813 0.50177 0.86416
vn 0.73017 0.07099 0.67957
vn 0.68383 -0.59783 0.41831
vn -0.04233 -0.94209 0.33268
vn -0.67284 -0.09578 -0.73356
vn -0.61191 0.63584 -0.4704
vn -0.16811 0.19353 -0.96658
vn 0.08189 0.92799 -0.3635
vn 0.75759 0.5546 -0.34421
vn 0.73395 -0.25219 -0.63065
vn 0.00532 -0.56111 -0.82773
vn -0.36533 0.71792 -0.59255
vn 0.3471 0.70921 -0.61363
vn -0.02221 -0.00233 -0.99975
vn -0.77574 -0.00574 -0.63102
vn -0.34718 -0.72253 -0.59785
vn 0.37228 -0.71649 -0.58995
vn 0.76486 -0.01215 -0.64408
vn 0.38616 0.66367 0.64065
vn -0.39344 0.64677 0.65337
vn 0.16981 0.1761 0.96961
vn -0.74304 -0.02827 0.66865
vn -0.43911 -0.72472 0.531
vn 0.41683 -0.74955 0.51422
vn 0.81586 -0.04101 0.57679
vn -0.97864 -0.13034 0.15901
vn -0.61714 -0.72939 0.29518
vn -0.45695 -0.08322 0.88559
vn -0.67504 0.59278 0.43924
vn 0.08485 0.6114 0.78676
vn 0.45209 0.00165 0.89197
vn 0.11211 -0.70581 0.69947
vn -0.00259 -0.60893 -0.79322
vn -0.3834 0.05943 -0.92167
vn 0.39152 -0.1359 -0.91008
vn -0.0603 0.71119 -0.70041
vn 0.54448 0.80669 -0.22979
vn 0.99314 0.09541 -0.06759
vn 0.7056 -0.60766 -0.36453
vn -0.75539 -0.58415 -0.29691
vn -0.61836 -0.67874 0.39617
vn -0.96927 0.11875 0.21544
vn -0.77808 0.19198 -0.59811
vn -0.54878 0.82896 -0.10799
vn -0.38438 0.71557 0.58328
vn -0.45217 -0.02846 0.89148
vn 0.60711 -0.78175 0.1424
vn 0.45101 -0.65111 -0.61046
vn 0.94747 -0.30792 -0.08649
vn 0.48649 0.06216 -0.87147
vn 0.52071 0.71695 -0.46351
vn 0.69565 0.61646 0.36885
vn 0.74128 -0.14586 0.65516
vn -0.01952 -0.74944 0.66179
vn 0.52304 -0.34259 0.78042
vn -0.23337 0.01712 0.97224
vn -0.73807 -0.4238 0.52501
vn -0.81479 0.30538 0.49281
vn -0.24383 0.71997 0.64976
vn 0.43366 0.41149 0.80163
vn 0.81232 -0.37709 -0.4449
vn 0.12557 -0.74558 -0.65448
vn 0.45528 0.39804 -0.79642
vn -0.42663 -0.36207 -0.82879
vn -0.55469 0.23583 -0.79794
vn 0.062 0.76618 -0.63963
vn 0.69142 0.51201 -0.50969
vn -0.82883 -0.38973 -0.40143
vn -0.84689 0.32252 -0.4228
vn -0.23939 -0.02779 -0.97053
vn -0.12408 -0.7788 -0.61488
vn 0.56617 -0.32907 -0.75575
vn 0.54063 0.38994 -0.74543
vn -0.1673 0.76123 -0.62654
vn -0.49989 0.37001 0.78307
vn -0.457 -0.40867 0.79002
vn 0.05914 0.17003 0.98366
vn 0.2118 -0.73808 0.64061
vn 0.84467 -0.41449 0.33873
vn 0.83897 0.44171 0.31786
vn 0.15506 0.81998 0.55099
vn 0.23028 -0.73289 -0.64019
vn -0.39509 -0.43537 -0.80892
vn 0.29766 0.10526 -0.94885
vn 0.86767 -0.2368 -0.43712
vn 0.73569 0.58327 -0.34432
vn 0.0907 0.86699 -0.49001
vn -0.49817 0.39164 -0.77359
vn -0.761 -0.5189 0.38938
vn -0.06426 -0.8193 0.56975
vn -0.48349 -0.20019 0.85215
vn 0.48653 -0.34888 0.80098
vn 0.50551 0.42163 0.75279
vn -0.24301 0.79116 0.56126
vn -0.87148 0.30152 0.38678
vn -0.69957 0.61507 0.36371
vn -0.9942 0.10206 -0.03389
vn -0.65316 -0.20098 0.73007
vn -0.10363 0.40763 0.90725
vn 0.19857 -0.37161 0.9069
vn -0.08896 -0.8734 0.47881
vn -0.72701 -0.68635 0.0194
vn -0.14868 0.31358 -0.93785
vn 0.18355 0.85488 -0.48526
vn 0.46422 0.20772 -0.86102
vn 0.76006 0.64895 -0.03431
vn 0.9861 -0.06539 0.15273
vn 0.64685 -0.68961 -0.32559
vn 0.08102 -0.47918 -0.87397
vn -0.48004 -0.26668 -0.83573
vn -0.58337 -0.74686 -0.31918
vn -0.98677 0.02998 -0.15933
vn -0.53586 0.54254 -0.64691
vn -0.61639 0.77252 0.15257
vn -0.69054 0.27638 0.6684
vn -0.72602 -0.50533 0.4664
vn 0.64899 -0.75675 -0.07838
vn 0.74947 -0.21186 -0.62722
vn 0.95559 -0.25731 0.14364
vn 0.74421 0.51961 -0.41971
vn 0.51079 0.82214 0.25137
vn 0.39381 0.2556 0.88294
vn 0.47341 -0.53512 0.69966
vn -0.69523 -0.58706 0.41475
vn -0.05184 -0.72138 0.6906
vn -0.37275 0.07478 0.92491
vn -0.92823 0.20562 0.31001
vn -0.37317 0.81682 0.43993
vn 0.28371 0.66471 0.69114
vn 0.4719 -0.09919 0.87606
vn 0.43635 -0.77012 -0.4653
vn -0.26571 -0.59662 -0.75726
vn 0.45948 -0.27239 -0.84539
vn -0.43472 0.13259 -0.89075
vn -0.05783 0.76078 -0.64642
vn 0.72123 0.61286 -0.32284
vn 0.95561 -0.16438 -0.24453
vn 0.11852 -0.70677 0.69744
vn 0.68155 -0.68367 0.26092
vn 0.61743 0.03185 0.78598
vn -0.19843 0.00966 0.98007
vn 0.08699 0.73327 0.67435
vn 0.63755 0.74091 0.21115
vn 0.99887 0.04621 0.01114
vn -0.08607 -0.67498 -0.7328
vn -0.69651 -0.67353 -0.24743
vn -0.47846 -0.20176 -0.85462
vn -0.99899 -0.00613 -0.04442
vn -0.70065 0.69987 -0.13883
vn -0.03012 0.74172 -0.67003
vn 0.26224 0.03946 -0.9642
vn 0.16621 -0.85941 -0.48352
vn -0.47242 -0.86541 -0.16697
vn -0.42801 -0.29993 -0.85256
vn 0.40051 -0.17676 -0.89908
vn -0.07148 0.51168 -0.8562
vn -0.7011 0.5003 -0.50809
vn -0.96405 -0.19175 -0.18395
vn 0.04731 -0.44306 0.89524
vn 0.7375 -0.41443 0.53324
vn 0.3109 0.12354 0.94238
vn 0.94966 0.23746 0.20436
vn 0.51418 0.85623 0.04991
vn -0.25145 0.86529 0.43364
vn -0.46725 0.20446 0.86016
vn 0.74407 0.55743 -0.36828
vn 0.71561 0.62269 0.31648
vn 0.98792 -0.14707 0.04879
vn 0.6931 -0.16917 -0.70071
vn 0.58327 -0.76179 -0.28193
vn 0.58638 -0.68234 0.43654
vn 0.65701 0.00434 0.75387
vn -0.52703 0.81437 0.24299
vn -0.56744 0.62186 -0.53972
vn -0.90643 -0.00768 0.42229
vn -0.69096 -0.03687 -0.72196
vn -0.71387 -0.56521 -0.41344
vn -0.73183 -0.54083 0.41464
vn -0.68119 0.07286 0.72848
vn 0.73581 0.61905 0.27452
vn 0.17828 0.72624 0.66392
vn 0.57507 -0.02023 0.81786
vn 0.98288 -0.129 0.13155
vn 0.59978 -0.7011 0.38565
vn 0.03491 -0.57369 0.81833
vn -0.1872 0.13625 0.97283
vn -0.53568 0.75748 -0.37318
vn 0.05934 0.50921 -0.8586
vn -0.89151 -0.09121 -0.44373
vn 0.14192 -0.1705 -0.97508
vn -0.10233 -0.67564 -0.73009
vn -0.76511 -0.59797 -0.23883
vn -0.99508 0.03697 -0.09188
vn -0.28386 -0.94657 0.15309
vn -0.80551 -0.04865 -0.59059
vn -0.03207 -0.95358 -0.29944
vn -0.54129 -0.66306 0.51707
vn -0.02546 0.91887 -0.39373
vn -0.32329 0.94527 0.04414
vn 0.18445 0.61818 -0.76409
vn -0.7122 0.2622 0.65117
vn 0.24448 -0.3281 -0.91246
vn 0.20951 -0.85331 -0.47745
vn 0.43248 0.36009 -0.82662
vn 0.66656 -0.68679 -0.28986
vn -0.27512 -0.73043 -0.62513
vn -0.07669 0.98683 0.1424
vn -0.52009 0.84874 -0.09567
vn 0.42352 0.87669 0.22815
vn -0.83061 0.03184 -0.55594
vn 0.99275 0.11701 0.02762
vn 0.27097 0.90014 0.34107
vn -0.13351 -0.1341 0.98193
vn 0.67 0.58521 0.45676
vn -0.23739 0.94288 0.23371
vn -0.35565 -0.93406 0.03231
vn -0.77569 -0.63046 -0.02887
vn 0.13394 -0.97025 0.20167
vn -0.93924 0.34169 0.0328
vn 0.78886 -0.32871 0.51928
vn 0.11236 0.45123 -0.88531
vn 0.11431 -0.25771 -0.95944
vn -0.68143 0.06691 -0.72882
vn -0.45746 0.80007 -0.38809
vn -0.9469 0.31118 0.08093
vn -0.91424 -0.4048 0.01744
vn -0.42204 -0.73337 -0.53296
vn 0.93405 -0.3569 -0.0134
vn 0.90551 0.4171 0.07798
vn 0.79308 -0.19774 0.57612
vn 0.40978 0.70712 0.57625
vn -0.18472 0.35169 0.91771
vn -0.18712 -0.50164 0.8446
vn 0.38761 -0.84153 0.37627
vn 0.86917 0.32846 0.36966
vn 0.88125 -0.37889 0.28257
vn 0.87071 0.06739 -0.48716
vn 0.54967 0.80102 -0.23714
vn 0.16864 0.43476 -0.88461
vn 0.16265 -0.28217 -0.94548
vn 0.5535 -0.73114 -0.39884
vn -0.23488 -0.47042 0.85061
vn -0.25203 0.30638 0.91794
vn -0.75979 -0.22791 0.60891
vn -0.59477 0.7118 0.37362
vn -0.81653 0.47552 -0.32736
vn -0.8165 -0.37345 -0.4403
vn -0.52537 -0.83448 0.16623
vn 0.24325 0.37441 0.89479
vn 0.26702 -0.33795 0.90249
vn 0.91171 0.02747 0.40992
vn 0.57617 0.77899 0.24741
vn 0.84213 0.34431 -0.41506
vn 0.83344 -0.37511 -0.4058
vn 0.59282 -0.76153 0.26199
vn -0.85679 -0.38399 0.34418
vn -0.86249 0.39536 0.31593
vn -0.95571 -0.17346 -0.23775
vn -0.5985 0.73924 -0.30873
vn -0.18548 0.43025 -0.88345
vn -0.15878 -0.42576 -0.8908
vn -0.50742 -0.81921 -0.26724
vn 0.57648 -0.69499 0.42972
vn 0.28013 -0.76014 0.58627
vn 0.70849 -0.70372 0.05307
vn 0.50541 -0.74652 -0.43273
vn 0.00184 -0.81758 -0.57582
vn -0.35531 -0.84503 -0.3996
vn -0.46744 -0.88048 -0.07912
vn -0.23457 -0.87577 0.4219
vn -0.11508 0.9793 0.1665
vn -0.18639 0.96569 0.18085
vn -0.06823 0.98364 0.16675
vn -0.05232 0.98924 0.13664
vn -0.01882 0.99344 0.11283
vn 0.00835 0.99927 0.03741
vn -0.03015 0.99839 -0.04806
vn -0.07534 0.99264 -0.09477
vn -0.12646 0.98295 -0.13347
vn -0.21397 0.96344 -0.16124
vn -0.28471 0.95059 -0.12377
vn -0.30359 0.94885 -0.08667
vn -0.33047 0.94146 -0.06659
vn -0.32487 0.94554 -0.02024
vn -0.32939 0.94267 0.05357
vn -0.27826 0.95013 0.14082
vn -0.16911 0.98553 0.0118
vn -0.43393 0.86513 0.25151
vn -0.87125 0.04082 0.48914
vn -0.79526 0.04231 0.60479
vn -0.34208 0.88944 0.30313
vn 0.48154 0.8582 -0.17779
vn 0.03169 0.99905 0.02999
vn 0.0516 0.99536 0.0812
vn 0.44485 0.88492 -0.1379
vn 0.93 0.04444 -0.36486
vn 0.93835 0.04136 -0.34321
vn 0.044 -0.99646 0.07159
vn 0.04594 -0.997 0.06229
vn 0.49848 -0.85447 -0.14627
vn 0.43916 -0.88683 -0.14376
vn 0.08457 0.99045 0.10892
vn 0.68011 0.01774 0.7329
vn 0.93171 0.09384 -0.35088
vn 0.39073 0.919 0.05257
vn 0.89801 0.03114 -0.43888
vn 0.43555 0.86162 -0.2606
vn -0.94846 0.02855 0.31561
vn -0.51021 0.84926 0.13579
vn -0.86025 0.02746 0.50913
vn -0.29709 0.92254 0.24628
vn 0.04322 0.9963 0.07426
vn 0.30329 0.9387 -0.16392
vn 0.73013 0.03622 -0.68235
vn 0.01136 -0.9996 0.02592
vn 0.25979 -0.94259 -0.20985
vn -0.55421 0.08516 0.82801
vn -0.05649 0.92133 0.38465
vn 0.07391 -0.99484 0.06951
vn 0.37321 -0.92647 -0.04855
vn -0.03493 0.99775 -0.05724
vn -0.48908 -0.85188 0.18735
vn -0.00494 -0.99995 0.00913
vn 0.46448 -0.86247 -0.20099
vn -0.3204 -0.92939 0.18325
vn -0.14104 -0.93087 0.33704
vn -0.34911 -0.89092 0.29049
vn -0.42505 -0.8618 0.27685
vn -0.3202 0.8737 -0.36622
vn 0.49655 0.86224 0.09987
vn -0.76934 -0.04918 -0.63694
vn -0.35644 -0.85578 -0.37495
vn 0.51826 -0.84546 0.12887
vn 0.93018 -0.04478 0.36436
vn -0.44956 0.87785 -0.16513
vn 0.38419 0.86165 0.3316
vn -0.9064 -0.07018 -0.41655
vn -0.49609 -0.84992 -0.17758
vn 0.39006 -0.84386 0.36844
vn 0.79931 -0.04336 0.59936
vn -0.54116 0.84084 -0.01124
vn 0.26376 0.85458 0.44735
vn -0.9755 -0.0692 -0.20884
vn -0.59846 -0.80078 -0.02428
vn 0.29901 -0.79493 0.5279
vn 0.66046 -0.0874 0.74576
vn -0.50915 0.83354 0.21442
vn 0.23429 0.89077 -0.38941
vn -0.88493 -0.06673 0.46092
vn -0.45614 -0.87882 0.14007
vn 0.28841 -0.84834 -0.444
vn 0.66213 -0.01668 -0.7492
vn -0.35683 0.83325 0.42234
vn 0.41826 0.89027 -0.1802
vn -0.72837 -0.07488 0.68108
vn -0.31941 -0.89645 0.30718
vn 0.43639 -0.85424 -0.28257
vn 0.8393 -0.01731 -0.5434
vn -0.21612 0.80608 0.55094
vn 0.53538 0.8439 -0.03469
vn -0.58378 -0.06946 0.80893
vn -0.23105 -0.87643 0.42248
vn 0.52005 -0.83564 -0.17676
vn 0.91544 -0.04084 -0.40038
vn -0.3075 0.85166 -0.4244
vn 0.07595 0.97319 0.21712
vn 0.15274 0.97416 0.16636
vn -0.195 0.82889 -0.52432
vn 0.35533 0.58327 0.73043
vn 0.42685 0.58251 0.69172
vn 0.39473 -0.13395 0.90898
vn 0.49592 -0.14941 0.85542
vn 0.22342 -0.74997 0.6226
vn 0.30831 -0.7707 0.55764
vn -0.15418 -0.98788 -0.01813
vn -0.05196 -0.99692 -0.05866
vn -0.4828 -0.64406 -0.59337
vn -0.36629 -0.64827 -0.66752
vn -0.57423 0.12873 -0.80851
vn -0.42111 0.11488 -0.8997
vn 0.32224 0.94396 0.07145
vn -0.00839 0.7855 -0.61881
vn 0.56402 0.5586 0.60815
vn 0.62636 -0.15565 0.76384
vn 0.41501 -0.76735 0.48882
vn 0.07815 -0.99014 -0.11628
vn -0.20506 -0.63952 -0.74092
vn -0.23486 0.10333 -0.96652
vn 0.23878 0.68634 -0.68697
vn 0.54011 0.83895 -0.06658
vn 0.74687 0.48826 0.45142
vn 0.7825 -0.16414 0.60062
vn 0.59918 -0.71894 0.35229
vn 0.33584 -0.91619 -0.21865
vn 0.08305 -0.5911 -0.80231
vn 0.0377 0.084 -0.99575
vn -0.52251 0.75988 -0.38674
vn -0.08599 0.98515 0.14861
vn -0.10952 0.96354 0.24414
vn -0.54619 0.80405 -0.2349
vn 0.28249 0.57358 0.7689
vn 0.26368 0.56279 0.78341
vn 0.37421 -0.1484 0.91539
vn 0.35981 -0.13938 0.92256
vn 0.19225 -0.72971 0.65618
vn 0.17304 -0.71569 0.67664
vn -0.26105 -0.96278 -0.07013
vn -0.29479 -0.95556 0.00159
vn -0.62524 -0.5199 -0.58204
vn -0.67711 -0.57772 -0.45581
vn -0.76816 0.11572 -0.62972
vn -0.83702 0.1255 -0.53259
vn -0.23986 0.75853 -0.60589
vn 0.04828 0.99659 0.06684
vn -0.05717 0.99238 0.10917
vn -0.4164 0.69835 -0.58217
vn 0.55612 0.6532 0.51387
vn 0.3905 0.59591 0.70171
vn 0.80619 -0.15367 0.57135
vn 0.57215 -0.16355 0.80368
vn 0.49487 -0.8107 0.31286
vn 0.31277 -0.78045 0.54136
vn -0.04964 -0.98156 -0.1846
vn -0.1494 -0.9827 -0.10944
vn -0.34829 -0.55288 -0.75698
vn -0.46667 -0.48809 -0.73755
vn -0.33694 0.13 -0.93251
vn -0.50942 0.13458 -0.84993
vn -0.32358 0.90038 0.29088
vn -0.64389 0.75682 -0.11235
vn -0.0628 0.65353 0.75429
vn 0.00684 -0.13412 0.99094
vn -0.22819 -0.76914 0.59695
vn -0.55897 -0.82506 0.08268
vn -0.77983 -0.56242 -0.27485
vn -0.90064 0.1222 -0.41703
vn -0.01823 0.96803 0.25019
vn -0.43221 0.84751 -0.3081
vn -0.73092 0.13859 -0.66824
vn -0.60475 -0.62088 -0.49878
vn -0.25307 -0.96729 0.0172
vn 0.19043 -0.7255 0.66136
vn 0.36474 -0.13087 0.92187
vn 0.29757 0.57006 0.76583
vn -0.06799 0.99184 0.10782
vn 0.30811 0.57021 0.76153
vn 0.40472 -0.1575 0.90078
vn 0.22601 -0.74627 0.6261
vn -0.21249 -0.97139 -0.10604
vn -0.52877 -0.47366 -0.7043
vn -0.60249 0.1166 -0.78956
vn -0.45478 0.69979 -0.55088
vn -0.25365 0.83983 -0.47995
vn -0.48457 0.13138 -0.86483
vn -0.43528 -0.63028 -0.64286
vn -0.2027 -0.96777 -0.14942
vn 0.24588 -0.93583 0.25253
vn 0.74866 -0.18053 0.6379
vn 0.40632 0.80276 0.43643
vn 0.0086 0.99554 0.09394
vn 0.37594 0.89903 -0.22455
vn 0.25202 0.95251 -0.17091
vn 0.20681 0.97269 -0.10541
vn 0.35551 0.91841 -0.17362
vn 0.03267 0.99905 -0.02891
vn 0.01295 0.99976 -0.01791
vn -0.07934 0.99664 0.02035
vn -0.0695 0.99752 -0.01144
vn -0.18606 0.97878 -0.08583
vn -0.16095 0.98484 -0.06463
vn 0.15229 0.9882 -0.0165
vn 0.29072 0.95632 -0.03059
vn -0.00167 0.99998 -0.00672
vn -0.05301 0.99839 -0.01997
vn -0.14533 0.98919 -0.01957
vn 0.00496 0.99966 0.02558
vn 0.1466 0.98808 0.04709
vn -0.041 0.99909 0.01139
vn -0.15748 0.98739 0.01632
vn -0.18907 0.98193 -0.00862
vn -0.22047 0.97501 0.02722
vn 0.03035 0.99934 0.01989
vn 0.1792 0.97988 0.08788
vn -0.04597 0.99887 0.0122
vn -0.17829 0.98219 0.05924
vn -0.25422 0.96357 0.08315
vn 0.30096 0.94542 0.12488
vn 0.19942 0.97606 0.08678
vn 0.32443 0.93295 0.15607
vn 0.04956 0.99868 -0.01355
vn -0.05289 0.9986 -0.00085
vn -0.19403 0.97627 0.09617
vn -0.26075 0.95638 0.13171
vn 0.84939 0.19509 -0.49039
vn 0.49039 0.19509 -0.84938
vn 0.46728 0.35579 -0.80936
vn 0.80936 0.35579 -0.46728
vn 0 0.19509 -0.98079
vn 0 0.35579 -0.93457
vn -0.49039 0.19509 -0.84938
vn -0.46728 0.35579 -0.80936
vn -0.84939 0.19509 -0.49039
vn -0.80936 0.35579 -0.46728
vn -0.98079 0.19509 -0
vn -0.93457 0.35579 -0
vn -0.84939 0.19509 0.49039
vn -0.80936 0.35579 0.46728
vn -0.49039 0.19509 0.84938
vn -0.46728 0.35579 0.80936
vn -0 0.19509 0.98079
vn -0 0.35579 0.93457
vn 0.49039 0.19509 0.84938
vn 0.46728 0.35579 0.80936
vn 0.84939 0.19509 0.49039
vn 0.80936 0.35579 0.46728
vn 0.98079 0.19509 0
vn 0.93457 0.35579 0
vn 0.3746 0.66234 -0.64883
vn 0.64883 0.66234 -0.3746
vn 0 0.66234 -0.7492
vn -0.3746 0.66234 -0.64883
vn -0.64883 0.66234 -0.3746
vn -0.7492 0.66234 -0
vn -0.64883 0.66234 0.3746
vn -0.3746 0.66234 0.64883
vn -0 0.66234 0.7492
vn 0.3746 0.66234 0.64883
vn 0.64883 0.66234 0.3746
vn 0.7492 0.66234 0
vn -0.64277 0.65633 0.39507
vn -0.85681 -0.0605 0.51206
vn -0.80608 -0.05893 0.58887
vn -0.53801 0.67589 0.50371
vn -0.64015 -0.69974 0.31713
vn -0.59509 -0.70567 0.38457
vn -0.11157 -0.98721 -0.11392
vn -0.03654 -0.99897 -0.02686
vn 0.44382 -0.75967 -0.47532
vn 0.52144 -0.75417 -0.39915
vn 0.75514 -0.06577 -0.65225
vn 0.81991 -0.08786 -0.56571
vn 0.58243 0.6435 -0.49667
vn 0.66287 0.64256 -0.38434
vn 0.00293 0.99816 -0.0605
vn 0.11287 0.99036 0.08024
vn -0.67472 -0.07503 0.73425
vn -0.38925 0.64817 0.65449
vn -0.48642 -0.71299 0.50502
vn 0.05833 -0.99315 0.10123
vn 0.58959 -0.75308 -0.29197
vn 0.88988 -0.10795 -0.44325
vn 0.75013 0.61938 -0.23166
vn 0.22391 0.94509 0.23806
vn -0.18176 0.55723 0.81022
vn -0.44503 -0.0933 0.89064
vn -0.29122 -0.69142 0.66116
vn 0.195 -0.94181 0.27379
vn 0.6797 -0.72944 -0.07697
vn 0.97403 -0.14754 -0.17176
vn 0.85021 0.52539 0.03342
vn 0.35994 0.82145 0.44234
vn -0.66851 0.7241 0.16964
vn -0.90234 0.08442 0.42269
vn -0.93366 0.01395 0.35788
vn -0.77715 0.61775 0.12011
vn -0.67707 -0.69463 0.24303
vn -0.68173 -0.69848 0.21765
vn -0.11054 -0.98402 -0.1396
vn -0.12661 -0.98084 -0.14807
vn 0.40093 -0.76769 -0.49991
vn 0.37334 -0.77218 -0.51415
vn 0.71384 0.03833 -0.69926
vn 0.66475 -0.00216 -0.74706
vn 0.41962 0.73018 -0.53922
vn 0.39394 0.64328 -0.65651
vn -0.13758 0.9504 -0.27894
vn -0.21325 0.90785 -0.36101
vn -0.4643 0.75592 0.46154
vn -0.8245 0.08296 0.55975
vn -0.88044 0.10309 0.46282
vn -0.49487 0.82005 0.28745
vn -0.52781 -0.61486 0.58597
vn -0.62462 -0.69246 0.36103
vn 0.20798 -0.92834 0.30811
vn 0.02675 -0.99878 0.04157
vn 0.72985 -0.65638 -0.191
vn 0.53795 -0.74462 -0.39515
vn 0.86058 0.01811 -0.50899
vn 0.79075 0.00843 -0.61209
vn 0.62909 0.72308 -0.28532
vn 0.52105 0.78046 -0.34551
vn 0.14749 0.97542 0.16371
vn 0.04105 0.99914 0.00656
vn -0.98624 0.07838 0.14556
vn -0.82814 0.55999 -0.02432
vn -0.87333 -0.48594 0.03383
vn -0.29925 -0.84936 -0.43478
vn 0.29115 -0.50167 -0.81459
vn 0.41949 0.09223 -0.90306
vn 0.26549 0.54995 -0.79188
vn -0.28378 0.84505 -0.45316
vn -0.90366 -0.03881 0.42648
vn -0.73712 0.62522 0.25642
vn -0.12554 0.96641 -0.22424
vn 0.4758 0.63346 -0.61019
vn 0.68441 -0.03923 -0.72804
vn 0.39461 -0.77033 -0.50087
vn -0.13134 -0.98148 -0.13945
vn -0.66694 -0.70066 0.25352
vn -0.88373 0.10987 0.45492
vn -0.6611 -0.70266 0.26309
vn -0.08492 -0.98957 -0.11636
vn 0.44037 -0.76334 -0.47263
vn 0.75506 0.04098 -0.65438
vn 0.47081 0.78818 -0.39636
vn -0.00621 0.99543 -0.09533
vn -0.52426 0.81466 0.24795
vn -0.58865 0.67196 0.44941
vn 0.05971 0.9978 0.02891
vn 0.61055 0.66167 -0.43522
vn 0.774 0.07243 -0.62903
vn 0.75866 -0.49462 -0.42402
vn 0.17951 -0.95753 0.22565
vn -0.67746 -0.4463 0.58469
vn -0.85063 0.08134 0.51944
vn 0.43457 -0.70761 -0.55717
vn 0.66299 -0.68389 -0.30451
vn 0.04953 -0.80916 -0.5855
vn -0.35785 -0.89663 -0.26075
vn -0.36715 -0.89088 0.26744
vn -0.11496 -0.8153 0.56752
vn 0.22207 -0.77025 0.59782
vn 0.64576 -0.7227 0.2464
vn -0.03247 0.99638 -0.07854
vn -0.00013 0.99993 -0.01208
vn -0.04352 0.99133 -0.124
vn -0.07687 0.98822 -0.13231
vn -0.1078 0.9814 -0.15884
vn -0.18673 0.96823 -0.16635
vn -0.25927 0.9598 -0.10755
vn -0.29242 0.9549 -0.05157
vn -0.31579 0.94879 0.00861
vn -0.31859 0.94237 0.10221
vn -0.26456 0.95065 0.16209
vn -0.22477 0.95931 0.17088
vn -0.19813 0.96109 0.19251
vn -0.15623 0.97215 0.17468
vn -0.08447 0.98341 0.16053
vn -0.01448 0.99599 0.08823
vn -0.16894 0.98556 0.01176
vn 0.00573 0.8505 0.52595
vn -0.28107 0.02867 0.95926
vn -0.31891 0.02378 0.94749
vn 0.03445 0.87016 0.49156
vn 0.34155 0.833 -0.43526
vn 0.20972 0.97708 0.03648
vn 0.24917 0.96477 0.08441
vn 0.41751 0.84435 -0.33579
vn 0.54352 0.01855 -0.83919
vn 0.40323 0.02685 -0.91471
vn -0.06239 -0.99612 -0.06199
vn -0.0697 -0.99527 -0.06763
vn 0.1124 -0.84637 -0.5206
vn 0.15038 -0.87512 -0.45995
vn 0.24413 0.9529 0.17998
vn 0.76561 -0.14819 0.62601
vn 0.80001 0.04529 -0.59828
vn 0.49839 0.86695 -0.00148
vn 0.18556 0.04152 -0.98175
vn 0.18984 0.85696 -0.47914
vn -0.3436 0.04118 0.93821
vn -0.0664 0.85454 0.51512
vn -0.6434 0.05129 0.76381
vn -0.01032 0.92011 0.39152
vn 0.22725 0.96795 0.10693
vn 0.35928 0.90183 -0.24005
vn 0.46596 0.0485 -0.88348
vn -0.11404 -0.99002 -0.08275
vn 0.04141 -0.90775 -0.41747
vn -0.28446 0.02731 0.9583
vn 0.20999 0.85293 0.47793
vn -0.06258 -0.99773 -0.02471
vn 0.19986 -0.94568 -0.25641
vn 0.10247 0.99455 0.01925
vn -0.29221 -0.8444 0.44901
vn -0.14945 -0.98737 -0.05262
vn -0.02014 -0.84258 -0.53819
vn -0.33164 -0.92642 0.1782
vn -0.14828 -0.94729 0.284
vn -0.2525 -0.90187 0.35053
vn -0.24507 -0.86843 0.43102
vn -0.10328 -0.78818 -0.60671
vn 0.05064 0.08234 -0.99532
vn 0.18048 0.04469 -0.98256
vn -0.03382 -0.84052 -0.54073
vn -0.08101 -0.91536 0.39441
vn -0.11623 -0.98681 -0.11267
vn -0.07221 -0.99179 -0.1055
vn -0.07346 -0.93252 0.35356
vn 0.0766 -0.17088 0.98231
vn 0.09449 -0.18541 0.97811
vn 0.24936 0.96073 0.12175
vn 0.23148 0.96258 0.14093
vn 0.21592 0.75659 0.61721
vn 0.21034 0.80404 0.55612
vn -0.05424 -0.99672 -0.06002
vn 0.93755 -0.23101 0.26007
vn 0.08979 -0.18583 0.97847
vn 0.04672 -0.96952 0.24053
vn -0.00997 -0.17137 0.98516
vn -0.17094 -0.90919 0.37968
vn -0.13063 0.13192 -0.98262
vn -0.22785 -0.74361 -0.6286
vn 0.06129 0.05673 -0.99651
vn -0.08647 -0.88149 -0.46423
vn -0.09245 -0.99083 -0.09852
vn -0.17855 -0.95138 0.25098
vn -0.28181 -0.06727 0.95711
vn 0.20588 0.97332 0.10135
vn 0.09841 0.90227 0.41978
vn 0.46284 -0.10612 -0.88007
vn 0.13165 -0.94105 -0.3116
vn 0.28315 0.95168 0.11884
vn 0.29818 0.85148 0.43136
vn -0.21474 -0.96604 -0.14368
vn 0.08702 0.91343 -0.39758
vn 0.15557 0.97895 0.13212
vn 0.14607 0.76904 0.62229
vn 0.19289 0.94134 -0.2769
vn 0.41653 0.88786 -0.19546
vn 0.25679 0.90487 -0.33952
vn 0.19982 0.89866 -0.39048
vn 0.36948 -0.91632 -0.15441
vn 0.95325 -0.12397 -0.27559
vn 0.95992 -0.15636 -0.23259
vn 0.29449 -0.9413 -0.16499
vn -0.5788 -0.78646 0.21558
vn -0.13528 -0.99023 0.03378
vn -0.13939 -0.99021 -0.00747
vn -0.54228 -0.82397 0.16431
vn -0.88065 0.07869 0.46719
vn -0.9066 0.11076 0.40719
vn 0.16609 0.96808 0.1877
vn 0.12272 0.98773 0.09655
vn -0.35534 0.9039 0.23812
vn -0.2682 0.9052 0.32967
vn -0.13134 -0.9908 -0.03273
vn 0.31742 -0.24509 0.91607
vn -0.79806 -0.03553 0.60153
vn -0.34273 -0.91858 0.19686
vn -0.96207 0.10759 0.25068
vn -0.57919 -0.79352 0.18673
vn 0.91223 -0.11193 -0.39409
vn 0.39119 -0.90497 -0.16734
vn 0.87935 -0.10901 -0.46354
vn 0.17777 -0.95534 -0.23607
vn -0.15132 -0.98669 -0.05953
vn -0.49109 -0.87083 0.0221
vn -0.96133 0.11427 0.25059
vn 0.17709 0.96938 0.17013
vn -0.17694 0.95418 0.24131
vn 0.96463 -0.25432 -0.06935
vn 0.18122 -0.98343 0.00401
vn 0.21393 0.94394 0.2514
vn -0.06858 0.89737 0.43591
vn -0.10834 -0.99349 0.03516
vn 0.55515 0.79453 -0.24604
vn 0.08858 0.9922 -0.08769
vn -0.40719 0.91203 0.04885
vn 0.47937 0.87754 -0.01133
vn 0.52564 0.82254 0.21709
vn 0.57411 0.8185 0.0214
vn 0.59302 0.80139 -0.07808
vn -0.44547 -0.89102 0.08742
vn -0.9667 -0.08408 0.24172
vn -0.9563 -0.08042 0.28112
vn -0.40095 -0.91403 0.06162
vn 0.52476 -0.82533 -0.20847
vn 0.06314 -0.99495 -0.07806
vn 0.02313 -0.99214 -0.12301
vn 0.437 -0.85165 -0.28934
vn 0.86486 -0.00271 -0.502
vn 0.9341 0.00654 -0.35696
vn -0.03726 0.99702 -0.06755
vn -0.02481 0.99774 -0.06239
vn 0.44993 0.86982 -0.20243
vn 0.38183 0.89116 -0.24502
vn -0.05809 -0.98977 -0.13032
vn -0.59864 -0.01699 -0.80084
vn 0.64101 -0.06506 -0.76477
vn 0.1233 -0.91375 -0.38712
vn 0.99068 0.02136 -0.1345
vn 0.55758 -0.82859 -0.05051
vn -0.94889 -0.08032 0.30521
vn -0.44379 -0.88159 0.16079
vn -0.7861 -0.06185 0.615
vn -0.28987 -0.9503 0.11362
vn 0.00599 -0.99452 -0.10436
vn 0.35232 -0.9064 -0.23307
vn 0.90643 -0.00226 -0.42235
vn -0.02576 0.9996 -0.01174
vn 0.32186 0.93644 -0.13962
vn -0.96191 -0.11335 0.24877
vn -0.36687 -0.92279 -0.11779
vn -0.09047 0.99408 -0.06014
vn 0.16166 0.93886 -0.30399
vn 0.06985 -0.997 0.03327
vn -0.5338 0.83154 0.1536
vn -0.03719 0.99919 0.01563
vn 0.46592 0.88203 -0.0703
vn -0.29345 0.93443 0.2018
vn -0.39668 0.91781 0.0167
vn -0.44994 0.88552 0.11581
vn -0.52035 0.84731 0.10631
vn 0.53339 0.83421 0.13993
vn 0.856 -0.00268 0.51696
vn 0.8342 0.00013 0.55146
vn 0.50238 0.85887 0.09984
vn -0.30742 0.84832 -0.43109
vn 0.11706 0.9764 -0.18151
vn 0.16743 0.9629 -0.21166
vn -0.19701 0.853 -0.4833
vn -0.67096 0.04165 -0.74032
vn -0.77981 0.05993 -0.62313
vn -0.09962 -0.99438 0.03574
vn -0.11299 -0.99291 0.03689
vn -0.50098 -0.82789 -0.25221
vn -0.42764 -0.86272 -0.2699
vn 0.24589 0.94977 -0.19357
vn 0.8001 -0.16074 -0.57793
vn -0.37375 0.04137 -0.92661
vn 0.13722 0.86329 -0.4857
vn -0.90002 0.08135 -0.42819
vn -0.38368 0.8762 -0.29164
vn 0.82021 0.00409 0.57205
vn 0.50908 0.83475 0.20981
vn 0.57382 0.04622 0.81768
vn 0.38801 0.91482 0.112
vn 0.17859 0.96561 -0.18895
vn -0.12486 0.90398 -0.40893
vn -0.73337 0.05667 -0.67746
vn -0.12706 -0.98822 0.08537
vn -0.40855 -0.90072 -0.14765
vn 0.85397 0.02759 0.51959
vn 0.52354 0.8481 -0.08145
vn -0.05107 -0.99697 0.05876
vn -0.20998 -0.94405 -0.25431
vn 0.07878 0.99382 -0.07819
vn 0.33088 -0.86272 0.38239
vn -0.12413 -0.98561 0.11477
vn -0.55627 -0.82065 -0.13074
vn 0.07398 -0.92853 0.3638
vn 0.22769 -0.94893 0.21836
vn 0.25428 -0.91063 0.32573
vn 0.32945 -0.8828 0.33484
vn -0.25606 0.96543 0.04874
vn -0.94668 0.28706 0.14627
vn -0.95331 0.28272 0.10613
vn -0.20138 0.97801 0.05423
vn 0.71847 0.69376 -0.04987
vn 0.28657 0.95806 -2E-05
vn 0.26741 0.9619 0.05697
vn 0.67609 0.7346 0.05725
vn 0.97324 -0.19039 0.12868
vn 0.97752 -0.20854 -0.03123
vn -0.20731 -0.97035 0.12428
vn -0.19824 -0.97341 0.11476
vn 0.30885 -0.94955 0.0545
vn 0.25979 -0.95805 0.12102
vn 0.19668 0.97584 0.09515
vn -0.22516 0.11081 0.968
vn 0.88605 -0.09294 0.45417
vn 0.44409 0.85577 0.2654
vn 0.93931 -0.22691 -0.25731
vn 0.68749 0.6957 -0.20823
vn -0.95599 0.28196 0.08108
vn -0.28485 0.95838 -0.01905
vn -0.93317 0.24143 -0.26626
vn -0.11429 0.99271 -0.03827
vn 0.24524 0.96836 0.04629
vn 0.58906 0.80731 0.03545
vn 0.97971 -0.19655 0.03928
vn -0.21909 -0.97329 0.06855
vn 0.15593 -0.98654 0.04923
vn -0.93921 0.31501 0.13655
vn -0.09946 0.97349 0.20597
vn -0.25747 -0.9564 0.13784
vn 0.07491 -0.962 0.26258
vn 0.2499 0.96253 -0.10527
vn -0.7066 -0.6999 0.1042
vn -0.23989 -0.96963 0.04772
vn 0.26963 -0.9602 -0.07283
vn -0.5296 -0.84778 -0.02802
vn -0.5475 -0.81687 0.18156
vn -0.62731 -0.77107 0.10925
vn -0.67934 -0.71969 0.14334
vn -0.97464 -0.11459 0.19221
vn -0.43424 -0.89802 0.07061
vn -0.53477 0.7809 0.32284
vn 0.43261 0.86283 0.2615
vn 0.98623 0.10676 0.12632
vn 0.62457 -0.77994 0.03999
vn -0.99538 -0.07379 -0.06145
vn -0.44136 -0.87318 -0.20679
vn -0.55263 0.83141 0.05792
vn 0.43601 0.89867 0.04787
vn 0.98775 0.1261 -0.09189
vn 0.616 -0.75338 -0.23013
vn -0.96632 -0.05675 -0.25103
vn -0.41476 -0.82193 -0.39039
vn -0.54726 0.826 -0.13501
vn 0.4103 0.90686 -0.09626
vn 0.96512 0.13211 -0.22603
vn 0.60748 -0.69582 -0.38316
vn 0.23149 -0.77077 -0.59357
vn 0.28402 -0.89772 0.3368
vn -0.23538 0.10674 -0.96602
vn -0.55527 0.75147 -0.35633
vn -0.48491 0.5973 0.63882
vn -0.08795 -0.17174 0.98121
vn 0.44424 -0.66204 -0.60362
vn 0.51256 -0.78078 0.35731
vn -0.01576 0.24658 -0.969
vn -0.34073 0.86115 -0.37726
vn -0.24298 0.72055 0.64944
vn 0.15128 -0.04889 0.98728
vn 0.58576 -0.54632 -0.59868
vn 0.64843 -0.69356 0.31388
vn 0.17758 0.33882 -0.92394
vn -0.156 0.90518 -0.39536
vn -0.05778 0.76277 0.64409
vn 0.3018 0.08733 0.94936
vn -0.81568 -0.57059 -0.09533
vn 0.01985 -0.99329 0.11394
vn -0.90311 0.42896 -0.01972
vn -0.12647 0.97123 0.20178
vn 0.71261 0.57846 0.39694
vn 0.84392 -0.37395 0.38465
vn -0.75843 -0.55235 -0.34598
vn 0.104 -0.98298 -0.15144
vn -0.84373 0.45676 -0.28193
vn -0.06185 0.99808 -0.00324
vn 0.78472 0.58988 0.19039
vn 0.92347 -0.36265 0.12526
vn -0.6732 -0.52868 -0.51701
vn 0.16978 -0.93051 -0.32454
vn -0.76665 0.44918 -0.45879
vn -0.03402 0.98857 -0.1469
vn 0.81241 0.58025 0.05742
vn 0.94658 -0.32095 -0.03137
vn -0.31834 -0.76249 0.56327
vn 0.20305 -0.95437 -0.21898
vn -0.36808 0.17997 0.91221
vn 0.05728 0.9047 0.42219
vn 0.56401 0.74268 -0.36101
vn 0.68378 -0.14301 -0.71554
vn -0.53451 -0.72946 0.42684
vn -0.01692 -0.92199 -0.38686
vn -0.5952 0.22281 0.77207
vn -0.1145 0.94785 0.29744
vn 0.39478 0.77287 -0.49681
vn 0.46773 -0.11088 -0.87689
vn -0.66715 -0.6841 0.29483
vn -0.16077 -0.85386 -0.49505
vn -0.73325 0.23588 0.63773
vn -0.2383 0.9462 0.21889
vn 0.28091 0.77106 -0.57146
vn 0.32555 -0.06427 -0.94334
vn 0.51882 0.71606 0.467
vn 0.47724 -0.15607 0.8648
vn 0.221 0.84596 -0.4853
vn -0.16815 0.1044 -0.98022
vn -0.23451 -0.76183 -0.60384
vn 0.07536 -0.9554 0.28554
vn 0.2855 0.7814 0.5549
vn 0.22317 -0.10851 0.96872
vn -0.02632 0.91554 -0.40137
vn -0.37177 0.14314 -0.91722
vn -0.43659 -0.73037 -0.52531
vn -0.17225 -0.9064 0.3857
vn 0.101 0.7861 0.60979
vn 0.03434 -0.08314 0.99595
vn -0.19937 0.92738 -0.31656
vn -0.4953 0.18326 -0.84917
vn -0.55148 -0.695 -0.46135
vn -0.32439 -0.85171 0.41154
vn -0.81582 0.49018 0.30686
vn -0.90979 -0.41506 0.00305
vn 0.0997 0.86028 0.49997
vn 0.89091 0.32445 0.31783
vn 0.82448 -0.56589 0.00273
vn -0.02493 -0.98736 -0.15651
vn -0.80923 0.58369 0.06676
vn -0.90344 -0.33745 -0.26445
vn 0.11459 0.96149 0.2498
vn 0.91336 0.39117 0.11296
vn 0.83479 -0.50948 -0.2087
vn -0.01848 -0.90898 -0.41643
vn -0.77892 0.6154 -0.12072
vn -0.85286 -0.27966 -0.44092
vn 0.11226 0.99192 0.05915
vn 0.89679 0.44182 -0.02365
vn 0.81932 -0.46438 -0.33625
vn 0.0098 -0.83032 -0.5572
vn -0.52023 0.84425 -0.12884
vn 0.43773 0.88378 -0.16532
vn -0.98552 -0.04726 -0.16281
vn -0.46529 -0.86923 -0.16719
vn 0.4812 -0.85635 -0.18736
vn 0.9788 -0.03376 -0.20201
vn -0.52321 0.8424 0.12888
vn 0.45929 0.88114 0.11243
vn -0.9926 -0.05697 0.10721
vn -0.45656 -0.88837 0.04842
vn 0.50255 -0.86401 0.03053
vn 0.99696 -0.03642 0.06892
vn -0.48836 0.81341 0.31602
vn 0.46476 0.83349 0.29882
vn -0.95361 -0.05347 0.29627
vn -0.45472 -0.86929 0.1938
vn 0.50631 -0.84632 0.16549
vn 0.97158 -0.06047 0.22887
vn -0.94309 -0.01814 -0.33204
vn -0.49824 -0.85143 -0.16377
vn -0.54244 0.84006 0.0077
vn 0.3247 0.83272 0.44849
vn 0.79053 0.02482 0.61192
vn 0.43521 -0.82943 0.3502
vn -0.82795 0.01194 -0.56067
vn -0.36101 -0.83958 -0.40593
vn -0.41814 0.87901 -0.22913
vn 0.43968 0.85768 0.26659
vn 0.90455 0.03331 0.42506
vn 0.56767 -0.81539 0.11356
vn -0.70513 0.0171 -0.70887
vn -0.23987 -0.79989 -0.55013
vn -0.31617 0.86376 -0.39237
vn 0.49167 0.8611 0.12952
vn 0.95389 0.03477 0.29815
vn 0.64388 -0.7648 -0.02222
vn -0.36008 -0.7378 -0.57095
vn -0.19107 -0.91441 0.35686
vn -0.36624 0.21085 -0.90632
vn -0.13793 0.94184 -0.30646
vn 0.04815 0.79127 0.60957
vn 0.02441 -0.08896 0.99574
vn -0.11177 -0.76472 -0.63459
vn 0.08206 -0.94646 0.31223
vn -0.10583 0.19087 -0.97589
vn 0.0748 0.93495 -0.34681
vn 0.26419 0.77096 0.5795
vn 0.29022 -0.1197 0.94945
vn 0.08063 -0.76258 -0.64185
vn 0.26999 -0.92155 0.27903
vn 0.08465 0.16025 -0.98344
vn 0.21274 0.89948 -0.38169
vn 0.3927 0.73775 0.5491
vn 0.44246 -0.11042 0.88996
vn 0.10226 -0.97859 0.17861
vn 0.83416 -0.41691 0.36106
vn -0.84114 -0.53988 -0.03176
vn -0.91432 0.4 -0.06334
vn -0.11478 0.98465 0.1315
vn 0.71666 0.61545 0.32805
vn 0.15071 -0.98702 -0.05542
vn 0.90768 -0.40372 0.11459
vn -0.80002 -0.52606 -0.2885
vn -0.87292 0.38387 -0.30108
vn -0.04432 0.99041 -0.13086
vn 0.78279 0.61863 0.06734
vn 0.16894 -0.95722 -0.23492
vn 0.90413 -0.42416 -0.05132
vn -0.71537 -0.4995 -0.48862
vn -0.81178 0.33835 -0.47596
vn 0.02676 0.95262 -0.303
vn 0.76582 0.62801 -0.13827
vn -0.83429 -0.54567 0.07881
vn -0.91023 0.41048 0.0546
vn 0.03598 -0.9846 -0.17105
vn 0.81636 -0.44034 -0.37371
vn 0.77055 0.50523 -0.38858
vn -0.04563 0.97821 -0.20254
vn -0.76994 -0.54713 0.32839
vn -0.84101 0.43369 0.32346
vn 0.11104 -0.98986 0.08854
vn 0.88692 -0.42983 -0.16916
vn 0.83015 0.52803 -0.17901
vn 0.02208 0.99797 0.0597
vn -0.69751 -0.51038 0.50298
vn -0.74978 0.44162 0.49275
vn 0.1523 -0.94992 0.27288
vn 0.9036 -0.42773 -0.02349
vn 0.8456 0.53202 -0.04378
vn 0.08493 0.97422 0.20899
vn 0.19409 -0.96207 -0.1917
vn -0.66306 -0.60764 -0.43718
vn 0.93971 -0.33617 0.06277
vn 0.77448 0.6206 0.12262
vn -0.06735 0.99278 -0.09924
vn -0.80337 0.44795 -0.39235
vn 0.12599 -0.99049 0.05526
vn -0.75827 -0.6277 -0.17613
vn 0.87469 -0.36049 0.32399
vn 0.71387 0.61733 0.33058
vn -0.14398 0.98391 0.1058
vn -0.89365 0.42731 -0.13708
vn 0.05357 -0.97109 0.23262
vn -0.79758 -0.60311 0.01066
vn 0.78631 -0.36915 0.49543
vn 0.66506 0.58445 0.46489
vn -0.1911 0.95423 0.23005
vn -0.90669 0.42099 0.026
vn -0.4093 0.90942 0.07374
vn -0.84321 0.25245 -0.47463
vn 0.31759 0.62831 0.71018
vn 0.6244 -0.29472 0.72337
vn 0.22275 -0.95808 0.18019
vn -0.5059 -0.75676 -0.41397
vn -0.23589 0.96571 -0.10845
vn -0.66586 0.29521 -0.68519
vn 0.50577 0.68484 0.52459
vn 0.77608 -0.26743 0.57112
vn 0.36362 -0.93143 0.01455
vn -0.33169 -0.71309 -0.61765
vn -0.10738 0.96181 -0.25179
vn -0.51428 0.29927 -0.80371
vn 0.61338 0.70037 0.36503
vn 0.85979 -0.22456 0.45862
vn 0.44052 -0.89311 -0.09108
vn -0.20017 -0.67702 -0.70822
vn 0.00781 -0.25913 -0.96581
vn -0.13459 -0.9421 -0.30714
vn -0.05229 0.71007 -0.70219
vn -0.18992 0.95467 0.22922
vn -0.31726 0.29878 0.90005
vn -0.31513 -0.64155 0.69936
vn 0.26297 -0.25913 -0.92936
vn 0.13749 -0.95855 -0.24955
vn 0.21479 0.71845 -0.66158
vn 0.02068 0.95986 0.27973
vn -0.10482 0.28692 0.9522
vn -0.0494 -0.65556 0.75352
vn 0.44152 -0.26422 -0.85746
vn 0.317 -0.92994 -0.18631
vn 0.39768 0.68677 -0.60844
vn 0.16601 0.94276 0.2892
vn 0.02986 0.26967 0.96249
vn 0.10959 -0.62276 0.7747
vn -0.69955 -0.71066 -0.07483
vn 0.15176 -0.94077 0.30319
vn -0.94514 0.25681 -0.2019
vn -0.29738 0.95475 -0.00297
vn 0.55493 0.75189 0.35597
vn 0.82748 -0.15148 0.54067
vn -0.61086 -0.72578 -0.31637
vn 0.27004 -0.96146 0.05179
vn -0.85417 0.24935 -0.45631
vn -0.20921 0.95702 -0.20084
vn 0.65295 0.74022 0.1604
vn 0.94026 -0.17098 0.29441
vn -0.50685 -0.71725 -0.47818
vn 0.35101 -0.92869 -0.11971
vn -0.75264 0.22518 -0.61874
vn -0.16027 0.92812 -0.33601
vn 0.70025 0.713 0.03565
vn 0.97875 -0.15323 0.13628
vn -0.29112 -0.8499 0.43922
vn 0.47284 -0.86981 -0.1409
vn -0.659 0.03308 0.75142
vn -0.28254 0.8647 0.4153
vn 0.46131 0.87072 -0.17041
vn 0.88265 0.0587 -0.46635
vn -0.45709 -0.85584 0.2421
vn 0.31308 -0.87508 -0.36908
vn -0.8362 0.03455 0.54733
vn -0.41333 0.87754 0.24307
vn 0.33922 0.87225 -0.3523
vn 0.72458 0.05359 -0.6871
vn -0.54997 -0.83179 0.07516
vn 0.19736 -0.83293 -0.51698
vn -0.926 0.02614 0.37662
vn -0.50354 0.85415 0.12987
vn 0.25704 0.85061 -0.45869
vn 0.60264 0.07234 -0.79472
vn 0.5294 -0.83783 -0.13336
vn -0.32516 -0.8972 0.29883
vn 0.78852 0.00678 -0.61497
vn 0.20291 0.78307 -0.5879
vn -0.63829 0.75415 -0.15438
vn -0.95813 -0.03983 0.28354
vn 0.64703 -0.75808 0.08167
vn -0.22031 -0.81092 0.5421
vn 0.91407 0.09778 -0.39359
vn 0.28876 0.86644 -0.40732
vn -0.5608 0.82712 0.0371
vn -0.85334 0.04445 0.51946
vn 0.69562 -0.67423 0.24805
vn -0.14901 -0.70918 0.6891
vn 0.96481 0.15119 -0.21512
vn 0.35508 0.8922 -0.2791
vn -0.50105 0.85104 0.15709
vn -0.76309 0.11603 0.6358
vn 0.27981 0.79793 -0.53386
vn 0.26169 0.87695 0.40309
vn 0.18139 -0.16503 -0.96946
vn 0.0451 -0.9114 -0.40904
vn 0.02459 -0.80374 0.59447
vn 0.12002 0.03226 0.99225
vn 0.04387 0.83134 -0.55403
vn 0.00658 0.91087 0.41263
vn -0.07827 -0.15354 -0.98504
vn -0.19228 -0.8771 -0.44014
vn -0.2446 -0.76672 0.59355
vn -0.14649 0.06832 0.98685
vn -0.13839 0.81739 -0.55922
vn -0.15235 0.91985 0.36148
vn -0.29169 -0.121 -0.94883
vn -0.36794 -0.80633 -0.46309
vn -0.42027 -0.69495 0.58345
vn -0.34564 0.04529 0.93727
vn 0.57369 0.78863 -0.22123
vn -0.17607 0.9277 0.32921
vn 0.87816 -0.20623 -0.43162
vn 0.37099 -0.92429 -0.08974
vn -0.43326 -0.75268 0.49573
vn -0.70685 0.11357 0.69819
vn 0.44308 0.79119 -0.42154
vn -0.34189 0.9304 0.13217
vn 0.72982 -0.228 -0.6445
vn 0.24807 -0.92176 -0.29801
vn -0.59962 -0.74937 0.28091
vn -0.868 0.11597 0.48283
vn 0.33496 0.7545 -0.56438
vn -0.40001 0.9162 -0.02396
vn 0.56881 -0.21972 -0.79258
vn 0.15598 -0.87495 -0.45839
vn -0.70183 -0.7007 0.12828
vn -0.95144 0.06522 0.30086
vn 0.20935 -0.97351 -0.09196
vn 0.59904 -0.35149 -0.71945
vn 0.69773 -0.34782 -0.62626
vn 0.22758 -0.97363 0.01567
vn -0.33479 -0.64112 0.69057
vn -0.08626 -0.93305 0.34926
vn -0.05397 -0.92381 0.37903
vn -0.30675 -0.67208 0.67396
vn -0.4909 0.29911 0.81826
vn -0.4745 0.28891 0.8315
vn 0.19032 0.94591 -0.26272
vn 0.16494 0.95167 -0.25909
vn -0.12335 0.97736 0.17189
vn -0.09156 0.99052 0.10239
vn -0.06456 -0.90395 0.42273
vn 0.62151 0.13523 0.77165
vn -0.47864 0.28749 0.82961
vn -0.14621 -0.72512 0.67293
vn -0.56437 0.27943 0.77679
vn -0.40093 -0.6635 0.63168
vn 0.44417 -0.34585 -0.8265
vn 0.12046 -0.9739 -0.19239
vn 0.60719 -0.3717 -0.70226
vn 0.13923 -0.98822 0.06347
vn -0.07459 -0.92472 0.37327
vn -0.33802 -0.75816 0.55762
vn -0.7689 0.2931 0.56823
vn 0.16624 0.93762 -0.30534
vn -0.10354 0.98967 -0.09915
vn 0.86718 -0.36701 -0.3366
vn 0.23236 -0.92155 0.31105
vn 0.2195 0.9448 -0.24324
vn 0.05314 0.99797 0.03502
vn -0.1497 -0.95191 0.26731
vn 0.34143 0.63949 -0.68882
vn 0.1077 0.94404 -0.31175
vn -0.18349 0.97384 0.13406
vn 0.36377 0.74152 -0.56375
vn 0.50134 0.78367 -0.36676
vn 0.44965 0.69764 -0.55777
vn 0.43033 0.65649 -0.61954
vn 0.60234 -0.79023 -0.11278
vn 0.9761 0.04727 0.21211
vn 0.98255 0.06313 0.17495
vn 0.55641 -0.82257 -0.11739
vn -0.39594 -0.87276 -0.28553
vn 0.10109 -0.96744 -0.23202
vn 0.11742 -0.97755 -0.17493
vn -0.34654 -0.91979 -0.18412
vn -0.97731 -0.20943 0.03151
vn -0.98028 -0.15658 -0.12052
vn -0.18508 0.92043 0.34432
vn -0.19415 0.92219 0.33447
vn -0.65011 0.73234 0.20257
vn -0.61136 0.74186 0.27546
vn 0.18614 -0.97373 -0.13113
vn 0.20225 -0.24901 0.94715
vn -0.87577 -0.34326 0.33942
vn -0.09648 -0.99503 0.02476
vn -0.94086 -0.07249 -0.33096
vn -0.35877 -0.82569 -0.43534
vn 0.98598 0.07073 0.15116
vn 0.62958 -0.75738 -0.17323
vn 0.96662 0.18166 -0.1807
vn 0.4862 -0.84521 -0.22187
vn 0.14088 -0.97286 -0.18359
vn -0.23739 -0.94885 -0.20814
vn -0.98122 -0.18493 -0.05484
vn -0.17258 0.94058 0.29245
vn -0.52283 0.82204 0.22562
vn 0.98036 0.0217 0.19602
vn 0.45312 -0.89129 0.01692
vn -0.13413 0.92269 0.36145
vn -0.44922 0.77836 0.43858
vn 0.14184 -0.93324 -0.33006
vn 0.37996 0.86109 0.33786
vn -0.15095 0.94972 0.27431
vn -0.61169 0.78635 0.08651
vn 0.1667 0.96218 0.21547
vn 0.18464 0.89091 0.41496
vn 0.27938 0.89553 0.34638
vn 0.34532 0.85981 0.37613
vn 0.73152 0.63185 0.25621
vn 0.88073 -0.32557 0.34399
vn 0.86412 -0.32853 0.38126
vn 0.70324 0.67281 0.22975
vn -0.13766 0.9807 -0.13886
vn 0.32969 0.94227 0.05859
vn 0.37171 0.92818 0.0178
vn -0.03574 0.97785 -0.20625
vn -0.7171 0.38928 -0.57812
vn -0.80491 0.39447 -0.44329
vn -0.33304 -0.9204 -0.20483
vn -0.34545 -0.91664 -0.20106
vn -0.71091 -0.59997 -0.36692
vn -0.65056 -0.64227 -0.40529
vn 0.44614 0.89478 0.01816
vn 0.66978 -0.1449 -0.72829
vn -0.45083 0.38281 -0.80636
vn 0.28874 0.9205 -0.26325
vn -0.89448 0.38235 -0.23177
vn -0.18931 0.98182 0.01402
vn 0.85383 -0.32794 0.40426
vn 0.71578 0.61704 0.32698
vn 0.65313 -0.30982 0.69097
vn 0.60785 0.74478 0.27535
vn 0.38558 0.92188 0.03817
vn 0.05424 0.98939 -0.13479
vn -0.76682 0.39774 -0.50377
vn -0.35262 -0.92345 -0.15134
vn -0.6281 -0.7171 -0.3021
vn 0.88639 -0.29758 0.35463
vn 0.70137 0.71097 0.05096
vn -0.28436 -0.93931 -0.19194
vn -0.45872 -0.76693 -0.44877
vn 0.30821 0.93639 0.1679
vn 0.15151 -0.98481 0.08481
vn -0.34598 -0.93012 -0.12321
vn -0.74929 -0.6172 -0.24005
vn -0.11413 -0.98898 0.09429
vn 0.01335 -0.99704 -0.07565
vn 0.0599 -0.9977 0.03175
vn 0.14011 -0.98953 0.03467
vn 0.51502 0.59526 -0.61679
vn 0.54968 -0.35328 -0.75699
vn -0.17657 0.98429 0.00193
vn -0.76573 0.39691 0.50609
vn -0.73989 -0.5432 0.39685
vn -0.13084 -0.96805 -0.21393
vn 0.68861 0.58646 -0.42647
vn 0.73708 -0.38746 -0.5537
vn -0.00052 0.97836 0.20693
vn -0.63305 0.37689 0.67617
vn -0.59684 -0.57491 0.5597
vn 0.0518 -0.99854 -0.01529
vn 0.79556 0.5409 -0.27297
vn 0.82891 -0.40535 -0.3855
vn 0.1317 0.93133 0.33954
vn -0.52026 0.37014 0.76963
vn -0.49209 -0.58322 0.6463
vn 0.14199 -0.98252 0.1204
vn 0.5271 0.45083 0.72036
vn 0.57551 -0.50435 0.64375
vn 0.12166 0.99227 -0.02456
vn -0.27836 0.54552 -0.79052
vn -0.25718 -0.39668 -0.88119
vn 0.15683 -0.96214 -0.22291
vn 0.30146 0.44232 0.84467
vn 0.33196 -0.53811 0.77475
vn -0.11853 0.98797 0.09932
vn -0.47577 0.52876 -0.70289
vn -0.45099 -0.4271 -0.78371
vn -0.08078 -0.9922 -0.09493
vn 0.12399 0.4017 0.90734
vn 0.14608 -0.54786 0.82372
vn -0.28179 0.94033 0.19072
vn -0.5932 0.51873 -0.61565
vn -0.56003 -0.43845 -0.70294
vn -0.23195 -0.97208 -0.03537
vn -0.2315 0.52791 0.81714
vn -0.21325 -0.42948 0.87753
vn 0.16646 0.98594 0.01447
vn 0.51013 0.45891 -0.72744
vn 0.5245 -0.48732 -0.69816
vn 0.1993 -0.97797 0.0621
vn -0.46553 0.52951 0.70916
vn -0.46517 -0.45253 0.76081
vn -0.07554 0.99152 -0.10579
vn 0.32162 0.44889 -0.8337
vn 0.32918 -0.50988 -0.79477
vn -0.0464 -0.99758 -0.05187
vn -0.62401 0.49344 0.60591
vn -0.61531 -0.45938 0.64059
vn -0.24917 0.95155 -0.18018
vn 0.18131 0.44644 -0.87625
vn 0.19894 -0.5142 -0.83428
vn -0.18222 -0.97324 -0.13998
vn 0.13443 0.95374 0.26891
vn 0.04385 0.92813 0.36968
vn -0.11998 0.91911 0.37529
vn 0.22246 0.96122 0.16302
vn 0.20359 0.97906 0.00092
vn 0.18353 0.97368 -0.13512
vn 0.06339 0.96717 -0.24611
vn -0.05845 0.93474 -0.3505
vn -0.1946 0.91497 -0.3535
vn -0.35205 0.86875 -0.34833
vn -0.44559 0.86039 -0.24735
vn -0.53066 0.83566 -0.14167
vn -0.51817 0.85502 0.02087
vn -0.49693 0.8535 0.15682
vn -0.38104 0.88483 0.26811
vn -0.25495 0.89245 0.37221
vn 0.42068 0.70595 -0.5698
vn 0.41656 0.71913 -0.55618
vn 0.52395 0.76306 -0.37844
vn 0.41362 0.7281 -0.54662
vn 0.20271 0.74466 -0.63591
vn -0.00748 0.72406 -0.68969
vn -0.25942 0.71975 -0.64394
vn -0.45441 0.68077 -0.57451
vn -0.55393 0.6832 -0.47581
vn -0.62098 0.6763 -0.39623
vn -0.61269 0.787 0.07239
vn -0.54574 0.76985 0.33091
vn -0.47353 0.76659 0.43371
vn -0.29383 0.71863 0.63026
vn -0.18552 0.72038 0.66831
vn -0.0233 0.70588 0.70795
vn 0.048 0.71098 0.70157
vn 0.1213 0.7124 0.69121
vn 0.23399 0.7355 0.63584
vn 0.47726 0.80277 0.35747
vn 0.3269 0.74571 0.58056
vn 0.56042 0.80683 0.18698
vn 0.58208 0.81311 -0.00568
vn 0.579 0.77991 -0.23769
vn 0.26449 0.96419 0.01975
vn 0.27501 0.95943 0.06222
vn 0.28479 0.95297 0.10366
vn -0.17458 0.98372 -0.04256
vn -0.19368 0.9762 -0.09758
vn -0.21336 0.96444 -0.15602
vn -0.21336 0.96443 -0.15602
vn 0.13684 0.95173 -0.27475
vn 0.01548 0.94056 -0.33927
vn 0.18026 0.97647 -0.11837
vn -0.25998 0.9036 -0.34047
vn -0.10618 0.9115 -0.39735
vn -0.38362 0.87819 -0.28567
vn -0.46117 0.87595 -0.14153
vn -0.52635 0.85024 0.00641
vn -0.49484 0.85761 0.14016
vn -0.44503 0.84515 0.2961
vn -0.32663 0.87357 0.36083
vn -0.0546 0.93048 0.36226
vn -0.20202 0.88537 0.41869
vn 0.14351 0.97604 0.16353
vn 0.07023 0.94899 0.30738
vn 0.21295 0.97694 0.0153
vn 0.78064 0.59776 0.18243
vn 0.76907 0.61318 0.18039
vn 0.63766 0.69927 0.32312
vn 0.76088 0.62373 0.17894
vn 0.792 0.60863 -0.04808
vn 0.67147 0.55442 -0.49168
vn 0.78291 0.56459 -0.26133
vn 0.54652 0.51874 -0.65744
vn 0.42697 0.53537 -0.72875
vn 0.3325 0.54093 -0.77256
vn -0.0884 0.7461 -0.65995
vn -0.31821 0.7867 -0.52901
vn -0.39676 0.80911 -0.4335
vn -0.54344 0.81375 -0.20615
vn -0.55016 0.8299 -0.09268
vn -0.54694 0.83382 0.07487
vn -0.5209 0.84185 0.14127
vn -0.49123 0.84558 0.209
vn -0.4045 0.86361 0.30093
vn -0.32549 0.86787 0.3753
vn -0.06379 0.88682 0.4577
vn 0.3097 0.82851 0.46655
vn 0.12048 0.86074 0.49459
vn 0.5223 0.74809 0.40934
vt 0.44105 0.44201
vt 0.43484 0.4599
vt 0.45655 0.45968
vt 0.44141 0.47766
vt 0.45679 0.48485
vt 0.47204 0.47735
vt 0.47825 0.45947
vt 0.47168 0.44171
vt 0.4563 0.43452
vt 0.49922 0.35011
vt 0.51925 0.35017
vt 0.51242 0.32934
vt 0.51396 0.37154
vt 0.49909 0.37902
vt 0.48429 0.3714
vt 0.4792 0.34998
vt 0.48623 0.32922
vt 0.49936 0.32126
vt 0.53544 0.30033
vt 0.55678 0.31912
vt 0.54323 0.29258
vt 0.56057 0.38032
vt 0.56429 0.34966
vt 0.55319 0.35009
vt 0.53966 0.4013
vt 0.5241 0.4246
vt 0.54799 0.40908
vt 0.47366 0.42437
vt 0.49885 0.43059
vt 0.4989 0.41948
vt 0.4376 0.37975
vt 0.44991 0.40862
vt 0.45833 0.4009
vt 0.44196 0.31858
vt 0.43417 0.34905
vt 0.44527 0.34959
vt 0.46348 0.29999
vt 0.47462 0.2775
vt 0.45577 0.29217
vt 0.52451 0.27774
vt 0.4996 0.27075
vt 0.49955 0.28176
vt 0.99052 0.40967
vt 0.99052 0.38652
vt 0.94733 0.39809
vt 0.97894 0.42971
vt 0.9589 0.44127
vt 0.93576 0.44127
vt 0.91572 0.4297
vt 0.90415 0.40965
vt 0.90415 0.38651
vt 0.91573 0.36647
vt 0.93577 0.3549
vt 0.95891 0.35491
vt 0.97895 0.36648
vt 0.97895 0.36648
vt 0.95891 0.35491
vt 0.94733 0.39809
vt 0.93577 0.3549
vt 0.91573 0.36647
vt 0.90415 0.38651
vt 0.97894 0.42971
vt 0.99052 0.40967
vt 0.99052 0.38652
vt 0.46189 0.10319
vt 0.46478 0.11559
vt 0.46833 0.10034
vt 0.45477 0.10395
vt 0.46022 0.11585
vt 0.43611 0.10523
vt 0.43979 0.11745
vt 0.44308 0.10482
vt 0.4801 0.10061
vt 0.48153 0.11594
vt 0.48602 0.10406
vt 0.44872 0.10337
vt 0.45554 0.11694
vt 0.46843 0.11578
vt 0.47442 0.0986
vt 0.47828 0.11584
vt 0.44445 0.11777
vt 0.58379 0.28507
vt 0.61945 0.2911
vt 0.58227 0.26238
vt 0.58461 0.32102
vt 0.60193 0.34497
vt 0.63148 0.35488
vt 0.66226 0.35038
vt 0.67768 0.3117
vt 0.67068 0.28487
vt 0.65454 0.26374
vt 0.63468 0.24572
vt 0.61401 0.23779
vt 0.5933 0.24509
vt 0.53124 0.92799
vt 0.52559 0.92798
vt 0.52872 0.93285
vt 0.53763 0.9282
vt 0.53461 0.93297
vt 0.5442 0.92794
vt 0.54125 0.93297
vt 0.55077 0.92803
vt 0.54721 0.9329
vt 0.55719 0.92775
vt 0.5538 0.93279
vt 0.56304 0.92775
vt 0.55978 0.93262
vt 0.5322 0.90149
vt 0.53562 0.90343
vt 0.53588 0.89938
vt 0.53964 0.90456
vt 0.53899 0.90064
vt 0.54399 0.90488
vt 0.54214 0.90116
vt 0.54829 0.9045
vt 0.54571 0.90113
vt 0.55224 0.90354
vt 0.54907 0.90062
vt 0.55523 0.90122
vt 0.55127 0.89972
vt 0.47198 0.92239
vt 0.4654 0.92413
vt 0.47055 0.92896
vt 0.47947 0.92246
vt 0.47599 0.92844
vt 0.48718 0.92187
vt 0.48402 0.92817
vt 0.49476 0.92159
vt 0.49117 0.92777
vt 0.50207 0.9226
vt 0.49727 0.92803
vt 0.5086 0.92416
vt 0.50356 0.92914
vt 0.46961 0.88428
vt 0.47456 0.88625
vt 0.47485 0.87961
vt 0.4809 0.88662
vt 0.47944 0.88075
vt 0.48736 0.88637
vt 0.4846 0.88129
vt 0.49358 0.88579
vt 0.48992 0.88118
vt 0.49999 0.88574
vt 0.49592 0.88069
vt 0.50553 0.88454
vt 0.50021 0.87978
vt 0.3554 0.86733
vt 0.35719 0.89663
vt 0.39114 0.88099
vt 0.37823 0.91539
vt 0.40414 0.91282
vt 0.42279 0.89542
vt 0.42479 0.86956
vt 0.40614 0.84845
vt 0.37641 0.84724
vt 0.37729 0.74298
vt 0.39764 0.73709
vt 0.37708 0.72796
vt 0.39418 0.7114
vt 0.41615 0.71388
vt 0.385 0.75463
vt 0.42533 0.74942
vt 0.40683 0.75934
vt 0.3938 0.75998
vt 0.38281 0.71849
vt 0.59995 0.17404
vt 0.60001 0.09363
vt 0.55271 0.15863
vt 0.52354 0.11843
vt 0.52356 0.06875
vt 0.55278 0.02857
vt 0.60004 0.01324
vt 0.64729 0.02862
vt 0.67648 0.06884
vt 0.67645 0.11853
vt 0.6472 0.15869
vt 0.71418 0.65287
vt 0.9527 0.57688
vt 0.86248 0.45119
vt 0.71562 0.40254
vt 0.5682 0.44951
vt 0.47655 0.57415
vt 0.47566 0.72886
vt 0.56588 0.85455
vt 0.71275 0.9032
vt 0.86016 0.85623
vt 0.95182 0.73159
vt 0.94638 0.4862
vt 0.88465 0.42105
vt 0.80406 0.38155
vt 0.71583 0.36512
vt 0.62742 0.38054
vt 0.54638 0.41911
vt 0.48391 0.48355
vt 0.44103 0.56239
vt 0.42837 0.65124
vt 0.48199 0.81955
vt 0.6243 0.92419
vt 0.80095 0.92521
vt 0.94445 0.82219
vt 1 0.65451
vt 0.18783 0.94068
vt 0.09392 0.94066
vt 0.18783 0.95629
vt 1E-05 0.95625
vt 1E-05 0.94064
vt 0.28174 0.94068
vt 0.37565 0.95629
vt 0.37565 0.94068
vt 0.46956 0.94068
vt 0.56347 0.95629
vt 0.56347 0.94068
vt 0.65738 0.94067
vt 0.75129 0.95627
vt 0.75129 0.94066
vt 0.8452 0.94064
vt 0.93911 0.95625
vt 0.93911 0.94063
vt 1.03302 0.94063
vt 1.12693 0.95624
vt 1.12693 0.94062
vt 1.22084 0.94061
vt 1.31475 0.95622
vt 1.31475 0.9406
vt 1.40867 0.9406
vt 1.50258 0.95624
vt 1.50258 0.9406
vt 1.59649 0.94059
vt 1.6904 0.95623
vt 1.69039 0.9406
vt 1.7843 0.9406
vt 1.87822 0.9562
vt 1.87821 0.94058
vt 0.18783 0.97787
vt 0.18782 0.99999
vt 0.28174 0.97787
vt 0.09391 0.97785
vt 0 0.99996
vt 0 0.97783
vt 0.46956 0.97787
vt 0.37565 1
vt 0.56347 1
vt 0.65738 0.97786
vt 0.75129 0.99998
vt 0.84521 0.97783
vt 0.93912 0.99995
vt 0.93911 0.97782
vt 1.03302 0.97782
vt 1.12694 0.99994
vt 1.12693 0.97781
vt 1.22084 0.9778
vt 1.31476 0.99992
vt 1.31475 0.97779
vt 1.40866 0.97779
vt 1.50257 0.99994
vt 1.50258 0.97779
vt 1.59646 0.97778
vt 1.6904 0.99994
vt 1.6904 0.97779
vt 1.78431 0.97779
vt 1.87822 0.9999
vt 1.87822 0.97777
vt 0.59994 0.18725
vt 0.54494 0.16935
vt 0.51095 0.12254
vt 0.51096 0.06468
vt 0.54498 0.01787
vt 0.60002 0
vt 0.65505 0.01789
vt 0.68907 0.06472
vt 0.68905 0.12261
vt 0.655 0.16944
vt 0.56347 0.97787
vt 0.75129 0.97785
vt 0.37565 0.97787
vt 0.98836 0.56552
vt 0.44001 0.74022
vt 0.54372 0.8847
vt 0.71254 0.94062
vt 0.88198 0.88663
vt 0.98734 0.74336
vt 0.88728 0.14117
vt 0.87605 0.12266
vt 0.84713 0.15287
vt 0.85707 0.11225
vt 0.83542 0.11272
vt 0.81692 0.12395
vt 0.8065 0.14293
vt 0.80698 0.16457
vt 0.81821 0.18308
vt 0.83719 0.19349
vt 0.85883 0.19302
vt 0.87734 0.18179
vt 0.88775 0.16281
vt 0.53914 0.35014
vt 0.52532 0.31071
vt 0.52857 0.39081
vt 0.49897 0.4047
vt 0.46951 0.39052
vt 0.45932 0.34977
vt 0.4735 0.31047
vt 0.49948 0.29574
vt 0.44516 0.14487
vt 0.45232 0.15341
vt 0.46301 0.14073
vt 0.46048 0.13026
vt 0.43314 0.16869
vt 0.44301 0.17361
vt 0.42773 0.19622
vt 0.43899 0.19662
vt 0.42773 0.22398
vt 0.43822 0.21983
vt 0.43797 0.25027
vt 0.44557 0.24227
vt 0.45852 0.26518
vt 0.46109 0.25483
vt 0.48097 0.26996
vt 0.48109 0.25893
vt 0.50353 0.26565
vt 0.50117 0.25526
vt 0.52439 0.25118
vt 0.51701 0.24311
vt 0.53518 0.22509
vt 0.52489 0.22081
vt 0.53574 0.19734
vt 0.52451 0.1975
vt 0.53089 0.16971
vt 0.52092 0.17442
vt 0.51937 0.14565
vt 0.51202 0.15404
vt 0.50435 0.13072
vt 0.5016 0.14113
vt 0.48248 0.12461
vt 0.48236 0.13569
vt 0.48172 0.19689
vt 0.71281 0.34824
vt 0.73595 0.34824
vt 0.73595 0.32978
vt 0.71281 0.32978
vt 0.7591 0.34824
vt 0.7591 0.32978
vt 0.78224 0.34824
vt 0.78224 0.32978
vt 0.80538 0.34824
vt 0.80538 0.32978
vt 0.82852 0.34824
vt 0.82852 0.32978
vt 0.85167 0.34824
vt 0.85167 0.32978
vt 0.87481 0.34824
vt 0.87481 0.32978
vt 0.89795 0.34824
vt 0.89795 0.32978
vt 0.92109 0.34824
vt 0.92109 0.32978
vt 0.94423 0.34824
vt 0.94423 0.32978
vt 0.96738 0.34824
vt 0.96738 0.32978
vt 0.99052 0.34824
vt 0.99052 0.32978
vt 0.46909 0.06842
vt 0.47479 0.06754
vt 0.47196 0.04919
vt 0.46714 0.04995
vt 0.45236 0.07398
vt 0.46069 0.07103
vt 0.46013 0.05128
vt 0.45322 0.05236
vt 0.44835 0.05236
vt 0.44668 0.0744
vt 0.43691 0.04965
vt 0.43249 0.07037
vt 0.4412 0.07401
vt 0.44375 0.05183
vt 0.43649 0.02537
vt 0.43361 0.02536
vt 0.42972 0.04205
vt 0.43392 0.0419
vt 0.44716 0.09009
vt 0.45331 0.0897
vt 0.47558 0.08365
vt 0.46931 0.08445
vt 0.46656 0.01822
vt 0.46306 0.02066
vt 0.4594 0.02482
vt 0.45554 0.02143
vt 0.45182 0.01931
vt 0.44344 0.02272
vt 0.44784 0.02071
vt 0.50802 0.01711
vt 0.50621 0.01331
vt 0.48308 0.00719
vt 0.48235 0.01143
vt 0.50854 0.02459
vt 0.51197 0.02087
vt 0.49693 0.02081
vt 0.48237 0.03025
vt 0.48309 0.03447
vt 0.50681 0.02843
vt 0.50041 0.0406
vt 0.51439 0.03291
vt 0.5101 0.03091
vt 0.48448 0.03852
vt 0.46136 0.08683
vt 0.48166 0.08429
vt 0.48988 0.08712
vt 0.43235 0.08801
vt 0.44117 0.09036
vt 0.42973 0.00867
vt 0.43396 0.00886
vt 0.50958 0.01096
vt 0.51439 0.00927
vt 0.50051 0.00142
vt 0.48455 0.00313
vt 0.47661 0.04874
vt 0.48393 0.0481
vt 0.47532 0.02161
vt 0.4706 0.01942
vt 0.48043 0.06762
vt 0.48989 0.06899
vt 0.42611 0.01085
vt 0.43116 0.02537
vt 0.42611 0.03991
vt 0.53055 0.92164
vt 0.5235 0.921
vt 0.53733 0.92256
vt 0.54405 0.92269
vt 0.55087 0.92248
vt 0.55788 0.92164
vt 0.56507 0.92034
vt 0.53095 0.91511
vt 0.5245 0.91353
vt 0.5374 0.91603
vt 0.54392 0.91625
vt 0.55062 0.91595
vt 0.55735 0.91476
vt 0.56378 0.91279
vt 0.53296 0.90839
vt 0.52789 0.90625
vt 0.53833 0.9094
vt 0.54394 0.90959
vt 0.54951 0.90915
vt 0.55494 0.90806
vt 0.5599 0.90561
vt 0.46933 0.91314
vt 0.45994 0.91465
vt 0.47862 0.91354
vt 0.48728 0.91312
vt 0.49574 0.91294
vt 0.50437 0.91375
vt 0.5146 0.91498
vt 0.46937 0.90267
vt 0.45983 0.90163
vt 0.47826 0.90316
vt 0.48722 0.90327
vt 0.49605 0.90313
vt 0.50509 0.90283
vt 0.5144 0.90205
vt 0.47166 0.89288
vt 0.46419 0.8903
vt 0.47925 0.89372
vt 0.48716 0.8937
vt 0.49516 0.89378
vt 0.50302 0.89295
vt 0.51066 0.89082
vt 0.18048 0.82538
vt 0.14415 0.82538
vt 0.14415 0.85659
vt 0.18048 0.85659
vt 0.10796 0.82538
vt 0.10796 0.85659
vt 0.07268 0.82538
vt 0.07268 0.85659
vt 0.03586 0.82538
vt 0.03586 0.85659
vt 0 0.82538
vt 0 0.85659
vt 0.32497 0.82538
vt 0.25875 0.82538
vt 0.25875 0.85659
vt 0.32497 0.85659
vt 0.21917 0.82538
vt 0.21917 0.85659
vt 0.14415 0.88764
vt 0.18048 0.88764
vt 0.10796 0.88764
vt 0.07268 0.88764
vt 0.03586 0.88764
vt 0 0.88764
vt 0.25875 0.88764
vt 0.32497 0.88764
vt 0.21917 0.88764
vt 0.33219 0.85787
vt 0.33519 0.90569
vt 0.36993 0.93599
vt 0.41413 0.93585
vt 0.44697 0.90562
vt 0.45052 0.85988
vt 0.4174 0.8217
vt 0.36543 0.82158
vt 0.18048 0.72688
vt 0.14415 0.72688
vt 0.14415 0.75703
vt 0.18048 0.75703
vt 0.10796 0.72688
vt 0.10796 0.75703
vt 0.07268 0.72688
vt 0.07268 0.75703
vt 0.03586 0.72688
vt 0.03586 0.75703
vt 0 0.72688
vt 0 0.75703
vt 0.32497 0.72688
vt 0.25875 0.72688
vt 0.25875 0.75703
vt 0.32497 0.75703
vt 0.21917 0.72688
vt 0.21917 0.75703
vt 0.18048 0.64965
vt 0.14415 0.64965
vt 0.14415 0.67282
vt 0.18048 0.67282
vt 0.10796 0.64965
vt 0.10796 0.67282
vt 0.07268 0.64965
vt 0.07268 0.67282
vt 0.03586 0.64965
vt 0.03586 0.67282
vt 0 0.64965
vt 0 0.67282
vt 0.32497 0.64965
vt 0.25875 0.64965
vt 0.25875 0.67282
vt 0.32497 0.67282
vt 0.21917 0.64965
vt 0.21917 0.67282
vt 0.37067 0.70838
vt 0.36053 0.72536
vt 0.39929 0.68696
vt 0.43032 0.67637
vt 0.42147 0.77966
vt 0.45645 0.77474
vt 0.38805 0.77552
vt 0.37115 0.76599
vt 0.35966 0.74599
vt 0.14415 0.79132
vt 0.18048 0.79132
vt 0.21917 0.79132
vt 0.25875 0.79132
vt 0.32497 0.79132
vt 0 0.79132
vt 0.03586 0.79132
vt 0.07268 0.79132
vt 0.10796 0.79132
vt 0.14415 0.69815
vt 0.10796 0.69815
vt 0.07268 0.69815
vt 0.03586 0.69815
vt 0 0.69815
vt 0.32497 0.69815
vt 0.25875 0.69815
vt 0.21917 0.69815
vt 0.18048 0.69815
vt 0.14415 0.91465
vt 0.18048 0.91465
vt 0.10796 0.91465
vt 0.07268 0.91465
vt 0.03586 0.91465
vt 0 0.91465
vt 0.25875 0.91465
vt 0.32497 0.91465
vt 0.21917 0.91465
vt 0.34375 0.72178
vt 0.34406 0.75128
vt 0.35823 0.77714
vt 0.37998 0.79091
vt 0.40747 0.79646
vt 0.45351 0.79977
vt 0.41582 0.65569
vt 0.37834 0.68043
vt 0.35646 0.69964
vt 0.32786 0.71963
vt 0.32644 0.75637
vt 0.34524 0.78774
vt 0.372 0.80523
vt 0.4035 0.81464
vt 0.43945 0.82122
vt 0.39297 0.64481
vt 0.36571 0.66801
vt 0.3428 0.69196
vt 0.42212 0.62731
vt 0.42212 0.50108
vt 0.33729 0.50108
vt 0.33729 0.62731
vt 0.42212 0.37551
vt 0.33729 0.37551
vt 0.42212 0.252
vt 0.33729 0.252
vt 0.42212 0.12596
vt 0.33729 0.12596
vt 0.25313 0.50108
vt 0.25313 0.62731
vt 0.25313 0.37551
vt 0.25313 0.252
vt 0.25313 0.12596
vt 0.16866 0.37551
vt 0.16866 0.50108
vt 0.16866 0.252
vt 0.16866 0.12596
vt 0.25313 0
vt 0.16866 0
vt 0.08441 0.37551
vt 0.08441 0.50108
vt 0.08441 0.252
vt 0.08441 0.12596
vt 0.08441 0
vt 0.08441 0.62731
vt 0 0.50108
vt 0 0.62731
vt 0 0.37551
vt 0 0.252
vt 0 0.12596
vt 0 0
vt 1 0.11192
vt 0.95904 0.04096
vt 0.9322 0.0669
vt 0.96379 0.12096
vt 0.88808 0
vt 0.87782 0.03588
vt 0.80616 0
vt 0.81521 0.03621
vt 0.73521 0.04097
vt 0.76115 0.0678
vt 0.69426 0.11192
vt 0.73013 0.12218
vt 0.69426 0.19383
vt 0.73046 0.18479
vt 0.73522 0.26478
vt 0.76205 0.23884
vt 0.80616 0.30574
vt 0.81643 0.26986
vt 0.88807 0.30574
vt 0.87903 0.26954
vt 0.95902 0.26479
vt 0.93309 0.23795
vt 0.99999 0.19385
vt 0.96412 0.18357
vt 0.90464 0.09378
vt 0.92648 0.13046
vt 0.86739 0.07294
vt 0.82471 0.07352
vt 0.78804 0.09536
vt 0.7672 0.13261
vt 0.76777 0.17529
vt 0.78961 0.21196
vt 0.82686 0.2328
vt 0.86954 0.23223
vt 0.90621 0.21039
vt 0.92706 0.17314
vt 0.42511 0.46
vt 0.4274 0.44604
vt 0.43416 0.43421
vt 0.42768 0.4739
vt 0.43467 0.4856
vt 0.44492 0.49331
vt 0.4569 0.4959
vt 0.46884 0.49307
vt 0.47893 0.48516
vt 0.48569 0.47332
vt 0.48799 0.45937
vt 0.48542 0.44547
vt 0.47842 0.43377
vt 0.46817 0.42606
vt 0.45619 0.42347
vt 0.44425 0.4263
vt 0.56334 0.26542
vt 0.56573 0.28502
vt 0.56813 0.25058
vt 0.56362 0.30846
vt 0.56909 0.33037
vt 0.57992 0.3495
vt 0.59654 0.36154
vt 0.6149 0.37
vt 0.63454 0.36987
vt 0.65791 0.37113
vt 0.6755 0.36312
vt 0.68963 0.34427
vt 0.69441 0.31843
vt 0.69602 0.30135
vt 0.68826 0.28337
vt 0.68168 0.26634
vt 0.6679 0.25286
vt 0.65546 0.23716
vt 0.63944 0.22892
vt 0.6102 0.21888
vt 0.62444 0.21889
vt 0.59347 0.21914
vt 0.58059 0.22982
vt 0.57163 0.23594
vt 0.17711 0.62731
vt 0.16866 0.5642
vt 0.15181 0.62731
vt 0.32046 0
vt 0.33729 0.10077
vt 0.35426 0
vt 0.42212 0
usemtl mat0
f 1/1/1 2/2/2 3/3/3
f 2/2/2 4/4/4 3/3/3
f 4/4/4 5/5/5 3/3/3
f 5/5/5 6/6/6 3/3/3
f 6/6/6 7/7/7 3/3/3
f 7/7/7 8/8/8 3/3/3
f 8/8/8 9/9/9 3/3/3
f 9/9/9 1/1/1 3/3/3
f 10/10/10 11/11/11 12/12/12
f 11/11/11 10/10/10 13/13/13
f 10/10/10 14/14/14 13/13/13
f 10/10/10 15/15/15 14/14/14
f 15/15/15 10/10/10 16/16/16
f 16/16/16 10/10/10 17/17/17
f 10/10/10 18/18/18 17/17/17
f 18/18/18 10/10/10 12/12/12
f 19/19/19 20/20/20 21/21/21
f 22/22/22 23/23/23 24/24/24
f 25/25/25 26/26/26 27/27/27
f 28/28/28 29/29/29 30/30/30
f 31/31/31 32/32/32 33/33/33
f 34/34/34 35/35/35 36/36/36
f 37/37/37 38/38/38 39/39/39
f 40/40/40 41/41/41 42/42/42
f 28/28/28 33/33/33 32/32/32
f 28/28/28 30/30/30 33/33/33
f 31/31/31 36/36/36 35/35/35
f 31/31/31 33/33/33 36/36/36
f 34/34/34 37/37/37 39/39/39
f 34/34/34 36/36/36 37/37/37
f 38/38/38 42/42/42 41/41/41
f 37/37/37 42/42/42 38/38/38
f 40/40/40 19/19/19 21/21/21
f 40/40/40 42/42/42 19/19/19
f 20/20/20 24/24/24 23/23/23
f 19/19/19 24/24/24 20/20/20
f 22/22/22 25/25/25 27/27/27
f 22/22/22 24/24/24 25/25/25
f 26/26/26 30/30/30 29/29/29
f 25/25/25 30/30/30 26/26/26
f 43/43/43 44/44/44 45/45/45
f 46/46/46 43/43/43 45/45/45
f 47/47/47 46/46/46 45/45/45
f 48/48/48 47/47/47 45/45/45
f 49/49/49 48/48/48 45/45/45
f 50/50/50 49/49/49 45/45/45
f 51/51/51 50/50/50 45/45/45
f 52/52/52 51/51/51 45/45/45
f 53/53/53 52/52/52 45/45/45
f 54/54/54 53/53/53 45/45/45
f 55/55/55 54/54/54 45/45/45
f 44/44/44 55/55/55 45/45/45
f 56/56/56 57/57/57 58/58/58
f 57/57/57 59/59/59 58/58/58
f 59/59/59 60/60/60 58/58/58
f 60/60/60 61/61/61 58/58/58
f 61/61/61 62/50/62 58/58/58
f 62/50/62 63/49/63 58/58/58
f 63/49/63 64/48/64 58/58/58
f 64/48/64 65/47/65 58/58/58
f 65/47/65 66/62/66 58/58/58
f 66/62/66 67/63/67 58/58/58
f 67/63/67 68/64/68 58/58/58
f 68/64/68 56/56/56 58/58/58
f 69/65/69 70/66/70 71/67/71
f 72/68/72 73/69/70 69/65/69
f 74/70/73 75/71/70 76/72/74
f 77/73/75 78/74/70 79/75/73
f 80/76/76 81/77/70 72/68/72
f 71/67/71 82/78/70 83/79/77
f 84/80/70 77/73/75 83/79/77
f 76/72/74 85/81/70 80/76/76
f 86/82/78 87/83/79 88/84/80
f 89/85/81 87/83/79 86/82/78
f 90/86/82 87/83/79 89/85/81
f 91/87/83 87/83/79 90/86/82
f 92/88/84 87/83/79 91/87/83
f 93/89/85 87/83/79 92/88/84
f 94/90/86 87/83/79 93/89/85
f 95/91/87 87/83/79 94/90/86
f 96/92/88 87/83/79 95/91/87
f 97/93/89 87/83/79 96/92/88
f 98/94/90 87/83/79 97/93/89
f 88/84/80 87/83/79 98/94/90
f 99/95/91 100/96/92 101/97/93
f 102/98/94 99/95/91 103/99/93
f 104/100/95 102/98/94 105/101/93
f 106/102/96 104/100/95 107/103/93
f 108/104/97 106/102/96 109/105/93
f 110/106/92 108/104/97 111/107/93
f 112/108/98 113/109/99 114/110/100
f 113/109/99 115/111/101 116/112/100
f 115/111/101 117/113/102 118/114/100
f 117/113/102 119/115/103 120/116/100
f 119/115/103 121/117/104 122/118/100
f 121/117/104 123/119/98 124/120/100
f 125/121/105 126/122/106 127/123/107
f 128/124/108 125/121/105 129/125/107
f 130/126/109 128/124/108 131/127/107
f 132/128/110 130/126/109 133/129/107
f 134/130/111 132/128/110 135/131/107
f 136/132/106 134/130/111 137/133/107
f 138/134/112 139/135/113 140/136/114
f 139/135/113 141/137/115 142/138/114
f 141/137/115 143/139/116 144/140/114
f 143/139/116 145/141/117 146/142/114
f 145/141/117 147/143/118 148/144/114
f 147/143/118 149/145/112 150/146/114
f 151/147/119 152/148/120 153/149/121
f 152/148/120 154/150/122 153/149/121
f 154/150/122 155/151/123 153/149/121
f 155/151/123 156/152/124 153/149/121
f 156/152/124 157/153/125 153/149/121
f 157/153/125 158/154/126 153/149/121
f 158/154/126 159/155/127 153/149/121
f 159/155/127 151/147/119 153/149/121
f 160/156/128 161/157/129 162/158/130
f 163/159/131 161/157/129 164/160/132
f 161/157/129 160/156/128 165/161/133
f 166/162/132 161/157/129 167/163/134
f 161/157/129 168/164/135 167/163/134
f 161/157/129 165/161/133 168/164/135
f 162/158/130 161/157/129 169/165/136
f 169/165/136 161/157/129 163/159/131
f 170/166/137 171/167/138 172/168/139
f 172/168/139 171/167/138 173/169/140
f 173/169/140 171/167/138 174/170/141
f 174/170/141 171/167/138 175/171/142
f 175/171/142 171/167/138 176/172/143
f 176/172/143 171/167/138 177/173/144
f 177/173/144 171/167/138 178/174/145
f 178/174/145 171/167/138 179/175/146
f 179/175/146 171/167/138 180/176/147
f 180/176/147 171/167/138 170/166/137
f 181/177/148 182/178/149 183/179/150
f 181/177/148 183/179/150 184/180/151
f 181/177/148 184/180/151 185/181/152
f 181/177/148 185/181/152 186/182/153
f 181/177/148 186/182/153 187/183/154
f 181/177/148 187/183/154 188/184/155
f 181/177/148 188/184/155 189/185/156
f 181/177/148 189/185/156 190/186/157
f 181/177/148 190/186/157 191/187/158
f 181/177/148 191/187/158 182/178/149
f 183/179/150 192/188/159 193/189/160
f 184/180/151 194/190/161 195/191/162
f 185/181/152 196/192/163 197/193/164
f 186/182/153 198/194/165 199/195/166
f 186/182/153 200/196/167 187/183/154
f 187/183/154 201/197/168 188/184/155
f 188/184/155 202/198/169 189/185/156
f 189/185/156 203/199/170 190/186/157
f 190/186/157 204/200/171 191/187/158
f 191/187/158 205/201/172 182/178/149
f 206/202/173 207/203/172 208/204/174
f 208/204/174 207/203/172 209/205/175
f 207/203/172 210/206/176 209/205/175
f 206/202/173 208/204/174 211/207/159
f 208/204/174 212/208/177 211/207/159
f 211/207/159 212/208/177 213/209/160
f 213/209/160 212/208/177 214/210/161
f 212/208/177 215/211/178 214/210/161
f 214/210/161 215/211/178 216/212/162
f 216/212/162 215/211/178 217/213/163
f 215/211/178 218/214/179 217/213/163
f 217/213/163 218/214/179 219/215/164
f 219/215/164 218/214/179 220/216/165
f 218/214/179 221/217/180 220/216/165
f 220/216/165 221/217/180 222/218/166
f 222/218/166 221/217/180 223/219/167
f 221/217/180 224/220/181 223/219/167
f 223/219/167 224/220/181 225/221/182
f 225/221/182 224/220/181 226/222/168
f 224/220/181 227/223/183 226/222/168
f 226/222/168 227/223/183 228/224/184
f 228/224/184 227/223/183 229/225/169
f 227/223/183 230/226/185 229/225/169
f 229/225/169 230/226/185 231/227/186
f 231/227/186 230/226/185 232/228/170
f 230/226/185 233/229/187 232/228/170
f 232/228/170 233/229/187 234/230/188
f 234/230/188 233/229/187 235/231/171
f 233/229/187 236/232/175 235/231/171
f 235/231/171 236/232/175 237/233/176
f 238/234/189 239/235/190 240/236/191
f 239/235/190 238/234/189 241/237/192
f 242/238/193 241/237/192 243/239/194
f 244/240/195 245/241/196 246/242/197
f 247/243/198 246/242/197 248/244/199
f 249/245/200 248/244/199 250/246/201
f 249/245/200 250/246/201 251/247/202
f 251/247/202 250/246/201 252/248/203
f 252/248/203 253/249/204 254/250/205
f 254/250/205 253/249/204 255/251/206
f 255/251/206 256/252/207 257/253/208
f 257/253/208 256/252/207 258/254/209
f 258/254/209 259/255/210 260/256/211
f 260/256/211 259/255/210 261/257/212
f 261/257/212 262/258/213 263/259/214
f 263/259/214 262/258/213 264/260/215
f 264/260/215 265/261/193 266/262/194
f 241/237/192 208/204/174 209/205/175
f 208/204/174 240/236/191 212/208/177
f 212/208/177 244/240/195 215/211/178
f 215/211/178 247/243/198 218/214/179
f 218/214/179 249/245/200 221/217/180
f 221/217/180 252/248/203 224/220/181
f 224/220/181 255/251/206 227/223/183
f 227/223/183 258/254/209 230/226/185
f 230/226/185 261/257/212 233/229/187
f 233/229/187 264/260/215 236/232/175
f 267/263/190 170/166/137 268/264/196
f 268/264/196 170/166/137 172/168/139
f 268/264/196 172/168/139 269/265/197
f 269/265/197 172/168/139 173/169/140
f 269/265/197 173/169/140 270/266/199
f 270/266/199 173/169/140 174/170/141
f 270/266/199 174/170/141 271/267/201
f 271/267/201 174/170/141 175/171/142
f 271/267/201 175/171/142 272/268/204
f 272/268/204 175/171/142 176/172/143
f 272/268/204 176/172/143 273/269/207
f 273/269/207 176/172/143 177/173/144
f 273/269/207 177/173/144 274/270/210
f 274/270/210 177/173/144 178/174/145
f 274/270/210 178/174/145 275/271/213
f 275/271/213 178/174/145 179/175/146
f 275/271/213 179/175/146 276/272/193
f 276/272/193 179/175/146 180/176/147
f 267/263/190 276/272/193 170/166/137
f 170/166/137 276/272/193 180/176/147
f 215/211/178 277/273/216 247/243/198
f 218/214/179 247/243/198 278/274/217
f 218/214/179 278/274/217 249/245/200
f 221/217/180 249/245/200 251/247/202
f 221/217/180 251/247/202 252/248/203
f 224/220/181 252/248/203 254/250/205
f 224/220/181 254/250/205 255/251/206
f 227/223/183 255/251/206 257/253/208
f 227/223/183 257/253/208 258/254/209
f 230/226/185 258/254/209 260/256/211
f 230/226/185 260/256/211 261/257/212
f 233/229/187 261/257/212 263/259/214
f 233/229/187 263/259/214 264/260/215
f 236/232/175 264/260/215 266/262/194
f 209/205/175 243/239/194 241/237/192
f 238/234/189 208/204/174 241/237/192
f 208/204/174 238/234/189 240/236/191
f 212/208/177 240/236/191 279/275/218
f 212/208/177 279/275/218 244/240/195
f 215/211/178 244/240/195 277/273/216
f 198/194/165 185/181/152 197/193/164
f 185/181/152 198/194/165 186/182/153
f 196/192/163 184/180/151 195/191/162
f 184/180/151 196/192/163 185/181/152
f 194/190/161 183/179/150 193/189/160
f 183/179/150 194/190/161 184/180/151
f 192/188/159 182/178/149 280/276/173
f 182/178/149 192/188/159 183/179/150
f 200/196/167 186/182/153 199/195/166
f 187/183/154 200/196/167 281/277/182
f 201/197/168 187/183/154 281/277/182
f 188/184/155 201/197/168 282/278/184
f 202/198/169 188/184/155 282/278/184
f 189/185/156 202/198/169 283/279/186
f 203/199/170 189/185/156 283/279/186
f 190/186/157 203/199/170 284/280/188
f 204/200/171 190/186/157 284/280/188
f 191/187/158 204/200/171 285/281/176
f 205/201/172 191/187/158 285/281/176
f 182/178/149 205/201/172 280/276/173
f 252/248/203 250/246/201 253/249/204
f 255/251/206 253/249/204 256/252/207
f 258/254/209 256/252/207 259/255/210
f 261/257/212 259/255/210 262/258/213
f 264/260/215 262/258/213 265/261/193
f 239/235/190 241/237/192 242/238/193
f 240/236/191 239/235/190 245/241/196
f 278/274/217 248/244/199 249/245/200
f 247/243/198 248/244/199 278/274/217
f 277/273/216 246/242/197 247/243/198
f 244/240/195 246/242/197 277/273/216
f 279/275/218 245/241/196 244/240/195
f 240/236/191 245/241/196 279/275/218
f 286/282/219 287/283/220 288/284/221
f 287/283/220 289/285/222 288/284/221
f 289/285/222 290/286/223 288/284/221
f 290/286/223 291/287/224 288/284/221
f 291/287/224 292/288/225 288/284/221
f 292/288/225 293/289/226 288/284/221
f 293/289/226 294/290/227 288/284/221
f 294/290/227 295/291/228 288/284/221
f 295/291/228 296/292/229 288/284/221
f 296/292/229 297/293/230 288/284/221
f 297/293/230 298/294/231 288/284/221
f 298/294/231 286/282/219 288/284/221
f 299/147/232 300/148/233 301/149/234
f 300/148/233 302/150/235 301/149/234
f 302/150/235 303/151/236 301/149/234
f 303/151/236 304/152/237 301/149/234
f 304/152/237 305/153/238 301/149/234
f 305/153/238 306/154/239 301/149/234
f 306/154/239 307/155/240 301/149/234
f 307/155/240 299/147/232 301/149/234
f 308/156/241 309/157/242 310/158/243
f 311/159/244 309/157/242 312/160/245
f 309/157/242 308/156/241 313/161/246
f 314/162/245 309/157/242 315/163/247
f 309/157/242 316/164/248 315/163/247
f 309/157/242 313/161/246 316/164/248
f 310/158/243 309/157/242 317/165/249
f 317/165/249 309/157/242 311/159/244
f 318/1/250 319/2/251 320/3/252
f 319/2/251 321/4/253 320/3/252
f 321/4/253 322/5/254 320/3/252
f 322/5/254 323/6/255 320/3/252
f 323/6/255 324/7/256 320/3/252
f 324/7/256 325/8/257 320/3/252
f 325/8/257 326/9/258 320/3/252
f 326/9/258 318/1/250 320/3/252
f 327/10/259 328/11/260 329/12/261
f 328/11/260 327/10/259 330/13/262
f 327/10/259 331/14/263 330/13/262
f 327/10/259 332/15/264 331/14/263
f 332/15/264 327/10/259 333/16/265
f 333/16/265 327/10/259 334/17/266
f 327/10/259 335/18/267 334/17/266
f 335/18/267 327/10/259 329/12/261
f 336/19/268 337/20/269 338/21/270
f 339/22/271 340/23/272 341/24/273
f 342/25/274 343/26/275 344/27/276
f 345/28/277 346/29/278 347/30/279
f 348/31/280 349/32/281 350/33/282
f 351/34/283 352/35/284 353/36/285
f 354/37/286 355/38/287 356/39/288
f 357/40/289 358/41/290 359/42/291
f 345/28/277 350/33/282 349/32/281
f 345/28/277 347/30/279 350/33/282
f 348/31/280 353/36/285 352/35/284
f 348/31/280 350/33/282 353/36/285
f 351/34/283 354/37/286 356/39/288
f 351/34/283 353/36/285 354/37/286
f 355/38/287 359/42/291 358/41/290
f 354/37/286 359/42/291 355/38/287
f 357/40/289 336/19/268 338/21/270
f 357/40/289 359/42/291 336/19/268
f 337/20/269 341/24/273 340/23/272
f 336/19/268 341/24/273 337/20/269
f 339/22/271 342/25/274 344/27/276
f 339/22/271 341/24/273 342/25/274
f 343/26/275 347/30/279 346/29/278
f 342/25/274 347/30/279 343/26/275
f 360/43/292 361/44/293 362/45/294
f 363/46/295 360/43/292 362/45/294
f 364/47/296 363/46/295 362/45/294
f 365/48/297 364/47/296 362/45/294
f 366/49/298 365/48/297 362/45/294
f 367/50/299 366/49/298 362/45/294
f 368/51/300 367/50/299 362/45/294
f 369/52/301 368/51/300 362/45/294
f 370/53/302 369/52/301 362/45/294
f 371/54/303 370/53/302 362/45/294
f 372/55/304 371/54/303 362/45/294
f 361/44/293 372/55/304 362/45/294
f 373/56/305 374/57/306 375/58/307
f 374/57/306 376/59/308 375/58/307
f 376/59/308 377/60/309 375/58/307
f 377/60/309 378/61/310 375/58/307
f 378/61/310 379/50/311 375/58/307
f 379/50/311 380/49/312 375/58/307
f 380/49/312 381/48/313 375/58/307
f 381/48/313 382/47/314 375/58/307
f 382/47/314 383/62/315 375/58/307
f 383/62/315 384/63/316 375/58/307
f 384/63/316 385/64/317 375/58/307
f 385/64/317 373/56/305 375/58/307
f 386/43/318 387/44/319 388/45/320
f 389/46/321 386/43/318 388/45/320
f 390/47/322 389/46/321 388/45/320
f 391/48/323 390/47/322 388/45/320
f 392/49/324 391/48/323 388/45/320
f 393/50/325 392/49/324 388/45/320
f 394/51/326 393/50/325 388/45/320
f 395/52/327 394/51/326 388/45/320
f 396/53/328 395/52/327 388/45/320
f 397/54/329 396/53/328 388/45/320
f 398/55/330 397/54/329 388/45/320
f 387/44/319 398/55/330 388/45/320
f 399/56/331 400/57/332 401/58/333
f 400/57/332 402/59/334 401/58/333
f 402/59/334 403/60/335 401/58/333
f 403/60/335 404/61/336 401/58/333
f 404/61/336 405/50/337 401/58/333
f 405/50/337 406/49/338 401/58/333
f 406/49/338 407/48/339 401/58/333
f 407/48/339 408/47/340 401/58/333
f 408/47/340 409/62/341 401/58/333
f 409/62/341 410/63/342 401/58/333
f 410/63/342 411/64/343 401/58/333
f 411/64/343 399/56/331 401/58/333
f 412/65/344 413/66/345 414/67/346
f 415/68/347 416/69/345 412/65/344
f 417/70/348 418/71/345 419/72/349
f 420/73/350 421/74/345 422/75/348
f 423/76/351 424/77/345 415/68/347
f 414/67/346 425/78/345 426/79/352
f 427/80/345 420/73/350 426/79/352
f 419/72/349 428/81/345 423/76/351
f 429/65/353 430/66/354 431/67/355
f 432/68/356 433/69/354 429/65/353
f 434/70/357 435/71/354 436/72/358
f 437/73/359 438/74/354 439/75/357
f 440/76/360 441/77/354 432/68/356
f 431/67/355 442/78/354 443/79/361
f 444/80/354 437/73/359 443/79/361
f 436/72/358 445/81/354 440/76/360
f 446/65/362 447/66/363 448/67/364
f 449/68/365 450/69/363 446/65/362
f 451/70/366 452/71/363 453/72/367
f 454/73/368 455/74/363 456/75/366
f 457/76/369 458/77/363 449/68/365
f 448/67/364 459/78/363 460/79/370
f 461/80/363 454/73/368 460/79/370
f 453/72/367 462/81/363 457/76/369
f 463/65/371 464/66/372 465/67/373
f 466/68/374 467/69/372 463/65/371
f 468/70/375 469/71/372 470/72/376
f 471/73/377 472/74/372 473/75/375
f 474/76/378 475/77/372 466/68/374
f 465/67/373 476/78/372 477/79/379
f 478/80/372 471/73/377 477/79/379
f 470/72/376 479/81/372 474/76/378
f 480/65/380 481/66/381 482/67/382
f 483/68/383 484/69/381 480/65/380
f 485/70/384 486/71/381 487/72/385
f 488/73/386 489/74/381 490/75/384
f 491/76/387 492/77/381 483/68/383
f 482/67/382 493/78/381 494/79/388
f 495/80/381 488/73/386 494/79/388
f 487/72/385 496/81/381 491/76/387
f 497/82/389 498/83/390 499/84/391
f 500/85/392 498/83/390 497/82/389
f 501/86/393 498/83/390 500/85/392
f 502/87/394 498/83/390 501/86/393
f 503/88/395 498/83/390 502/87/394
f 504/89/396 498/83/390 503/88/395
f 505/90/397 498/83/390 504/89/396
f 506/91/398 498/83/390 505/90/397
f 507/92/399 498/83/390 506/91/398
f 508/93/400 498/83/390 507/92/399
f 509/94/401 498/83/390 508/93/400
f 499/84/391 498/83/390 509/94/401
f 510/65/402 511/66/403 512/67/404
f 513/68/405 514/69/403 510/65/402
f 515/70/406 516/71/403 517/72/407
f 518/73/408 519/74/403 520/75/406
f 521/76/409 522/77/403 513/68/405
f 512/67/404 523/78/403 524/79/410
f 525/80/403 518/73/408 524/79/410
f 517/72/407 526/81/403 521/76/409
f 527/121/411 528/122/412 529/123/413
f 530/124/414 527/121/411 531/125/413
f 532/126/415 530/124/414 533/127/413
f 534/128/416 532/126/415 535/129/413
f 536/130/417 534/128/416 537/131/413
f 538/132/412 536/130/417 539/133/413
f 540/134/418 541/135/419 542/136/420
f 541/135/419 543/137/421 544/138/420
f 543/137/421 545/139/422 546/140/420
f 545/139/422 547/141/423 548/142/420
f 547/141/423 549/143/424 550/144/420
f 549/143/424 551/145/418 552/146/420
f 553/95/425 554/96/426 555/97/427
f 556/98/428 553/95/425 557/99/427
f 558/100/429 556/98/428 559/101/427
f 560/102/430 558/100/429 561/103/427
f 562/104/431 560/102/430 563/105/427
f 564/106/426 562/104/431 565/107/427
f 566/108/432 567/109/433 568/110/434
f 567/109/433 569/111/435 570/112/434
f 569/111/435 571/113/436 572/114/434
f 571/113/436 573/115/437 574/116/434
f 573/115/437 575/117/438 576/118/434
f 575/117/438 577/119/432 578/120/434
f 579/121/439 580/122/440 581/123/441
f 582/124/442 579/121/439 583/125/441
f 584/126/443 582/124/442 585/127/441
f 586/128/444 584/126/443 587/129/441
f 588/130/445 586/128/444 589/131/441
f 590/132/440 588/130/445 591/133/441
f 592/134/446 593/135/447 594/136/448
f 593/135/447 595/137/449 596/138/448
f 595/137/449 597/139/450 598/140/448
f 597/139/450 599/141/451 600/142/448
f 599/141/451 601/143/452 602/144/448
f 601/143/452 603/145/446 604/146/448
f 605/121/453 606/122/454 607/123/455
f 608/124/456 605/121/453 609/125/455
f 610/126/457 608/124/456 611/127/455
f 612/128/458 610/126/457 613/129/455
f 614/130/459 612/128/458 615/131/455
f 616/132/454 614/130/459 617/133/455
f 618/134/460 619/135/461 620/136/462
f 619/135/461 621/137/463 622/138/462
f 621/137/463 623/139/464 624/140/462
f 623/139/464 625/141/465 626/142/462
f 625/141/465 627/143/466 628/144/462
f 627/143/466 629/145/460 630/146/462
f 631/121/467 632/122/468 633/123/469
f 634/124/470 631/121/467 635/125/469
f 636/126/471 634/124/470 637/127/469
f 638/128/472 636/126/471 639/129/469
f 640/130/473 638/128/472 641/131/469
f 642/132/468 640/130/473 643/133/469
f 644/134/474 645/135/475 646/136/476
f 645/135/475 647/137/477 648/138/476
f 647/137/477 649/139/478 650/140/476
f 649/139/478 651/141/479 652/142/476
f 651/141/479 653/143/480 654/144/476
f 653/143/480 655/145/474 656/146/476
f 657/121/481 658/122/482 659/123/483
f 660/124/484 657/121/481 661/125/483
f 662/126/485 660/124/484 663/127/483
f 664/128/486 662/126/485 665/129/483
f 666/130/487 664/128/486 667/131/483
f 668/132/482 666/130/487 669/133/483
f 670/134/488 671/135/489 672/136/490
f 671/135/489 673/137/491 674/138/490
f 673/137/491 675/139/492 676/140/490
f 675/139/492 677/141/493 678/142/490
f 677/141/493 679/143/494 680/144/490
f 679/143/494 681/145/488 682/146/490
f 683/121/495 684/122/496 685/123/497
f 686/124/498 683/121/495 687/125/497
f 688/126/499 686/124/498 689/127/497
f 690/128/500 688/126/499 691/129/497
f 692/130/501 690/128/500 693/131/497
f 694/132/496 692/130/501 695/133/497
f 696/134/502 697/135/503 698/136/504
f 697/135/503 699/137/505 700/138/504
f 699/137/505 701/139/506 702/140/504
f 701/139/506 703/141/507 704/142/504
f 703/141/507 705/143/508 706/144/504
f 705/143/508 707/145/502 708/146/504
f 709/121/509 710/122/510 711/123/511
f 712/124/512 709/121/509 713/125/511
f 714/126/513 712/124/512 715/127/511
f 716/128/514 714/126/513 717/129/511
f 718/130/515 716/128/514 719/131/511
f 720/132/510 718/130/515 721/133/511
f 722/134/516 723/135/517 724/136/518
f 723/135/517 725/137/519 726/138/518
f 725/137/519 727/139/520 728/140/518
f 727/139/520 729/141/521 730/142/518
f 729/141/521 731/143/522 732/144/518
f 731/143/522 733/145/516 734/146/518
f 735/121/523 736/122/524 737/123/525
f 738/124/526 735/121/523 739/125/525
f 740/126/527 738/124/526 741/127/525
f 742/128/528 740/126/527 743/129/525
f 744/130/529 742/128/528 745/131/525
f 746/132/524 744/130/529 747/133/525
f 748/134/530 749/135/531 750/136/532
f 749/135/531 751/137/533 752/138/532
f 751/137/533 753/139/534 754/140/532
f 753/139/534 755/141/535 756/142/532
f 755/141/535 757/143/536 758/144/532
f 757/143/536 759/145/530 760/146/532
f 761/95/537 762/96/538 763/97/539
f 764/98/540 761/95/537 765/99/539
f 766/100/541 764/98/540 767/101/539
f 768/102/542 766/100/541 769/103/539
f 770/104/543 768/102/542 771/105/539
f 772/106/538 770/104/543 773/107/539
f 774/108/544 775/109/545 776/110/546
f 775/109/545 777/111/547 778/112/546
f 777/111/547 779/113/548 780/114/546
f 779/113/548 781/115/549 782/116/546
f 781/115/549 783/117/550 784/118/546
f 783/117/550 785/119/544 786/120/546
f 787/121/551 788/122/552 789/123/553
f 790/124/554 787/121/551 791/125/553
f 792/126/555 790/124/554 793/127/553
f 794/128/556 792/126/555 795/129/553
f 796/130/557 794/128/556 797/131/553
f 798/132/552 796/130/557 799/133/553
f 800/134/558 801/135/559 802/136/560
f 801/135/559 803/137/561 804/138/560
f 803/137/561 805/139/562 806/140/560
f 805/139/562 807/141/563 808/142/560
f 807/141/563 809/143/564 810/144/560
f 809/143/564 811/145/558 812/146/560
f 813/121/565 814/122/566 815/123/567
f 816/124/568 813/121/565 817/125/567
f 818/126/569 816/124/568 819/127/567
f 820/128/570 818/126/569 821/129/567
f 822/130/571 820/128/570 823/131/567
f 824/132/566 822/130/571 825/133/567
f 826/134/572 827/135/573 828/136/574
f 827/135/573 829/137/575 830/138/574
f 829/137/575 831/139/576 832/140/574
f 831/139/576 833/141/577 834/142/574
f 833/141/577 835/143/578 836/144/574
f 835/143/578 837/145/572 838/146/574
f 839/121/579 840/122/580 841/123/581
f 842/124/582 839/121/579 843/125/581
f 844/126/583 842/124/582 845/127/581
f 846/128/584 844/126/583 847/129/581
f 848/130/585 846/128/584 849/131/581
f 850/132/580 848/130/585 851/133/581
f 852/134/586 853/135/587 854/136/588
f 853/135/587 855/137/589 856/138/588
f 855/137/589 857/139/590 858/140/588
f 857/139/590 859/141/591 860/142/588
f 859/141/591 861/143/592 862/144/588
f 861/143/592 863/145/586 864/146/588
f 865/121/593 866/122/594 867/123/595
f 868/124/596 865/121/593 869/125/595
f 870/126/597 868/124/596 871/127/595
f 872/128/598 870/126/597 873/129/595
f 874/130/599 872/128/598 875/131/595
f 876/132/594 874/130/599 877/133/595
f 878/134/600 879/135/601 880/136/602
f 879/135/601 881/137/603 882/138/602
f 881/137/603 883/139/604 884/140/602
f 883/139/604 885/141/605 886/142/602
f 885/141/605 887/143/606 888/144/602
f 887/143/606 889/145/600 890/146/602
f 891/121/607 892/122/608 893/123/609
f 894/124/610 891/121/607 895/125/609
f 896/126/611 894/124/610 897/127/609
f 898/128/612 896/126/611 899/129/609
f 900/130/613 898/128/612 901/131/609
f 902/132/608 900/130/613 903/133/609
f 904/134/614 905/135/615 906/136/616
f 905/135/615 907/137/617 908/138/616
f 907/137/617 909/139/618 910/140/616
f 909/139/618 911/141/619 912/142/616
f 911/141/619 913/143/620 914/144/616
f 913/143/620 915/145/614 916/146/616
f 917/121/621 918/122/622 919/123/623
f 920/124/624 917/121/621 921/125/623
f 922/126/625 920/124/624 923/127/623
f 924/128/626 922/126/625 925/129/623
f 926/130/627 924/128/626 927/131/623
f 928/132/622 926/130/627 929/133/623
f 930/134/628 931/135/629 932/136/630
f 931/135/629 933/137/631 934/138/630
f 933/137/631 935/139/632 936/140/630
f 935/139/632 937/141/633 938/142/630
f 937/141/633 939/143/634 940/144/630
f 939/143/634 941/145/628 942/146/630
f 943/121/635 944/122/636 945/123/637
f 946/124/638 943/121/635 947/125/637
f 948/126/639 946/124/638 949/127/637
f 950/128/640 948/126/639 951/129/637
f 952/130/641 950/128/640 953/131/637
f 954/132/636 952/130/641 955/133/637
f 956/134/642 957/135/643 958/136/644
f 957/135/643 959/137/645 960/138/644
f 959/137/645 961/139/646 962/140/644
f 961/139/646 963/141/647 964/142/644
f 963/141/647 965/143/648 966/144/644
f 965/143/648 967/145/642 968/146/644
f 969/95/649 970/96/650 971/97/651
f 972/98/652 969/95/649 973/99/651
f 974/100/653 972/98/652 975/101/651
f 976/102/654 974/100/653 977/103/651
f 978/104/655 976/102/654 979/105/651
f 980/106/650 978/104/655 981/107/651
f 982/108/656 983/109/657 984/110/658
f 983/109/657 985/111/659 986/112/658
f 985/111/659 987/113/660 988/114/658
f 987/113/660 989/115/661 990/116/658
f 989/115/661 991/117/662 992/118/658
f 991/117/662 993/119/656 994/120/658
f 995/95/663 996/96/664 997/97/665
f 998/98/666 995/95/663 999/99/665
f 1000/100/667 998/98/666 1001/101/665
f 1002/102/668 1000/100/667 1003/103/665
f 1004/104/669 1002/102/668 1005/105/665
f 1006/106/664 1004/104/669 1007/107/665
f 1008/108/670 1009/109/671 1010/110/672
f 1009/109/671 1011/111/673 1012/112/672
f 1011/111/673 1013/113/674 1014/114/672
f 1013/113/674 1015/115/675 1016/116/672
f 1015/115/675 1017/117/676 1018/118/672
f 1017/117/676 1019/119/670 1020/120/672
f 1021/65/677 1022/66/678 1023/67/679
f 1024/68/680 1025/69/678 1021/65/677
f 1026/70/681 1027/71/678 1028/72/682
f 1029/73/683 1030/74/678 1031/75/681
f 1032/76/684 1033/77/678 1024/68/680
f 1023/67/679 1034/78/678 1035/79/685
f 1036/80/678 1029/73/683 1035/79/685
f 1028/72/682 1037/81/678 1032/76/684
f 1038/65/686 1039/66/687 1040/67/688
f 1041/68/689 1042/69/687 1038/65/686
f 1043/70/690 1044/71/687 1045/72/691
f 1046/73/692 1047/74/687 1048/75/690
f 1049/76/693 1050/77/687 1041/68/689
f 1040/67/688 1051/78/687 1052/79/694
f 1053/80/687 1046/73/692 1052/79/694
f 1045/72/691 1054/81/687 1049/76/693
f 1055/65/695 1056/66/696 1057/67/697
f 1058/68/698 1059/69/696 1055/65/695
f 1060/70/699 1061/71/696 1062/72/700
f 1063/73/701 1064/74/696 1065/75/699
f 1066/76/702 1067/77/696 1058/68/698
f 1057/67/697 1068/78/696 1069/79/703
f 1070/80/696 1063/73/701 1069/79/703
f 1062/72/700 1071/81/696 1066/76/702
f 1072/121/704 1073/122/705 1074/123/706
f 1075/124/707 1072/121/704 1076/125/706
f 1077/126/708 1075/124/707 1078/127/706
f 1079/128/709 1077/126/708 1080/129/706
f 1081/130/710 1079/128/709 1082/131/706
f 1083/132/705 1081/130/710 1084/133/706
f 1085/134/711 1086/135/712 1087/136/713
f 1086/135/712 1088/137/714 1089/138/713
f 1088/137/714 1090/139/715 1091/140/713
f 1090/139/715 1092/141/716 1093/142/713
f 1092/141/716 1094/143/717 1095/144/713
f 1094/143/717 1096/145/711 1097/146/713
f 1098/121/718 1099/122/719 1100/123/720
f 1101/124/721 1098/121/718 1102/125/720
f 1103/126/722 1101/124/721 1104/127/720
f 1105/128/723 1103/126/722 1106/129/720
f 1107/130/724 1105/128/723 1108/131/720
f 1109/132/719 1107/130/724 1110/133/720
f 1111/134/725 1112/135/726 1113/136/727
f 1112/135/726 1114/137/728 1115/138/727
f 1114/137/728 1116/139/729 1117/140/727
f 1116/139/729 1118/141/730 1119/142/727
f 1118/141/730 1120/143/731 1121/144/727
f 1120/143/731 1122/145/725 1123/146/727
f 1124/121/732 1125/122/733 1126/123/734
f 1127/124/735 1124/121/732 1128/125/734
f 1129/126/736 1127/124/735 1130/127/734
f 1131/128/737 1129/126/736 1132/129/734
f 1133/130/738 1131/128/737 1134/131/734
f 1135/132/733 1133/130/738 1136/133/734
f 1137/134/739 1138/135/740 1139/136/741
f 1138/135/740 1140/137/742 1141/138/741
f 1140/137/742 1142/139/743 1143/140/741
f 1142/139/743 1144/141/744 1145/142/741
f 1144/141/744 1146/143/745 1147/144/741
f 1146/143/745 1148/145/739 1149/146/741
f 12/12/12 11/11/11 1150/295/746
f 12/12/12 1150/295/746 1151/296/747
f 1150/295/746 11/11/11 13/13/13
f 1150/295/746 13/13/13 1152/297/748
f 13/13/13 14/14/14 1153/298/749
f 13/13/13 1153/298/749 1152/297/748
f 14/14/14 15/15/15 1154/299/750
f 14/14/14 1154/299/750 1153/298/749
f 1154/299/750 15/15/15 16/16/16
f 1154/299/750 16/16/16 1155/300/751
f 1155/300/751 16/16/16 17/17/17
f 1155/300/751 17/17/17 1156/301/752
f 17/17/17 18/18/18 1157/302/753
f 17/17/17 1157/302/753 1156/301/752
f 1157/302/753 18/18/18 12/12/12
f 1157/302/753 12/12/12 1151/296/747
f 1151/296/747 1150/295/746 24/24/24
f 1151/296/747 24/24/24 19/19/19
f 24/24/24 1150/295/746 1152/297/748
f 24/24/24 1152/297/748 25/25/25
f 1152/297/748 1153/298/749 30/30/30
f 1152/297/748 30/30/30 25/25/25
f 1153/298/749 1154/299/750 33/33/33
f 1153/298/749 33/33/33 30/30/30
f 33/33/33 1154/299/750 1155/300/751
f 33/33/33 1155/300/751 36/36/36
f 36/36/36 1155/300/751 1156/301/752
f 36/36/36 1156/301/752 37/37/37
f 1156/301/752 1157/302/753 42/42/42
f 1156/301/752 42/42/42 37/37/37
f 42/42/42 1157/302/753 1151/296/747
f 42/42/42 1151/296/747 19/19/19
f 1158/303/21 1159/304/754 1160/305/755
f 1158/303/21 1160/305/755 1161/306/40
f 1159/304/754 1158/303/21 1162/307/20
f 1159/304/754 1162/307/20 1163/308/756
f 1163/308/756 1162/307/20 1164/309/23
f 1163/308/756 1164/309/23 1165/310/757
f 1165/310/757 1164/309/23 1166/311/22
f 1165/310/757 1166/311/22 1167/312/758
f 1167/312/758 1166/311/22 1168/313/27
f 1167/312/758 1168/313/27 1169/314/759
f 1169/314/759 1168/313/27 1170/315/26
f 1169/314/759 1170/315/26 1171/316/760
f 1171/316/760 1170/315/26 1172/317/29
f 1171/316/760 1172/317/29 1173/318/761
f 1173/318/761 1172/317/29 1174/319/28
f 1173/318/761 1174/319/28 1175/320/762
f 1175/320/762 1174/319/28 1176/321/32
f 1175/320/762 1176/321/32 1177/322/763
f 1177/322/763 1176/321/32 1178/323/31
f 1177/322/763 1178/323/31 1179/324/764
f 1179/324/764 1178/323/31 1180/325/35
f 1179/324/764 1180/325/35 1181/326/765
f 1181/326/765 1180/325/35 1182/327/34
f 1181/326/765 1182/327/34 1183/328/766
f 1183/328/766 1182/327/34 1184/329/39
f 1183/328/766 1184/329/39 1185/330/767
f 1185/330/767 1184/329/39 1186/331/38
f 1185/330/767 1186/331/38 1187/332/768
f 1187/332/768 1186/331/38 1188/333/41
f 1187/332/768 1188/333/41 1189/334/769
f 1189/334/769 1188/333/41 1161/306/40
f 1189/334/769 1161/306/40 1160/305/755
f 1163/308/756 1165/310/757 1190/335/770
f 1163/308/756 1190/335/770 1159/304/754
f 1183/328/766 1185/330/767 1190/335/770
f 1183/328/766 1190/335/770 1181/326/765
f 1171/316/760 1173/318/761 1190/335/770
f 1171/316/760 1190/335/770 1169/314/759
f 1190/335/770 1177/322/763 1179/324/764
f 1190/335/770 1179/324/764 1181/326/765
f 1190/335/770 1189/334/769 1160/305/755
f 1190/335/770 1160/305/755 1159/304/754
f 1190/335/770 1165/310/757 1167/312/758
f 1190/335/770 1167/312/758 1169/314/759
f 1190/335/770 1173/318/761 1175/320/762
f 1190/335/770 1175/320/762 1177/322/763
f 1187/332/768 1189/334/769 1190/335/770
f 1187/332/768 1190/335/770 1185/330/767
f 1191/336/44 1192/337/43 1193/338/57
f 1191/336/44 1193/338/57 1194/339/56
f 1192/337/43 1195/340/46 1196/341/59
f 1192/337/43 1196/341/59 1193/338/57
f 1195/340/46 1197/342/47 1198/343/60
f 1195/340/46 1198/343/60 1196/341/59
f 1197/342/47 1199/344/48 1200/345/61
f 1197/342/47 1200/345/61 1198/343/60
f 1199/344/48 1201/346/49 1202/347/62
f 1199/344/48 1202/347/62 1200/345/61
f 1201/346/49 1203/348/50 1204/349/63
f 1201/346/49 1204/349/63 1202/347/62
f 1203/348/50 1205/350/51 1206/351/64
f 1203/348/50 1206/351/64 1204/349/63
f 1205/350/51 1207/352/52 1208/353/65
f 1205/350/51 1208/353/65 1206/351/64
f 1207/352/52 1209/354/53 1210/355/66
f 1207/352/52 1210/355/66 1208/353/65
f 1209/354/53 1211/356/54 1212/357/67
f 1209/354/53 1212/357/67 1210/355/66
f 1211/356/54 1213/358/55 1214/359/68
f 1211/356/54 1214/359/68 1212/357/67
f 1213/358/55 1215/360/44 1216/361/56
f 1213/358/55 1216/361/56 1214/359/68
f 1217/362/771 1218/363/772 1219/364/773
f 1217/362/771 1219/364/773 1220/365/774
f 1221/366/775 1222/367/776 1223/368/777
f 1221/366/775 1223/368/777 1224/369/778
f 1225/370/779 1226/371/780 1221/366/775
f 1225/370/779 1221/366/775 1224/369/778
f 1227/372/781 1228/373/782 1229/374/783
f 1227/372/781 1229/374/783 1230/375/784
f 1231/376/785 1232/377/786 1233/378/787
f 1231/376/785 1233/378/787 1234/379/788
f 1226/371/780 1235/380/789 1236/381/790
f 1226/371/780 1236/381/790 1221/366/775
f 71/67/71 83/79/77 1237/382/791
f 71/67/71 1237/382/791 1238/383/792
f 1235/380/789 80/76/76 72/68/72
f 1235/380/789 72/68/72 1236/381/790
f 1238/383/792 1237/382/791 1218/363/772
f 1238/383/792 1218/363/772 1217/362/771
f 1220/365/774 1219/364/773 1239/384/793
f 1220/365/774 1239/384/793 1240/385/794
f 1224/369/778 1223/368/777 1241/386/795
f 1224/369/778 1241/386/795 1242/387/796
f 1243/388/797 1225/370/779 1224/369/778
f 1243/388/797 1224/369/778 1242/387/796
f 1244/389/798 1227/372/781 1230/375/784
f 1244/389/798 1230/375/784 1245/390/799
f 1246/391/794 1247/392/793 1248/393/800
f 1246/391/794 1248/393/800 1249/394/801
f 1250/395/796 1251/396/795 1252/397/785
f 1250/395/796 1252/397/785 1253/398/788
f 1254/399/787 1255/400/797 1250/395/796
f 1254/399/787 1250/395/796 1253/398/788
f 1256/401/802 1257/402/798 1258/403/799
f 1256/401/802 1258/403/799 1259/404/803
f 1260/405/804 69/65/69 71/67/71
f 1260/405/804 71/67/71 1238/383/792
f 1236/381/790 1260/405/804 1222/367/776
f 1236/381/790 1222/367/776 1221/366/775
f 1261/406/805 77/73/75 79/75/73
f 1261/406/805 79/75/73 1262/407/806
f 1228/373/782 1263/408/806 1264/409/807
f 1228/373/782 1264/409/807 1229/374/783
f 1222/367/776 1260/405/804 1238/383/792
f 1222/367/776 1238/383/792 1217/362/771
f 1223/368/777 1222/367/776 1217/362/771
f 1223/368/777 1217/362/771 1220/365/774
f 1241/386/795 1223/368/777 1220/365/774
f 1241/386/795 1220/365/774 1240/385/794
f 1252/397/785 1251/396/795 1246/391/794
f 1252/397/785 1246/391/794 1249/394/801
f 1265/410/800 1232/377/786 1231/376/785
f 1265/410/800 1231/376/785 1266/411/801
f 1267/412/808 1268/413/798 1269/414/802
f 1267/412/808 1269/414/802 1270/415/809
f 1271/416/810 1272/417/781 1273/418/798
f 1271/416/810 1273/418/798 1274/419/808
f 1275/420/811 1276/421/782 1272/417/781
f 1275/420/811 1272/417/781 1271/416/810
f 1261/406/805 1262/407/806 1276/421/782
f 1261/406/805 1276/421/782 1275/420/811
f 72/68/72 69/65/69 1260/405/804
f 72/68/72 1260/405/804 1236/381/790
f 1263/408/806 74/70/73 76/72/74
f 1263/408/806 76/72/74 1264/409/807
f 1277/422/809 1278/423/802 1232/377/786
f 1277/422/809 1232/377/786 1265/410/800
f 1233/378/787 1232/377/786 1278/423/802
f 1233/378/787 1278/423/802 1279/424/803
f 1258/403/799 1255/400/797 1254/399/787
f 1258/403/799 1254/399/787 1259/404/803
f 1230/375/784 1225/370/779 1243/388/797
f 1230/375/784 1243/388/797 1245/390/799
f 1229/374/783 1226/371/780 1225/370/779
f 1229/374/783 1225/370/779 1230/375/784
f 1264/409/807 1235/380/789 1226/371/780
f 1264/409/807 1226/371/780 1229/374/783
f 76/72/74 80/76/76 1235/380/789
f 76/72/74 1235/380/789 1264/409/807
f 1237/382/791 83/79/77 77/73/75
f 1237/382/791 77/73/75 1261/406/805
f 1218/363/772 1237/382/791 1261/406/805
f 1218/363/772 1261/406/805 1275/420/811
f 1219/364/773 1218/363/772 1275/420/811
f 1219/364/773 1275/420/811 1271/416/810
f 1239/384/793 1219/364/773 1271/416/810
f 1239/384/793 1271/416/810 1274/419/808
f 1248/393/800 1247/392/793 1267/412/808
f 1248/393/800 1267/412/808 1270/415/809
f 100/96/92 99/95/91 1280/425/812
f 100/96/92 1280/425/812 1281/426/813
f 99/95/91 102/98/94 1282/427/814
f 99/95/91 1282/427/814 1280/425/812
f 102/98/94 104/100/95 1283/428/815
f 102/98/94 1283/428/815 1282/427/814
f 104/100/95 106/102/96 1284/429/816
f 104/100/95 1284/429/816 1283/428/815
f 106/102/96 108/104/97 1285/430/817
f 106/102/96 1285/430/817 1284/429/816
f 108/104/97 110/106/92 1286/431/813
f 108/104/97 1286/431/813 1285/430/817
f 1281/426/813 1280/425/812 1287/432/818
f 1281/426/813 1287/432/818 1288/433/819
f 1280/425/812 1282/427/814 1289/434/820
f 1280/425/812 1289/434/820 1287/432/818
f 1282/427/814 1283/428/815 1290/435/821
f 1282/427/814 1290/435/821 1289/434/820
f 1283/428/815 1284/429/816 1291/436/822
f 1283/428/815 1291/436/822 1290/435/821
f 1284/429/816 1285/430/817 1292/437/823
f 1284/429/816 1292/437/823 1291/436/822
f 1285/430/817 1286/431/813 1293/438/819
f 1285/430/817 1293/438/819 1292/437/823
f 1288/433/819 1287/432/818 1294/439/824
f 1288/433/819 1294/439/824 1295/440/825
f 1287/432/818 1289/434/820 1296/441/826
f 1287/432/818 1296/441/826 1294/439/824
f 1289/434/820 1290/435/821 1297/442/827
f 1289/434/820 1297/442/827 1296/441/826
f 1290/435/821 1291/436/822 1298/443/828
f 1290/435/821 1298/443/828 1297/442/827
f 1291/436/822 1292/437/823 1299/444/829
f 1291/436/822 1299/444/829 1298/443/828
f 1292/437/823 1293/438/819 1300/445/825
f 1292/437/823 1300/445/825 1299/444/829
f 1295/440/825 1294/439/824 113/109/99
f 1295/440/825 113/109/99 112/108/98
f 1294/439/824 1296/441/826 115/111/101
f 1294/439/824 115/111/101 113/109/99
f 1296/441/826 1297/442/827 117/113/102
f 1296/441/826 117/113/102 115/111/101
f 1297/442/827 1298/443/828 119/115/103
f 1297/442/827 119/115/103 117/113/102
f 1298/443/828 1299/444/829 121/117/104
f 1298/443/828 121/117/104 119/115/103
f 1299/444/829 1300/445/825 123/119/98
f 1299/444/829 123/119/98 121/117/104
f 126/122/106 125/121/105 1301/446/830
f 126/122/106 1301/446/830 1302/447/831
f 125/121/105 128/124/108 1303/448/832
f 125/121/105 1303/448/832 1301/446/830
f 128/124/108 130/126/109 1304/449/833
f 128/124/108 1304/449/833 1303/448/832
f 130/126/109 132/128/110 1305/450/834
f 130/126/109 1305/450/834 1304/449/833
f 132/128/110 134/130/111 1306/451/835
f 132/128/110 1306/451/835 1305/450/834
f 134/130/111 136/132/106 1307/452/831
f 134/130/111 1307/452/831 1306/451/835
f 1302/447/831 1301/446/830 1308/453/836
f 1302/447/831 1308/453/836 1309/454/837
f 1301/446/830 1303/448/832 1310/455/838
f 1301/446/830 1310/455/838 1308/453/836
f 1303/448/832 1304/449/833 1311/456/839
f 1303/448/832 1311/456/839 1310/455/838
f 1304/449/833 1305/450/834 1312/457/840
f 1304/449/833 1312/457/840 1311/456/839
f 1305/450/834 1306/451/835 1313/458/841
f 1305/450/834 1313/458/841 1312/457/840
f 1306/451/835 1307/452/831 1314/459/837
f 1306/451/835 1314/459/837 1313/458/841
f 1309/454/837 1308/453/836 1315/460/842
f 1309/454/837 1315/460/842 1316/461/843
f 1308/453/836 1310/455/838 1317/462/844
f 1308/453/836 1317/462/844 1315/460/842
f 1310/455/838 1311/456/839 1318/463/845
f 1310/455/838 1318/463/845 1317/462/844
f 1311/456/839 1312/457/840 1319/464/846
f 1311/456/839 1319/464/846 1318/463/845
f 1312/457/840 1313/458/841 1320/465/847
f 1312/457/840 1320/465/847 1319/464/846
f 1313/458/841 1314/459/837 1321/466/843
f 1313/458/841 1321/466/843 1320/465/847
f 1316/461/843 1315/460/842 139/135/113
f 1316/461/843 139/135/113 138/134/112
f 1315/460/842 1317/462/844 141/137/115
f 1315/460/842 141/137/115 139/135/113
f 1317/462/844 1318/463/845 143/139/116
f 1317/462/844 143/139/116 141/137/115
f 1318/463/845 1319/464/846 145/141/117
f 1318/463/845 145/141/117 143/139/116
f 1319/464/846 1320/465/847 147/143/118
f 1319/464/846 147/143/118 145/141/117
f 1320/465/847 1321/466/843 149/145/112
f 1320/465/847 149/145/112 147/143/118
f 1322/467/848 1323/468/849 1324/469/850
f 1322/467/848 1324/469/850 1325/470/851
f 1323/468/849 1326/471/852 1327/472/853
f 1323/468/849 1327/472/853 1324/469/850
f 1326/471/852 1328/473/854 1329/474/855
f 1326/471/852 1329/474/855 1327/472/853
f 1328/473/854 1330/475/856 1331/476/857
f 1328/473/854 1331/476/857 1329/474/855
f 1330/475/856 1332/477/858 1333/478/859
f 1330/475/856 1333/478/859 1331/476/857
f 1334/479/858 1335/480/860 1336/481/861
f 1334/479/858 1336/481/861 1337/482/859
f 1335/480/860 1338/483/862 1339/484/863
f 1335/480/860 1339/484/863 1336/481/861
f 1338/483/862 1322/467/848 1325/470/851
f 1338/483/862 1325/470/851 1339/484/863
f 1325/470/851 1324/469/850 1340/485/864
f 1325/470/851 1340/485/864 1341/486/865
f 1324/469/850 1327/472/853 1342/487/866
f 1324/469/850 1342/487/866 1340/485/864
f 1327/472/853 1329/474/855 1343/488/867
f 1327/472/853 1343/488/867 1342/487/866
f 1329/474/855 1331/476/857 1344/489/868
f 1329/474/855 1344/489/868 1343/488/867
f 1331/476/857 1333/478/859 1345/490/869
f 1331/476/857 1345/490/869 1344/489/868
f 1337/482/859 1336/481/861 1346/491/870
f 1337/482/859 1346/491/870 1347/492/869
f 1336/481/861 1339/484/863 1348/493/871
f 1336/481/861 1348/493/871 1346/491/870
f 1339/484/863 1325/470/851 1341/486/865
f 1339/484/863 1341/486/865 1348/493/871
f 1349/494/872 1350/495/873 152/148/120
f 1349/494/872 152/148/120 151/147/119
f 1350/495/873 1351/496/874 154/150/122
f 1350/495/873 154/150/122 152/148/120
f 1351/496/874 1352/497/875 155/151/123
f 1351/496/874 155/151/123 154/150/122
f 1352/497/875 1353/498/876 156/152/124
f 1352/497/875 156/152/124 155/151/123
f 1353/498/876 1354/499/877 157/153/125
f 1353/498/876 157/153/125 156/152/124
f 1354/499/877 1355/500/878 158/154/126
f 1354/499/877 158/154/126 157/153/125
f 1355/500/878 1356/501/879 159/155/127
f 1355/500/878 159/155/127 158/154/126
f 1356/501/879 1349/494/872 151/147/119
f 1356/501/879 151/147/119 159/155/127
f 1357/502/880 1358/503/881 1359/504/882
f 1357/502/880 1359/504/882 1360/505/883
f 1358/503/881 1361/506/884 1362/507/885
f 1358/503/881 1362/507/885 1359/504/882
f 1361/506/884 1363/508/886 1364/509/887
f 1361/506/884 1364/509/887 1362/507/885
f 1363/508/886 1365/510/888 1366/511/889
f 1363/508/886 1366/511/889 1364/509/887
f 1365/510/888 1367/512/890 1368/513/891
f 1365/510/888 1368/513/891 1366/511/889
f 1369/514/890 1370/515/892 1371/516/893
f 1369/514/890 1371/516/893 1372/517/891
f 1370/515/892 1373/518/894 1374/519/895
f 1370/515/892 1374/519/895 1371/516/893
f 1373/518/894 1357/502/880 1360/505/883
f 1373/518/894 1360/505/883 1374/519/895
f 1375/520/896 1376/521/897 1377/522/898
f 1375/520/896 1377/522/898 1378/523/899
f 1376/521/897 1379/524/900 1380/525/901
f 1376/521/897 1380/525/901 1377/522/898
f 1379/524/900 1381/526/902 1382/527/903
f 1379/524/900 1382/527/903 1380/525/901
f 1381/526/902 1383/528/904 1384/529/905
f 1381/526/902 1384/529/905 1382/527/903
f 1383/528/904 1385/530/906 1386/531/907
f 1383/528/904 1386/531/907 1384/529/905
f 1387/532/906 1388/533/908 1389/534/909
f 1387/532/906 1389/534/909 1390/535/907
f 1388/533/908 1391/536/910 1392/537/911
f 1388/533/908 1392/537/911 1389/534/909
f 1391/536/910 1375/520/896 1378/523/899
f 1391/536/910 1378/523/899 1392/537/911
f 162/158/130 169/165/136 1393/538/912
f 162/158/130 1393/538/912 1394/539/913
f 169/165/136 163/159/131 1395/540/914
f 169/165/136 1395/540/914 1393/538/912
f 163/159/131 164/160/132 1396/541/915
f 163/159/131 1396/541/915 1395/540/914
f 166/162/132 167/163/134 1397/542/916
f 166/162/132 1397/542/916 1398/543/915
f 167/163/134 168/164/135 1399/544/917
f 167/163/134 1399/544/917 1397/542/916
f 168/164/135 165/161/133 1400/545/918
f 168/164/135 1400/545/918 1399/544/917
f 165/161/133 160/156/128 1401/546/919
f 165/161/133 1401/546/919 1400/545/918
f 160/156/128 162/158/130 1394/539/913
f 160/156/128 1394/539/913 1401/546/919
f 1402/547/920 1323/468/849 1322/467/848
f 1402/547/920 1322/467/848 1403/548/921
f 1403/548/921 1322/467/848 1338/483/862
f 1403/548/921 1338/483/862 1404/549/922
f 1404/549/922 1338/483/862 1335/480/860
f 1404/549/922 1335/480/860 1405/550/923
f 1405/550/923 1335/480/860 1334/479/858
f 1405/550/923 1334/479/858 1406/551/924
f 1407/552/924 1332/477/858 1330/475/856
f 1407/552/924 1330/475/856 1408/553/925
f 1408/553/925 1330/475/856 1328/473/854
f 1408/553/925 1328/473/854 1409/554/926
f 1409/554/926 1328/473/854 1326/471/852
f 1409/554/926 1326/471/852 1410/555/927
f 1410/555/927 1326/471/852 1323/468/849
f 1410/555/927 1323/468/849 1402/547/920
f 1411/556/928 1412/557/929 1361/506/884
f 1411/556/928 1361/506/884 1358/503/881
f 1412/557/929 1413/558/930 1363/508/886
f 1412/557/929 1363/508/886 1361/506/884
f 1413/558/930 1414/559/931 1365/510/888
f 1413/558/930 1365/510/888 1363/508/886
f 1414/559/931 1415/560/932 1367/512/890
f 1414/559/931 1367/512/890 1365/510/888
f 1416/561/932 1417/562/933 1370/515/892
f 1416/561/932 1370/515/892 1369/514/890
f 1417/562/933 1418/563/934 1373/518/894
f 1417/562/933 1373/518/894 1370/515/892
f 1418/563/934 1419/564/935 1357/502/880
f 1418/563/934 1357/502/880 1373/518/894
f 1419/564/935 1411/556/928 1358/503/881
f 1419/564/935 1358/503/881 1357/502/880
f 1377/522/898 1380/525/901 1412/557/929
f 1377/522/898 1412/557/929 1411/556/928
f 1380/525/901 1382/527/903 1413/558/930
f 1380/525/901 1413/558/930 1412/557/929
f 1382/527/903 1384/529/905 1414/559/931
f 1382/527/903 1414/559/931 1413/558/930
f 1384/529/905 1386/531/907 1415/560/932
f 1384/529/905 1415/560/932 1414/559/931
f 1390/535/907 1389/534/909 1417/562/933
f 1390/535/907 1417/562/933 1416/561/932
f 1389/534/909 1392/537/911 1418/563/934
f 1389/534/909 1418/563/934 1417/562/933
f 1392/537/911 1378/523/899 1419/564/935
f 1392/537/911 1419/564/935 1418/563/934
f 1378/523/899 1377/522/898 1411/556/928
f 1378/523/899 1411/556/928 1419/564/935
f 1341/486/865 1340/485/864 1420/565/873
f 1341/486/865 1420/565/873 1421/566/872
f 1340/485/864 1342/487/866 1422/567/874
f 1340/485/864 1422/567/874 1420/565/873
f 1342/487/866 1343/488/867 1423/568/875
f 1342/487/866 1423/568/875 1422/567/874
f 1343/488/867 1344/489/868 1424/569/876
f 1343/488/867 1424/569/876 1423/568/875
f 1344/489/868 1345/490/869 1425/570/877
f 1344/489/868 1425/570/877 1424/569/876
f 1347/492/869 1346/491/870 1426/571/878
f 1347/492/869 1426/571/878 1427/572/877
f 1346/491/870 1348/493/871 1428/573/879
f 1346/491/870 1428/573/879 1426/571/878
f 1348/493/871 1341/486/865 1421/566/872
f 1348/493/871 1421/566/872 1428/573/879
f 1359/504/882 1402/547/920 1403/548/921
f 1359/504/882 1403/548/921 1360/505/883
f 1360/505/883 1403/548/921 1404/549/922
f 1360/505/883 1404/549/922 1374/519/895
f 1374/519/895 1404/549/922 1405/550/923
f 1374/519/895 1405/550/923 1371/516/893
f 1371/516/893 1405/550/923 1406/551/924
f 1371/516/893 1406/551/924 1372/517/891
f 1368/513/891 1407/552/924 1408/553/925
f 1368/513/891 1408/553/925 1366/511/889
f 1366/511/889 1408/553/925 1409/554/926
f 1366/511/889 1409/554/926 1364/509/887
f 1364/509/887 1409/554/926 1410/555/927
f 1364/509/887 1410/555/927 1362/507/885
f 1362/507/885 1410/555/927 1402/547/920
f 1362/507/885 1402/547/920 1359/504/882
f 1394/539/913 1429/574/936 1430/575/937
f 1394/539/913 1430/575/937 1401/546/919
f 1401/546/919 1430/575/937 1431/576/938
f 1401/546/919 1431/576/938 1400/545/918
f 1400/545/918 1431/576/938 1432/577/939
f 1400/545/918 1432/577/939 1399/544/917
f 1399/544/917 1432/577/939 1433/578/940
f 1399/544/917 1433/578/940 1397/542/916
f 1397/542/916 1433/578/940 1434/579/941
f 1397/542/916 1434/579/941 1398/543/915
f 1396/541/915 1435/580/941 1436/581/942
f 1396/541/915 1436/581/942 1395/540/914
f 1395/540/914 1436/581/942 1437/582/943
f 1395/540/914 1437/582/943 1393/538/912
f 1393/538/912 1437/582/943 1429/574/936
f 1393/538/912 1429/574/936 1394/539/913
f 1429/574/936 1438/583/896 1439/584/910
f 1429/574/936 1439/584/910 1430/575/937
f 1430/575/937 1439/584/910 1440/585/908
f 1430/575/937 1440/585/908 1431/576/938
f 1431/576/938 1440/585/908 1441/586/906
f 1431/576/938 1441/586/906 1432/577/939
f 1432/577/939 1441/586/906 1442/587/904
f 1432/577/939 1442/587/904 1433/578/940
f 1433/578/940 1442/587/904 1443/588/902
f 1433/578/940 1443/588/902 1434/579/941
f 1435/580/941 1444/589/902 1445/590/900
f 1435/580/941 1445/590/900 1436/581/942
f 1436/581/942 1445/590/900 1446/591/897
f 1436/581/942 1446/591/897 1437/582/943
f 1437/582/943 1446/591/897 1438/583/896
f 1437/582/943 1438/583/896 1429/574/936
f 1447/592/944 1448/593/945 1449/594/946
f 1447/592/944 1449/594/946 1450/595/947
f 1448/593/945 1451/596/948 1452/597/949
f 1448/593/945 1452/597/949 1449/594/946
f 1451/596/948 1453/598/950 1454/599/951
f 1451/596/948 1454/599/951 1452/597/949
f 1453/598/950 1455/600/952 1456/601/953
f 1453/598/950 1456/601/953 1454/599/951
f 1450/595/947 1449/594/946 1457/602/954
f 1450/595/947 1457/602/954 1458/603/955
f 1449/594/946 1452/597/949 1459/604/956
f 1449/594/946 1459/604/956 1457/602/954
f 1452/597/949 1454/599/951 1460/605/957
f 1452/597/949 1460/605/957 1459/604/956
f 1454/599/951 1456/601/953 1461/606/958
f 1454/599/951 1461/606/958 1460/605/957
f 1457/602/954 1459/604/956 1462/607/959
f 1457/602/954 1462/607/959 1463/608/960
f 1459/604/956 1460/605/957 1464/609/961
f 1459/604/956 1464/609/961 1462/607/959
f 1460/605/957 1461/606/958 1465/610/962
f 1460/605/957 1465/610/962 1464/609/961
f 1461/606/958 1466/611/963 1467/612/964
f 1461/606/958 1467/612/964 1465/610/962
f 1463/608/960 1462/607/959 1468/613/965
f 1463/608/960 1468/613/965 1469/614/966
f 1462/607/959 1464/609/961 1470/615/967
f 1462/607/959 1470/615/967 1468/613/965
f 1464/609/961 1465/610/962 1471/616/968
f 1464/609/961 1471/616/968 1470/615/967
f 1465/610/962 1467/612/964 1472/617/969
f 1465/610/962 1472/617/969 1471/616/968
f 1473/618/970 1469/614/966 1474/619/971
f 1473/618/970 1474/619/971 1475/620/972
f 1469/614/966 1468/613/965 1476/621/973
f 1469/614/966 1476/621/973 1474/619/971
f 1468/613/965 1470/615/967 1477/622/974
f 1468/613/965 1477/622/974 1476/621/973
f 1470/615/967 1471/616/968 1478/623/975
f 1470/615/967 1478/623/975 1477/622/974
f 1471/616/968 1472/617/969 1479/624/976
f 1471/616/968 1479/624/976 1478/623/975
f 1480/625/977 1481/626/978 1482/627/979
f 1480/625/977 1482/627/979 1483/628/980
f 1481/626/978 1484/629/981 1485/630/982
f 1481/626/978 1485/630/982 1482/627/979
f 1484/629/981 1486/631/983 1487/632/984
f 1484/629/981 1487/632/984 1485/630/982
f 1486/631/983 1488/633/985 1489/634/986
f 1486/631/983 1489/634/986 1487/632/984
f 1488/633/985 1490/635/987 1491/636/988
f 1488/633/985 1491/636/988 1489/634/986
f 1490/635/987 1492/637/989 1493/638/990
f 1490/635/987 1493/638/990 1491/636/988
f 1492/637/989 1494/639/991 1495/640/992
f 1492/637/989 1495/640/992 1493/638/990
f 1494/639/991 1496/641/993 1497/642/994
f 1494/639/991 1497/642/994 1495/640/992
f 1496/641/993 1498/643/995 1499/644/996
f 1496/641/993 1499/644/996 1497/642/994
f 1498/643/995 1500/645/997 1501/646/998
f 1498/643/995 1501/646/998 1499/644/996
f 1500/645/997 1502/647/999 1503/648/1000
f 1500/645/997 1503/648/1000 1501/646/998
f 1502/647/999 1480/625/977 1483/628/980
f 1502/647/999 1483/628/980 1503/648/1000
f 1483/628/980 1482/627/979 1504/649/1001
f 1483/628/980 1504/649/1001 1505/650/1002
f 1482/627/979 1485/630/982 1506/651/1003
f 1482/627/979 1506/651/1003 1504/649/1001
f 1485/630/982 1487/632/984 1507/652/1004
f 1485/630/982 1507/652/1004 1506/651/1003
f 1487/632/984 1489/634/986 1508/653/1005
f 1487/632/984 1508/653/1005 1507/652/1004
f 1489/634/986 1491/636/988 1509/654/1006
f 1489/634/986 1509/654/1006 1508/653/1005
f 1491/636/988 1493/638/990 1510/655/1007
f 1491/636/988 1510/655/1007 1509/654/1006
f 1493/638/990 1495/640/992 1511/656/1008
f 1493/638/990 1511/656/1008 1510/655/1007
f 1495/640/992 1497/642/994 1512/657/1009
f 1495/640/992 1512/657/1009 1511/656/1008
f 1497/642/994 1499/644/996 1513/658/1010
f 1497/642/994 1513/658/1010 1512/657/1009
f 1499/644/996 1501/646/998 1514/659/1011
f 1499/644/996 1514/659/1011 1513/658/1010
f 1501/646/998 1503/648/1000 1515/660/1012
f 1501/646/998 1515/660/1012 1514/659/1011
f 1503/648/1000 1483/628/980 1505/650/1002
f 1503/648/1000 1505/650/1002 1515/660/1012
f 1505/650/1002 1504/649/1001 287/283/220
f 1505/650/1002 287/283/220 286/282/219
f 1504/649/1001 1506/651/1003 289/285/222
f 1504/649/1001 289/285/222 287/283/220
f 1506/651/1003 1507/652/1004 290/286/223
f 1506/651/1003 290/286/223 289/285/222
f 1507/652/1004 1508/653/1005 291/287/224
f 1507/652/1004 291/287/224 290/286/223
f 1508/653/1005 1509/654/1006 292/288/225
f 1508/653/1005 292/288/225 291/287/224
f 1509/654/1006 1510/655/1007 293/289/226
f 1509/654/1006 293/289/226 292/288/225
f 1510/655/1007 1511/656/1008 294/290/227
f 1510/655/1007 294/290/227 293/289/226
f 1511/656/1008 1512/657/1009 295/291/228
f 1511/656/1008 295/291/228 294/290/227
f 1512/657/1009 1513/658/1010 296/292/229
f 1512/657/1009 296/292/229 295/291/228
f 1513/658/1010 1514/659/1011 297/293/230
f 1513/658/1010 297/293/230 296/292/229
f 1514/659/1011 1515/660/1012 298/294/231
f 1514/659/1011 298/294/231 297/293/230
f 1515/660/1012 1505/650/1002 286/282/219
f 1515/660/1012 286/282/219 298/294/231
f 1516/467/1013 1517/468/1014 1518/469/1015
f 1516/467/1013 1518/469/1015 1519/470/1016
f 1517/468/1014 1520/471/1017 1521/472/1018
f 1517/468/1014 1521/472/1018 1518/469/1015
f 1520/471/1017 1522/473/1019 1523/474/1020
f 1520/471/1017 1523/474/1020 1521/472/1018
f 1522/473/1019 1524/475/1021 1525/476/1022
f 1522/473/1019 1525/476/1022 1523/474/1020
f 1524/475/1021 1526/477/1023 1527/478/1024
f 1524/475/1021 1527/478/1024 1525/476/1022
f 1528/479/1023 1529/480/1025 1530/481/1026
f 1528/479/1023 1530/481/1026 1531/482/1024
f 1529/480/1025 1532/483/1027 1533/484/1028
f 1529/480/1025 1533/484/1028 1530/481/1026
f 1532/483/1027 1516/467/1013 1519/470/1016
f 1532/483/1027 1519/470/1016 1533/484/1028
f 1519/470/1016 1518/469/1015 1534/485/1029
f 1519/470/1016 1534/485/1029 1535/486/1030
f 1518/469/1015 1521/472/1018 1536/487/1031
f 1518/469/1015 1536/487/1031 1534/485/1029
f 1521/472/1018 1523/474/1020 1537/488/1032
f 1521/472/1018 1537/488/1032 1536/487/1031
f 1523/474/1020 1525/476/1022 1538/489/1033
f 1523/474/1020 1538/489/1033 1537/488/1032
f 1525/476/1022 1527/478/1024 1539/490/1034
f 1525/476/1022 1539/490/1034 1538/489/1033
f 1531/482/1024 1530/481/1026 1540/491/1035
f 1531/482/1024 1540/491/1035 1541/492/1034
f 1530/481/1026 1533/484/1028 1542/493/1036
f 1530/481/1026 1542/493/1036 1540/491/1035
f 1533/484/1028 1519/470/1016 1535/486/1030
f 1533/484/1028 1535/486/1030 1542/493/1036
f 1543/494/1037 1544/495/1038 300/148/233
f 1543/494/1037 300/148/233 299/147/232
f 1544/495/1038 1545/496/1039 302/150/235
f 1544/495/1038 302/150/235 300/148/233
f 1545/496/1039 1546/497/1040 303/151/236
f 1545/496/1039 303/151/236 302/150/235
f 1546/497/1040 1547/498/1041 304/152/237
f 1546/497/1040 304/152/237 303/151/236
f 1547/498/1041 1548/499/1042 305/153/238
f 1547/498/1041 305/153/238 304/152/237
f 1548/499/1042 1549/500/1043 306/154/239
f 1548/499/1042 306/154/239 305/153/238
f 1549/500/1043 1550/501/1044 307/155/240
f 1549/500/1043 307/155/240 306/154/239
f 1550/501/1044 1543/494/1037 299/147/232
f 1550/501/1044 299/147/232 307/155/240
f 1551/502/1045 1552/503/1046 1553/504/1047
f 1551/502/1045 1553/504/1047 1554/505/1048
f 1552/503/1046 1555/506/1049 1556/507/1050
f 1552/503/1046 1556/507/1050 1553/504/1047
f 1555/506/1049 1557/508/1051 1558/509/1052
f 1555/506/1049 1558/509/1052 1556/507/1050
f 1557/508/1051 1559/510/1053 1560/511/1054
f 1557/508/1051 1560/511/1054 1558/509/1052
f 1559/510/1053 1561/512/1055 1562/513/1056
f 1559/510/1053 1562/513/1056 1560/511/1054
f 1563/514/1055 1564/515/1057 1565/516/1058
f 1563/514/1055 1565/516/1058 1566/517/1056
f 1564/515/1057 1567/518/1059 1568/519/1060
f 1564/515/1057 1568/519/1060 1565/516/1058
f 1567/518/1059 1551/502/1045 1554/505/1048
f 1567/518/1059 1554/505/1048 1568/519/1060
f 1569/520/1061 1570/521/1062 1571/522/1063
f 1569/520/1061 1571/522/1063 1572/523/1064
f 1570/521/1062 1573/524/1065 1574/525/1066
f 1570/521/1062 1574/525/1066 1571/522/1063
f 1573/524/1065 1575/526/1067 1576/527/1068
f 1573/524/1065 1576/527/1068 1574/525/1066
f 1575/526/1067 1577/528/1069 1578/529/1070
f 1575/526/1067 1578/529/1070 1576/527/1068
f 1577/528/1069 1579/530/1071 1580/531/1072
f 1577/528/1069 1580/531/1072 1578/529/1070
f 1581/532/1071 1582/533/1073 1583/534/1074
f 1581/532/1071 1583/534/1074 1584/535/1072
f 1582/533/1073 1585/536/1075 1586/537/1076
f 1582/533/1073 1586/537/1076 1583/534/1074
f 1585/536/1075 1569/520/1061 1572/523/1064
f 1585/536/1075 1572/523/1064 1586/537/1076
f 310/158/243 317/165/249 1587/538/1077
f 310/158/243 1587/538/1077 1588/539/1078
f 317/165/249 311/159/244 1589/540/1079
f 317/165/249 1589/540/1079 1587/538/1077
f 311/159/244 312/160/245 1590/541/1080
f 311/159/244 1590/541/1080 1589/540/1079
f 314/162/245 315/163/247 1591/542/1081
f 314/162/245 1591/542/1081 1592/543/1080
f 315/163/247 316/164/248 1593/544/1082
f 315/163/247 1593/544/1082 1591/542/1081
f 316/164/248 313/161/246 1594/545/1083
f 316/164/248 1594/545/1083 1593/544/1082
f 313/161/246 308/156/241 1595/546/1084
f 313/161/246 1595/546/1084 1594/545/1083
f 308/156/241 310/158/243 1588/539/1078
f 308/156/241 1588/539/1078 1595/546/1084
f 1596/547/1085 1517/468/1014 1516/467/1013
f 1596/547/1085 1516/467/1013 1597/548/1086
f 1597/548/1086 1516/467/1013 1532/483/1027
f 1597/548/1086 1532/483/1027 1598/549/1087
f 1598/549/1087 1532/483/1027 1529/480/1025
f 1598/549/1087 1529/480/1025 1599/550/1088
f 1599/550/1088 1529/480/1025 1528/479/1023
f 1599/550/1088 1528/479/1023 1600/551/1089
f 1601/552/1089 1526/477/1023 1524/475/1021
f 1601/552/1089 1524/475/1021 1602/553/1090
f 1602/553/1090 1524/475/1021 1522/473/1019
f 1602/553/1090 1522/473/1019 1603/554/1091
f 1603/554/1091 1522/473/1019 1520/471/1017
f 1603/554/1091 1520/471/1017 1604/555/1092
f 1604/555/1092 1520/471/1017 1517/468/1014
f 1604/555/1092 1517/468/1014 1596/547/1085
f 1605/556/1093 1606/557/1094 1555/506/1049
f 1605/556/1093 1555/506/1049 1552/503/1046
f 1606/557/1094 1607/558/1095 1557/508/1051
f 1606/557/1094 1557/508/1051 1555/506/1049
f 1607/558/1095 1608/559/1096 1559/510/1053
f 1607/558/1095 1559/510/1053 1557/508/1051
f 1608/559/1096 1609/560/1097 1561/512/1055
f 1608/559/1096 1561/512/1055 1559/510/1053
f 1610/561/1097 1611/562/1098 1564/515/1057
f 1610/561/1097 1564/515/1057 1563/514/1055
f 1611/562/1098 1612/563/1099 1567/518/1059
f 1611/562/1098 1567/518/1059 1564/515/1057
f 1612/563/1099 1613/564/1100 1551/502/1045
f 1612/563/1099 1551/502/1045 1567/518/1059
f 1613/564/1100 1605/556/1093 1552/503/1046
f 1613/564/1100 1552/503/1046 1551/502/1045
f 1571/522/1063 1574/525/1066 1606/557/1094
f 1571/522/1063 1606/557/1094 1605/556/1093
f 1574/525/1066 1576/527/1068 1607/558/1095
f 1574/525/1066 1607/558/1095 1606/557/1094
f 1576/527/1068 1578/529/1070 1608/559/1096
f 1576/527/1068 1608/559/1096 1607/558/1095
f 1578/529/1070 1580/531/1072 1609/560/1097
f 1578/529/1070 1609/560/1097 1608/559/1096
f 1584/535/1072 1583/534/1074 1611/562/1098
f 1584/535/1072 1611/562/1098 1610/561/1097
f 1583/534/1074 1586/537/1076 1612/563/1099
f 1583/534/1074 1612/563/1099 1611/562/1098
f 1586/537/1076 1572/523/1064 1613/564/1100
f 1586/537/1076 1613/564/1100 1612/563/1099
f 1572/523/1064 1571/522/1063 1605/556/1093
f 1572/523/1064 1605/556/1093 1613/564/1100
f 1535/486/1030 1534/485/1029 1614/565/1038
f 1535/486/1030 1614/565/1038 1615/566/1037
f 1534/485/1029 1536/487/1031 1616/567/1039
f 1534/485/1029 1616/567/1039 1614/565/1038
f 1536/487/1031 1537/488/1032 1617/568/1040
f 1536/487/1031 1617/568/1040 1616/567/1039
f 1537/488/1032 1538/489/1033 1618/569/1041
f 1537/488/1032 1618/569/1041 1617/568/1040
f 1538/489/1033 1539/490/1034 1619/570/1042
f 1538/489/1033 1619/570/1042 1618/569/1041
f 1541/492/1034 1540/491/1035 1620/571/1043
f 1541/492/1034 1620/571/1043 1621/572/1042
f 1540/491/1035 1542/493/1036 1622/573/1044
f 1540/491/1035 1622/573/1044 1620/571/1043
f 1542/493/1036 1535/486/1030 1615/566/1037
f 1542/493/1036 1615/566/1037 1622/573/1044
f 1553/504/1047 1596/547/1085 1597/548/1086
f 1553/504/1047 1597/548/1086 1554/505/1048
f 1554/505/1048 1597/548/1086 1598/549/1087
f 1554/505/1048 1598/549/1087 1568/519/1060
f 1568/519/1060 1598/549/1087 1599/550/1088
f 1568/519/1060 1599/550/1088 1565/516/1058
f 1565/516/1058 1599/550/1088 1600/551/1089
f 1565/516/1058 1600/551/1089 1566/517/1056
f 1562/513/1056 1601/552/1089 1602/553/1090
f 1562/513/1056 1602/553/1090 1560/511/1054
f 1560/511/1054 1602/553/1090 1603/554/1091
f 1560/511/1054 1603/554/1091 1558/509/1052
f 1558/509/1052 1603/554/1091 1604/555/1092
f 1558/509/1052 1604/555/1092 1556/507/1050
f 1556/507/1050 1604/555/1092 1596/547/1085
f 1556/507/1050 1596/547/1085 1553/504/1047
f 1588/539/1078 1623/574/1101 1624/575/1102
f 1588/539/1078 1624/575/1102 1595/546/1084
f 1595/546/1084 1624/575/1102 1625/576/1103
f 1595/546/1084 1625/576/1103 1594/545/1083
f 1594/545/1083 1625/576/1103 1626/577/1104
f 1594/545/1083 1626/577/1104 1593/544/1082
f 1593/544/1082 1626/577/1104 1627/578/1105
f 1593/544/1082 1627/578/1105 1591/542/1081
f 1591/542/1081 1627/578/1105 1628/579/1106
f 1591/542/1081 1628/579/1106 1592/543/1080
f 1590/541/1080 1629/580/1106 1630/581/1107
f 1590/541/1080 1630/581/1107 1589/540/1079
f 1589/540/1079 1630/581/1107 1631/582/1108
f 1589/540/1079 1631/582/1108 1587/538/1077
f 1587/538/1077 1631/582/1108 1623/574/1101
f 1587/538/1077 1623/574/1101 1588/539/1078
f 1623/574/1101 1632/583/1061 1633/584/1075
f 1623/574/1101 1633/584/1075 1624/575/1102
f 1624/575/1102 1633/584/1075 1634/585/1073
f 1624/575/1102 1634/585/1073 1625/576/1103
f 1625/576/1103 1634/585/1073 1635/586/1071
f 1625/576/1103 1635/586/1071 1626/577/1104
f 1626/577/1104 1635/586/1071 1636/587/1069
f 1626/577/1104 1636/587/1069 1627/578/1105
f 1627/578/1105 1636/587/1069 1637/588/1067
f 1627/578/1105 1637/588/1067 1628/579/1106
f 1629/580/1106 1638/589/1067 1639/590/1065
f 1629/580/1106 1639/590/1065 1630/581/1107
f 1630/581/1107 1639/590/1065 1640/591/1062
f 1630/581/1107 1640/591/1062 1631/582/1108
f 1631/582/1108 1640/591/1062 1632/583/1061
f 1631/582/1108 1632/583/1061 1623/574/1101
f 329/12/261 328/11/260 1641/295/1109
f 329/12/261 1641/295/1109 1642/296/1110
f 1641/295/1109 328/11/260 330/13/262
f 1641/295/1109 330/13/262 1643/297/1111
f 330/13/262 331/14/263 1644/298/1112
f 330/13/262 1644/298/1112 1643/297/1111
f 331/14/263 332/15/264 1645/299/1113
f 331/14/263 1645/299/1113 1644/298/1112
f 1645/299/1113 332/15/264 333/16/265
f 1645/299/1113 333/16/265 1646/300/1114
f 1646/300/1114 333/16/265 334/17/266
f 1646/300/1114 334/17/266 1647/301/1115
f 334/17/266 335/18/267 1648/302/1116
f 334/17/266 1648/302/1116 1647/301/1115
f 1648/302/1116 335/18/267 329/12/261
f 1648/302/1116 329/12/261 1642/296/1110
f 1642/296/1110 1641/295/1109 341/24/273
f 1642/296/1110 341/24/273 336/19/268
f 341/24/273 1641/295/1109 1643/297/1111
f 341/24/273 1643/297/1111 342/25/274
f 1643/297/1111 1644/298/1112 347/30/279
f 1643/297/1111 347/30/279 342/25/274
f 1644/298/1112 1645/299/1113 350/33/282
f 1644/298/1112 350/33/282 347/30/279
f 350/33/282 1645/299/1113 1646/300/1114
f 350/33/282 1646/300/1114 353/36/285
f 353/36/285 1646/300/1114 1647/301/1115
f 353/36/285 1647/301/1115 354/37/286
f 1647/301/1115 1648/302/1116 359/42/291
f 1647/301/1115 359/42/291 354/37/286
f 359/42/291 1648/302/1116 1642/296/1110
f 359/42/291 1642/296/1110 336/19/268
f 1649/303/270 1650/304/1117 1651/305/1118
f 1649/303/270 1651/305/1118 1652/306/289
f 1650/304/1117 1649/303/270 1653/307/269
f 1650/304/1117 1653/307/269 1654/308/1119
f 1654/308/1119 1653/307/269 1655/309/272
f 1654/308/1119 1655/309/272 1656/310/1120
f 1656/310/1120 1655/309/272 1657/311/271
f 1656/310/1120 1657/311/271 1658/312/1121
f 1658/312/1121 1657/311/271 1659/313/276
f 1658/312/1121 1659/313/276 1660/314/1122
f 1660/314/1122 1659/313/276 1661/315/275
f 1660/314/1122 1661/315/275 1662/316/1123
f 1662/316/1123 1661/315/275 1663/317/278
f 1662/316/1123 1663/317/278 1664/318/1124
f 1664/318/1124 1663/317/278 1665/319/277
f 1664/318/1124 1665/319/277 1666/320/1125
f 1666/320/1125 1665/319/277 1667/321/281
f 1666/320/1125 1667/321/281 1668/322/1126
f 1668/322/1126 1667/321/281 1669/323/280
f 1668/322/1126 1669/323/280 1670/324/1127
f 1670/324/1127 1669/323/280 1671/325/284
f 1670/324/1127 1671/325/284 1672/326/1128
f 1672/326/1128 1671/325/284 1673/327/283
f 1672/326/1128 1673/327/283 1674/328/1129
f 1674/328/1129 1673/327/283 1675/329/288
f 1674/328/1129 1675/329/288 1676/330/1130
f 1676/330/1130 1675/329/288 1677/331/287
f 1676/330/1130 1677/331/287 1678/332/1131
f 1678/332/1131 1677/331/287 1679/333/290
f 1678/332/1131 1679/333/290 1680/334/1132
f 1680/334/1132 1679/333/290 1652/306/289
f 1680/334/1132 1652/306/289 1651/305/1118
f 1654/308/1119 1656/310/1120 1681/335/1133
f 1654/308/1119 1681/335/1133 1650/304/1117
f 1674/328/1129 1676/330/1130 1681/335/1133
f 1674/328/1129 1681/335/1133 1672/326/1128
f 1662/316/1123 1664/318/1124 1681/335/1133
f 1662/316/1123 1681/335/1133 1660/314/1122
f 1681/335/1133 1668/322/1126 1670/324/1127
f 1681/335/1133 1670/324/1127 1672/326/1128
f 1681/335/1133 1680/334/1132 1651/305/1118
f 1681/335/1133 1651/305/1118 1650/304/1117
f 1681/335/1133 1656/310/1120 1658/312/1121
f 1681/335/1133 1658/312/1121 1660/314/1122
f 1681/335/1133 1664/318/1124 1666/320/1125
f 1681/335/1133 1666/320/1125 1668/322/1126
f 1678/332/1131 1680/334/1132 1681/335/1133
f 1678/332/1131 1681/335/1133 1676/330/1130
f 1682/336/293 1683/337/292 1684/338/306
f 1682/336/293 1684/338/306 1685/339/305
f 1683/337/292 1686/340/295 1687/341/308
f 1683/337/292 1687/341/308 1684/338/306
f 1686/340/295 1688/342/296 1689/343/309
f 1686/340/295 1689/343/309 1687/341/308
f 1688/342/296 1690/344/297 1691/345/310
f 1688/342/296 1691/345/310 1689/343/309
f 1690/344/297 1692/346/298 1693/347/311
f 1690/344/297 1693/347/311 1691/345/310
f 1692/346/298 1694/348/299 1695/349/312
f 1692/346/298 1695/349/312 1693/347/311
f 1694/348/299 1696/350/300 1697/351/313
f 1694/348/299 1697/351/313 1695/349/312
f 1696/350/300 1698/352/301 1699/353/314
f 1696/350/300 1699/353/314 1697/351/313
f 1698/352/301 1700/354/302 1701/355/315
f 1698/352/301 1701/355/315 1699/353/314
f 1700/354/302 1702/356/303 1703/357/316
f 1700/354/302 1703/357/316 1701/355/315
f 1702/356/303 1704/358/304 1705/359/317
f 1702/356/303 1705/359/317 1703/357/316
f 1704/358/304 1706/360/293 1707/361/305
f 1704/358/304 1707/361/305 1705/359/317
f 1708/336/319 1709/337/318 1710/338/332
f 1708/336/319 1710/338/332 1711/339/331
f 1709/337/318 1712/340/321 1713/341/334
f 1709/337/318 1713/341/334 1710/338/332
f 1712/340/321 1714/342/322 1715/343/335
f 1712/340/321 1715/343/335 1713/341/334
f 1714/342/322 1716/344/323 1717/345/336
f 1714/342/322 1717/345/336 1715/343/335
f 1716/344/323 1718/346/324 1719/347/337
f 1716/344/323 1719/347/337 1717/345/336
f 1718/346/324 1720/348/325 1721/349/338
f 1718/346/324 1721/349/338 1719/347/337
f 1720/348/325 1722/350/326 1723/351/339
f 1720/348/325 1723/351/339 1721/349/338
f 1722/350/326 1724/352/327 1725/353/340
f 1722/350/326 1725/353/340 1723/351/339
f 1724/352/327 1726/354/328 1727/355/341
f 1724/352/327 1727/355/341 1725/353/340
f 1726/354/328 1728/356/329 1729/357/342
f 1726/354/328 1729/357/342 1727/355/341
f 1728/356/329 1730/358/330 1731/359/343
f 1728/356/329 1731/359/343 1729/357/342
f 1730/358/330 1732/360/319 1733/361/331
f 1730/358/330 1733/361/331 1731/359/343
f 1734/362/1134 1735/363/1135 1736/364/1136
f 1734/362/1134 1736/364/1136 1737/365/1137
f 1738/366/1138 1739/367/1139 1740/368/1140
f 1738/366/1138 1740/368/1140 1741/369/1141
f 1742/370/1142 1743/371/1143 1738/366/1138
f 1742/370/1142 1738/366/1138 1741/369/1141
f 1744/372/1144 1745/373/1145 1746/374/1146
f 1744/372/1144 1746/374/1146 1747/375/1147
f 1748/376/1148 1749/377/1149 1750/378/1150
f 1748/376/1148 1750/378/1150 1751/379/1151
f 1743/371/1143 1752/380/1152 1753/381/1153
f 1743/371/1143 1753/381/1153 1738/366/1138
f 414/67/346 426/79/352 1754/382/1154
f 414/67/346 1754/382/1154 1755/383/1155
f 1752/380/1152 423/76/351 415/68/347
f 1752/380/1152 415/68/347 1753/381/1153
f 1755/383/1155 1754/382/1154 1735/363/1135
f 1755/383/1155 1735/363/1135 1734/362/1134
f 1737/365/1137 1736/364/1136 1756/384/1156
f 1737/365/1137 1756/384/1156 1757/385/1157
f 1741/369/1141 1740/368/1140 1758/386/1158
f 1741/369/1141 1758/386/1158 1759/387/1159
f 1760/388/1160 1742/370/1142 1741/369/1141
f 1760/388/1160 1741/369/1141 1759/387/1159
f 1761/389/1161 1744/372/1144 1747/375/1147
f 1761/389/1161 1747/375/1147 1762/390/1162
f 1763/391/1157 1764/392/1156 1765/393/1163
f 1763/391/1157 1765/393/1163 1766/394/1164
f 1767/395/1159 1768/396/1158 1769/397/1148
f 1767/395/1159 1769/397/1148 1770/398/1151
f 1771/399/1150 1772/400/1160 1767/395/1159
f 1771/399/1150 1767/395/1159 1770/398/1151
f 1773/401/1165 1774/402/1161 1775/403/1162
f 1773/401/1165 1775/403/1162 1776/404/1166
f 1777/405/1167 412/65/344 414/67/346
f 1777/405/1167 414/67/346 1755/383/1155
f 1753/381/1153 1777/405/1167 1739/367/1139
f 1753/381/1153 1739/367/1139 1738/366/1138
f 1778/406/1168 420/73/350 422/75/348
f 1778/406/1168 422/75/348 1779/407/1169
f 1745/373/1145 1780/408/1169 1781/409/1170
f 1745/373/1145 1781/409/1170 1746/374/1146
f 1739/367/1139 1777/405/1167 1755/383/1155
f 1739/367/1139 1755/383/1155 1734/362/1134
f 1740/368/1140 1739/367/1139 1734/362/1134
f 1740/368/1140 1734/362/1134 1737/365/1137
f 1758/386/1158 1740/368/1140 1737/365/1137
f 1758/386/1158 1737/365/1137 1757/385/1157
f 1769/397/1148 1768/396/1158 1763/391/1157
f 1769/397/1148 1763/391/1157 1766/394/1164
f 1782/410/1163 1749/377/1149 1748/376/1148
f 1782/410/1163 1748/376/1148 1783/411/1164
f 1784/412/1171 1785/413/1161 1786/414/1165
f 1784/412/1171 1786/414/1165 1787/415/1172
f 1788/416/1173 1789/417/1144 1790/418/1161
f 1788/416/1173 1790/418/1161 1791/419/1171
f 1792/420/1174 1793/421/1145 1789/417/1144
f 1792/420/1174 1789/417/1144 1788/416/1173
f 1778/406/1168 1779/407/1169 1793/421/1145
f 1778/406/1168 1793/421/1145 1792/420/1174
f 415/68/347 412/65/344 1777/405/1167
f 415/68/347 1777/405/1167 1753/381/1153
f 1780/408/1169 417/70/348 419/72/349
f 1780/408/1169 419/72/349 1781/409/1170
f 1794/422/1172 1795/423/1165 1749/377/1149
f 1794/422/1172 1749/377/1149 1782/410/1163
f 1750/378/1150 1749/377/1149 1795/423/1165
f 1750/378/1150 1795/423/1165 1796/424/1166
f 1775/403/1162 1772/400/1160 1771/399/1150
f 1775/403/1162 1771/399/1150 1776/404/1166
f 1747/375/1147 1742/370/1142 1760/388/1160
f 1747/375/1147 1760/388/1160 1762/390/1162
f 1746/374/1146 1743/371/1143 1742/370/1142
f 1746/374/1146 1742/370/1142 1747/375/1147
f 1781/409/1170 1752/380/1152 1743/371/1143
f 1781/409/1170 1743/371/1143 1746/374/1146
f 419/72/349 423/76/351 1752/380/1152
f 419/72/349 1752/380/1152 1781/409/1170
f 1754/382/1154 426/79/352 420/73/350
f 1754/382/1154 420/73/350 1778/406/1168
f 1735/363/1135 1754/382/1154 1778/406/1168
f 1735/363/1135 1778/406/1168 1792/420/1174
f 1736/364/1136 1735/363/1135 1792/420/1174
f 1736/364/1136 1792/420/1174 1788/416/1173
f 1756/384/1156 1736/364/1136 1788/416/1173
f 1756/384/1156 1788/416/1173 1791/419/1171
f 1765/393/1163 1764/392/1156 1784/412/1171
f 1765/393/1163 1784/412/1171 1787/415/1172
f 1797/362/1175 1798/363/1176 1799/364/1177
f 1797/362/1175 1799/364/1177 1800/365/1178
f 1801/366/1179 1802/367/1180 1803/368/1181
f 1801/366/1179 1803/368/1181 1804/369/1182
f 1805/370/1183 1806/371/1184 1801/366/1179
f 1805/370/1183 1801/366/1179 1804/369/1182
f 1807/372/1185 1808/373/1186 1809/374/1187
f 1807/372/1185 1809/374/1187 1810/375/1188
f 1811/376/1189 1812/377/1190 1813/378/1191
f 1811/376/1189 1813/378/1191 1814/379/1192
f 1806/371/1184 1815/380/1193 1816/381/1194
f 1806/371/1184 1816/381/1194 1801/366/1179
f 431/67/355 443/79/361 1817/382/1195
f 431/67/355 1817/382/1195 1818/383/1196
f 1815/380/1193 440/76/360 432/68/356
f 1815/380/1193 432/68/356 1816/381/1194
f 1818/383/1196 1817/382/1195 1798/363/1176
f 1818/383/1196 1798/363/1176 1797/362/1175
f 1800/365/1178 1799/364/1177 1819/384/1197
f 1800/365/1178 1819/384/1197 1820/385/1198
f 1804/369/1182 1803/368/1181 1821/386/1199
f 1804/369/1182 1821/386/1199 1822/387/1200
f 1823/388/1201 1805/370/1183 1804/369/1182
f 1823/388/1201 1804/369/1182 1822/387/1200
f 1824/389/1202 1807/372/1185 1810/375/1188
f 1824/389/1202 1810/375/1188 1825/390/1203
f 1826/391/1198 1827/392/1197 1828/393/1204
f 1826/391/1198 1828/393/1204 1829/394/1205
f 1830/395/1200 1831/396/1199 1832/397/1189
f 1830/395/1200 1832/397/1189 1833/398/1192
f 1834/399/1191 1835/400/1201 1830/395/1200
f 1834/399/1191 1830/395/1200 1833/398/1192
f 1836/401/1206 1837/402/1202 1838/403/1203
f 1836/401/1206 1838/403/1203 1839/404/1207
f 1840/405/1208 429/65/353 431/67/355
f 1840/405/1208 431/67/355 1818/383/1196
f 1816/381/1194 1840/405/1208 1802/367/1180
f 1816/381/1194 1802/367/1180 1801/366/1179
f 1841/406/1209 437/73/359 439/75/357
f 1841/406/1209 439/75/357 1842/407/1210
f 1808/373/1186 1843/408/1210 1844/409/1211
f 1808/373/1186 1844/409/1211 1809/374/1187
f 1802/367/1180 1840/405/1208 1818/383/1196
f 1802/367/1180 1818/383/1196 1797/362/1175
f 1803/368/1181 1802/367/1180 1797/362/1175
f 1803/368/1181 1797/362/1175 1800/365/1178
f 1821/386/1199 1803/368/1181 1800/365/1178
f 1821/386/1199 1800/365/1178 1820/385/1198
f 1832/397/1189 1831/396/1199 1826/391/1198
f 1832/397/1189 1826/391/1198 1829/394/1205
f 1845/410/1204 1812/377/1190 1811/376/1189
f 1845/410/1204 1811/376/1189 1846/411/1205
f 1847/412/1212 1848/413/1202 1849/414/1206
f 1847/412/1212 1849/414/1206 1850/415/1213
f 1851/416/1214 1852/417/1185 1853/418/1202
f 1851/416/1214 1853/418/1202 1854/419/1212
f 1855/420/1215 1856/421/1186 1852/417/1185
f 1855/420/1215 1852/417/1185 1851/416/1214
f 1841/406/1209 1842/407/1210 1856/421/1186
f 1841/406/1209 1856/421/1186 1855/420/1215
f 432/68/356 429/65/353 1840/405/1208
f 432/68/356 1840/405/1208 1816/381/1194
f 1843/408/1210 434/70/357 436/72/358
f 1843/408/1210 436/72/358 1844/409/1211
f 1857/422/1213 1858/423/1206 1812/377/1190
f 1857/422/1213 1812/377/1190 1845/410/1204
f 1813/378/1191 1812/377/1190 1858/423/1206
f 1813/378/1191 1858/423/1206 1859/424/1207
f 1838/403/1203 1835/400/1201 1834/399/1191
f 1838/403/1203 1834/399/1191 1839/404/1207
f 1810/375/1188 1805/370/1183 1823/388/1201
f 1810/375/1188 1823/388/1201 1825/390/1203
f 1809/374/1187 1806/371/1184 1805/370/1183
f 1809/374/1187 1805/370/1183 1810/375/1188
f 1844/409/1211 1815/380/1193 1806/371/1184
f 1844/409/1211 1806/371/1184 1809/374/1187
f 436/72/358 440/76/360 1815/380/1193
f 436/72/358 1815/380/1193 1844/409/1211
f 1817/382/1195 443/79/361 437/73/359
f 1817/382/1195 437/73/359 1841/406/1209
f 1798/363/1176 1817/382/1195 1841/406/1209
f 1798/363/1176 1841/406/1209 1855/420/1215
f 1799/364/1177 1798/363/1176 1855/420/1215
f 1799/364/1177 1855/420/1215 1851/416/1214
f 1819/384/1197 1799/364/1177 1851/416/1214
f 1819/384/1197 1851/416/1214 1854/419/1212
f 1828/393/1204 1827/392/1197 1847/412/1212
f 1828/393/1204 1847/412/1212 1850/415/1213
f 1860/362/1216 1861/363/1217 1862/364/1218
f 1860/362/1216 1862/364/1218 1863/365/1219
f 1864/366/1220 1865/367/1221 1866/368/1222
f 1864/366/1220 1866/368/1222 1867/369/1223
f 1868/370/1224 1869/371/1225 1864/366/1220
f 1868/370/1224 1864/366/1220 1867/369/1223
f 1870/372/1226 1871/373/1227 1872/374/1228
f 1870/372/1226 1872/374/1228 1873/375/1229
f 1874/376/1230 1875/377/1231 1876/378/1232
f 1874/376/1230 1876/378/1232 1877/379/1233
f 1869/371/1225 1878/380/1234 1879/381/1235
f 1869/371/1225 1879/381/1235 1864/366/1220
f 448/67/364 460/79/370 1880/382/1236
f 448/67/364 1880/382/1236 1881/383/1237
f 1878/380/1234 457/76/369 449/68/365
f 1878/380/1234 449/68/365 1879/381/1235
f 1881/383/1237 1880/382/1236 1861/363/1217
f 1881/383/1237 1861/363/1217 1860/362/1216
f 1863/365/1219 1862/364/1218 1882/384/1238
f 1863/365/1219 1882/384/1238 1883/385/1239
f 1867/369/1223 1866/368/1222 1884/386/1240
f 1867/369/1223 1884/386/1240 1885/387/1241
f 1886/388/1242 1868/370/1224 1867/369/1223
f 1886/388/1242 1867/369/1223 1885/387/1241
f 1887/389/1243 1870/372/1226 1873/375/1229
f 1887/389/1243 1873/375/1229 1888/390/1244
f 1889/391/1239 1890/392/1238 1891/393/1245
f 1889/391/1239 1891/393/1245 1892/394/1246
f 1893/395/1241 1894/396/1240 1895/397/1230
f 1893/395/1241 1895/397/1230 1896/398/1233
f 1897/399/1232 1898/400/1242 1893/395/1241
f 1897/399/1232 1893/395/1241 1896/398/1233
f 1899/401/1247 1900/402/1243 1901/403/1244
f 1899/401/1247 1901/403/1244 1902/404/1248
f 1903/405/1249 446/65/362 448/67/364
f 1903/405/1249 448/67/364 1881/383/1237
f 1879/381/1235 1903/405/1249 1865/367/1221
f 1879/381/1235 1865/367/1221 1864/366/1220
f 1904/406/1250 454/73/368 456/75/366
f 1904/406/1250 456/75/366 1905/407/1251
f 1871/373/1227 1906/408/1251 1907/409/1252
f 1871/373/1227 1907/409/1252 1872/374/1228
f 1865/367/1221 1903/405/1249 1881/383/1237
f 1865/367/1221 1881/383/1237 1860/362/1216
f 1866/368/1222 1865/367/1221 1860/362/1216
f 1866/368/1222 1860/362/1216 1863/365/1219
f 1884/386/1240 1866/368/1222 1863/365/1219
f 1884/386/1240 1863/365/1219 1883/385/1239
f 1895/397/1230 1894/396/1240 1889/391/1239
f 1895/397/1230 1889/391/1239 1892/394/1246
f 1908/410/1245 1875/377/1231 1874/376/1230
f 1908/410/1245 1874/376/1230 1909/411/1246
f 1910/412/1253 1911/413/1243 1912/414/1247
f 1910/412/1253 1912/414/1247 1913/415/1254
f 1914/416/1255 1915/417/1226 1916/418/1243
f 1914/416/1255 1916/418/1243 1917/419/1253
f 1918/420/1256 1919/421/1227 1915/417/1226
f 1918/420/1256 1915/417/1226 1914/416/1255
f 1904/406/1250 1905/407/1251 1919/421/1227
f 1904/406/1250 1919/421/1227 1918/420/1256
f 449/68/365 446/65/362 1903/405/1249
f 449/68/365 1903/405/1249 1879/381/1235
f 1906/408/1251 451/70/366 453/72/367
f 1906/408/1251 453/72/367 1907/409/1252
f 1920/422/1254 1921/423/1247 1875/377/1231
f 1920/422/1254 1875/377/1231 1908/410/1245
f 1876/378/1232 1875/377/1231 1921/423/1247
f 1876/378/1232 1921/423/1247 1922/424/1248
f 1901/403/1244 1898/400/1242 1897/399/1232
f 1901/403/1244 1897/399/1232 1902/404/1248
f 1873/375/1229 1868/370/1224 1886/388/1242
f 1873/375/1229 1886/388/1242 1888/390/1244
f 1872/374/1228 1869/371/1225 1868/370/1224
f 1872/374/1228 1868/370/1224 1873/375/1229
f 1907/409/1252 1878/380/1234 1869/371/1225
f 1907/409/1252 1869/371/1225 1872/374/1228
f 453/72/367 457/76/369 1878/380/1234
f 453/72/367 1878/380/1234 1907/409/1252
f 1880/382/1236 460/79/370 454/73/368
f 1880/382/1236 454/73/368 1904/406/1250
f 1861/363/1217 1880/382/1236 1904/406/1250
f 1861/363/1217 1904/406/1250 1918/420/1256
f 1862/364/1218 1861/363/1217 1918/420/1256
f 1862/364/1218 1918/420/1256 1914/416/1255
f 1882/384/1238 1862/364/1218 1914/416/1255
f 1882/384/1238 1914/416/1255 1917/419/1253
f 1891/393/1245 1890/392/1238 1910/412/1253
f 1891/393/1245 1910/412/1253 1913/415/1254
f 1923/362/1257 1924/363/1258 1925/364/1259
f 1923/362/1257 1925/364/1259 1926/365/1260
f 1927/366/1261 1928/367/1262 1929/368/1263
f 1927/366/1261 1929/368/1263 1930/369/1264
f 1931/370/1265 1932/371/1266 1927/366/1261
f 1931/370/1265 1927/366/1261 1930/369/1264
f 1933/372/1267 1934/373/1268 1935/374/1269
f 1933/372/1267 1935/374/1269 1936/375/1270
f 1937/376/1271 1938/377/1272 1939/378/1273
f 1937/376/1271 1939/378/1273 1940/379/1274
f 1932/371/1266 1941/380/1275 1942/381/1276
f 1932/371/1266 1942/381/1276 1927/366/1261
f 465/67/373 477/79/379 1943/382/1277
f 465/67/373 1943/382/1277 1944/383/1278
f 1941/380/1275 474/76/378 466/68/374
f 1941/380/1275 466/68/374 1942/381/1276
f 1944/383/1278 1943/382/1277 1924/363/1258
f 1944/383/1278 1924/363/1258 1923/362/1257
f 1926/365/1260 1925/364/1259 1945/384/1279
f 1926/365/1260 1945/384/1279 1946/385/1280
f 1930/369/1264 1929/368/1263 1947/386/1281
f 1930/369/1264 1947/386/1281 1948/387/1282
f 1949/388/1283 1931/370/1265 1930/369/1264
f 1949/388/1283 1930/369/1264 1948/387/1282
f 1950/389/1284 1933/372/1267 1936/375/1270
f 1950/389/1284 1936/375/1270 1951/390/1285
f 1952/391/1280 1953/392/1279 1954/393/1286
f 1952/391/1280 1954/393/1286 1955/394/1287
f 1956/395/1282 1957/396/1281 1958/397/1271
f 1956/395/1282 1958/397/1271 1959/398/1274
f 1960/399/1273 1961/400/1283 1956/395/1282
f 1960/399/1273 1956/395/1282 1959/398/1274
f 1962/401/1288 1963/402/1284 1964/403/1285
f 1962/401/1288 1964/403/1285 1965/404/1289
f 1966/405/1290 463/65/371 465/67/373
f 1966/405/1290 465/67/373 1944/383/1278
f 1942/381/1276 1966/405/1290 1928/367/1262
f 1942/381/1276 1928/367/1262 1927/366/1261
f 1967/406/1291 471/73/377 473/75/375
f 1967/406/1291 473/75/375 1968/407/1292
f 1934/373/1268 1969/408/1292 1970/409/1293
f 1934/373/1268 1970/409/1293 1935/374/1269
f 1928/367/1262 1966/405/1290 1944/383/1278
f 1928/367/1262 1944/383/1278 1923/362/1257
f 1929/368/1263 1928/367/1262 1923/362/1257
f 1929/368/1263 1923/362/1257 1926/365/1260
f 1947/386/1281 1929/368/1263 1926/365/1260
f 1947/386/1281 1926/365/1260 1946/385/1280
f 1958/397/1271 1957/396/1281 1952/391/1280
f 1958/397/1271 1952/391/1280 1955/394/1287
f 1971/410/1286 1938/377/1272 1937/376/1271
f 1971/410/1286 1937/376/1271 1972/411/1287
f 1973/412/1294 1974/413/1284 1975/414/1288
f 1973/412/1294 1975/414/1288 1976/415/1295
f 1977/416/1296 1978/417/1267 1979/418/1284
f 1977/416/1296 1979/418/1284 1980/419/1294
f 1981/420/1297 1982/421/1268 1978/417/1267
f 1981/420/1297 1978/417/1267 1977/416/1296
f 1967/406/1291 1968/407/1292 1982/421/1268
f 1967/406/1291 1982/421/1268 1981/420/1297
f 466/68/374 463/65/371 1966/405/1290
f 466/68/374 1966/405/1290 1942/381/1276
f 1969/408/1292 468/70/375 470/72/376
f 1969/408/1292 470/72/376 1970/409/1293
f 1983/422/1295 1984/423/1288 1938/377/1272
f 1983/422/1295 1938/377/1272 1971/410/1286
f 1939/378/1273 1938/377/1272 1984/423/1288
f 1939/378/1273 1984/423/1288 1985/424/1289
f 1964/403/1285 1961/400/1283 1960/399/1273
f 1964/403/1285 1960/399/1273 1965/404/1289
f 1936/375/1270 1931/370/1265 1949/388/1283
f 1936/375/1270 1949/388/1283 1951/390/1285
f 1935/374/1269 1932/371/1266 1931/370/1265
f 1935/374/1269 1931/370/1265 1936/375/1270
f 1970/409/1293 1941/380/1275 1932/371/1266
f 1970/409/1293 1932/371/1266 1935/374/1269
f 470/72/376 474/76/378 1941/380/1275
f 470/72/376 1941/380/1275 1970/409/1293
f 1943/382/1277 477/79/379 471/73/377
f 1943/382/1277 471/73/377 1967/406/1291
f 1924/363/1258 1943/382/1277 1967/406/1291
f 1924/363/1258 1967/406/1291 1981/420/1297
f 1925/364/1259 1924/363/1258 1981/420/1297
f 1925/364/1259 1981/420/1297 1977/416/1296
f 1945/384/1279 1925/364/1259 1977/416/1296
f 1945/384/1279 1977/416/1296 1980/419/1294
f 1954/393/1286 1953/392/1279 1973/412/1294
f 1954/393/1286 1973/412/1294 1976/415/1295
f 1986/362/1298 1987/363/1299 1988/364/1300
f 1986/362/1298 1988/364/1300 1989/365/1301
f 1990/366/1302 1991/367/1303 1992/368/1304
f 1990/366/1302 1992/368/1304 1993/369/1305
f 1994/370/1306 1995/371/1307 1990/366/1302
f 1994/370/1306 1990/366/1302 1993/369/1305
f 1996/372/1308 1997/373/1309 1998/374/1310
f 1996/372/1308 1998/374/1310 1999/375/1311
f 2000/376/1312 2001/377/1313 2002/378/1314
f 2000/376/1312 2002/378/1314 2003/379/1315
f 1995/371/1307 2004/380/1316 2005/381/1317
f 1995/371/1307 2005/381/1317 1990/366/1302
f 482/67/382 494/79/388 2006/382/1318
f 482/67/382 2006/382/1318 2007/383/1319
f 2004/380/1316 491/76/387 483/68/383
f 2004/380/1316 483/68/383 2005/381/1317
f 2007/383/1319 2006/382/1318 1987/363/1299
f 2007/383/1319 1987/363/1299 1986/362/1298
f 1989/365/1301 1988/364/1300 2008/384/1320
f 1989/365/1301 2008/384/1320 2009/385/1321
f 1993/369/1305 1992/368/1304 2010/386/1322
f 1993/369/1305 2010/386/1322 2011/387/1323
f 2012/388/1324 1994/370/1306 1993/369/1305
f 2012/388/1324 1993/369/1305 2011/387/1323
f 2013/389/1325 1996/372/1308 1999/375/1311
f 2013/389/1325 1999/375/1311 2014/390/1326
f 2015/391/1321 2016/392/1320 2017/393/1327
f 2015/391/1321 2017/393/1327 2018/394/1328
f 2019/395/1323 2020/396/1322 2021/397/1312
f 2019/395/1323 2021/397/1312 2022/398/1315
f 2023/399/1314 2024/400/1324 2019/395/1323
f 2023/399/1314 2019/395/1323 2022/398/1315
f 2025/401/1329 2026/402/1325 2027/403/1326
f 2025/401/1329 2027/403/1326 2028/404/1330
f 2029/405/1331 480/65/380 482/67/382
f 2029/405/1331 482/67/382 2007/383/1319
f 2005/381/1317 2029/405/1331 1991/367/1303
f 2005/381/1317 1991/367/1303 1990/366/1302
f 2030/406/1332 488/73/386 490/75/384
f 2030/406/1332 490/75/384 2031/407/1333
f 1997/373/1309 2032/408/1333 2033/409/1334
f 1997/373/1309 2033/409/1334 1998/374/1310
f 1991/367/1303 2029/405/1331 2007/383/1319
f 1991/367/1303 2007/383/1319 1986/362/1298
f 1992/368/1304 1991/367/1303 1986/362/1298
f 1992/368/1304 1986/362/1298 1989/365/1301
f 2010/386/1322 1992/368/1304 1989/365/1301
f 2010/386/1322 1989/365/1301 2009/385/1321
f 2021/397/1312 2020/396/1322 2015/391/1321
f 2021/397/1312 2015/391/1321 2018/394/1328
f 2034/410/1327 2001/377/1313 2000/376/1312
f 2034/410/1327 2000/376/1312 2035/411/1328
f 2036/412/1335 2037/413/1325 2038/414/1329
f 2036/412/1335 2038/414/1329 2039/415/1336
f 2040/416/1337 2041/417/1308 2042/418/1325
f 2040/416/1337 2042/418/1325 2043/419/1335
f 2044/420/1338 2045/421/1309 2041/417/1308
f 2044/420/1338 2041/417/1308 2040/416/1337
f 2030/406/1332 2031/407/1333 2045/421/1309
f 2030/406/1332 2045/421/1309 2044/420/1338
f 483/68/383 480/65/380 2029/405/1331
f 483/68/383 2029/405/1331 2005/381/1317
f 2032/408/1333 485/70/384 487/72/385
f 2032/408/1333 487/72/385 2033/409/1334
f 2046/422/1336 2047/423/1329 2001/377/1313
f 2046/422/1336 2001/377/1313 2034/410/1327
f 2002/378/1314 2001/377/1313 2047/423/1329
f 2002/378/1314 2047/423/1329 2048/424/1330
f 2027/403/1326 2024/400/1324 2023/399/1314
f 2027/403/1326 2023/399/1314 2028/404/1330
f 1999/375/1311 1994/370/1306 2012/388/1324
f 1999/375/1311 2012/388/1324 2014/390/1326
f 1998/374/1310 1995/371/1307 1994/370/1306
f 1998/374/1310 1994/370/1306 1999/375/1311
f 2033/409/1334 2004/380/1316 1995/371/1307
f 2033/409/1334 1995/371/1307 1998/374/1310
f 487/72/385 491/76/387 2004/380/1316
f 487/72/385 2004/380/1316 2033/409/1334
f 2006/382/1318 494/79/388 488/73/386
f 2006/382/1318 488/73/386 2030/406/1332
f 1987/363/1299 2006/382/1318 2030/406/1332
f 1987/363/1299 2030/406/1332 2044/420/1338
f 1988/364/1300 1987/363/1299 2044/420/1338
f 1988/364/1300 2044/420/1338 2040/416/1337
f 2008/384/1320 1988/364/1300 2040/416/1337
f 2008/384/1320 2040/416/1337 2043/419/1335
f 2017/393/1327 2016/392/1320 2036/412/1335
f 2017/393/1327 2036/412/1335 2039/415/1336
f 2049/362/1339 2050/363/1340 2051/364/1341
f 2049/362/1339 2051/364/1341 2052/365/1342
f 2053/366/1343 2054/367/1344 2055/368/1345
f 2053/366/1343 2055/368/1345 2056/369/1346
f 2057/370/1347 2058/371/1348 2053/366/1343
f 2057/370/1347 2053/366/1343 2056/369/1346
f 2059/372/1349 2060/373/1350 2061/374/1351
f 2059/372/1349 2061/374/1351 2062/375/1352
f 2063/376/1353 2064/377/1354 2065/378/1355
f 2063/376/1353 2065/378/1355 2066/379/1356
f 2058/371/1348 2067/380/1357 2068/381/1358
f 2058/371/1348 2068/381/1358 2053/366/1343
f 512/67/404 524/79/410 2069/382/1359
f 512/67/404 2069/382/1359 2070/383/1360
f 2067/380/1357 521/76/409 513/68/405
f 2067/380/1357 513/68/405 2068/381/1358
f 2070/383/1360 2069/382/1359 2050/363/1340
f 2070/383/1360 2050/363/1340 2049/362/1339
f 2052/365/1342 2051/364/1341 2071/384/1361
f 2052/365/1342 2071/384/1361 2072/385/1362
f 2056/369/1346 2055/368/1345 2073/386/1363
f 2056/369/1346 2073/386/1363 2074/387/1364
f 2075/388/1365 2057/370/1347 2056/369/1346
f 2075/388/1365 2056/369/1346 2074/387/1364
f 2076/389/1366 2059/372/1349 2062/375/1352
f 2076/389/1366 2062/375/1352 2077/390/1367
f 2078/391/1362 2079/392/1361 2080/393/1368
f 2078/391/1362 2080/393/1368 2081/394/1369
f 2082/395/1364 2083/396/1363 2084/397/1353
f 2082/395/1364 2084/397/1353 2085/398/1356
f 2086/399/1355 2087/400/1365 2082/395/1364
f 2086/399/1355 2082/395/1364 2085/398/1356
f 2088/401/1370 2089/402/1366 2090/403/1367
f 2088/401/1370 2090/403/1367 2091/404/1371
f 2092/405/1372 510/65/402 512/67/404
f 2092/405/1372 512/67/404 2070/383/1360
f 2068/381/1358 2092/405/1372 2054/367/1344
f 2068/381/1358 2054/367/1344 2053/366/1343
f 2093/406/1373 518/73/408 520/75/406
f 2093/406/1373 520/75/406 2094/407/1374
f 2060/373/1350 2095/408/1374 2096/409/1375
f 2060/373/1350 2096/409/1375 2061/374/1351
f 2054/367/1344 2092/405/1372 2070/383/1360
f 2054/367/1344 2070/383/1360 2049/362/1339
f 2055/368/1345 2054/367/1344 2049/362/1339
f 2055/368/1345 2049/362/1339 2052/365/1342
f 2073/386/1363 2055/368/1345 2052/365/1342
f 2073/386/1363 2052/365/1342 2072/385/1362
f 2084/397/1353 2083/396/1363 2078/391/1362
f 2084/397/1353 2078/391/1362 2081/394/1369
f 2097/410/1368 2064/377/1354 2063/376/1353
f 2097/410/1368 2063/376/1353 2098/411/1369
f 2099/412/1376 2100/413/1366 2101/414/1370
f 2099/412/1376 2101/414/1370 2102/415/1377
f 2103/416/1378 2104/417/1349 2105/418/1366
f 2103/416/1378 2105/418/1366 2106/419/1376
f 2107/420/1379 2108/421/1350 2104/417/1349
f 2107/420/1379 2104/417/1349 2103/416/1378
f 2093/406/1373 2094/407/1374 2108/421/1350
f 2093/406/1373 2108/421/1350 2107/420/1379
f 513/68/405 510/65/402 2092/405/1372
f 513/68/405 2092/405/1372 2068/381/1358
f 2095/408/1374 515/70/406 517/72/407
f 2095/408/1374 517/72/407 2096/409/1375
f 2109/422/1377 2110/423/1370 2064/377/1354
f 2109/422/1377 2064/377/1354 2097/410/1368
f 2065/378/1355 2064/377/1354 2110/423/1370
f 2065/378/1355 2110/423/1370 2111/424/1371
f 2090/403/1367 2087/400/1365 2086/399/1355
f 2090/403/1367 2086/399/1355 2091/404/1371
f 2062/375/1352 2057/370/1347 2075/388/1365
f 2062/375/1352 2075/388/1365 2077/390/1367
f 2061/374/1351 2058/371/1348 2057/370/1347
f 2061/374/1351 2057/370/1347 2062/375/1352
f 2096/409/1375 2067/380/1357 2058/371/1348
f 2096/409/1375 2058/371/1348 2061/374/1351
f 517/72/407 521/76/409 2067/380/1357
f 517/72/407 2067/380/1357 2096/409/1375
f 2069/382/1359 524/79/410 518/73/408
f 2069/382/1359 518/73/408 2093/406/1373
f 2050/363/1340 2069/382/1359 2093/406/1373
f 2050/363/1340 2093/406/1373 2107/420/1379
f 2051/364/1341 2050/363/1340 2107/420/1379
f 2051/364/1341 2107/420/1379 2103/416/1378
f 2071/384/1361 2051/364/1341 2103/416/1378
f 2071/384/1361 2103/416/1378 2106/419/1376
f 2080/393/1368 2079/392/1361 2099/412/1376
f 2080/393/1368 2099/412/1376 2102/415/1377
f 528/122/412 527/121/411 2112/446/1380
f 528/122/412 2112/446/1380 2113/447/1381
f 527/121/411 530/124/414 2114/448/1382
f 527/121/411 2114/448/1382 2112/446/1380
f 530/124/414 532/126/415 2115/449/1383
f 530/124/414 2115/449/1383 2114/448/1382
f 532/126/415 534/128/416 2116/450/1384
f 532/126/415 2116/450/1384 2115/449/1383
f 534/128/416 536/130/417 2117/451/1385
f 534/128/416 2117/451/1385 2116/450/1384
f 536/130/417 538/132/412 2118/452/1381
f 536/130/417 2118/452/1381 2117/451/1385
f 2113/447/1381 2112/446/1380 2119/453/1386
f 2113/447/1381 2119/453/1386 2120/454/1387
f 2112/446/1380 2114/448/1382 2121/455/1388
f 2112/446/1380 2121/455/1388 2119/453/1386
f 2114/448/1382 2115/449/1383 2122/456/1389
f 2114/448/1382 2122/456/1389 2121/455/1388
f 2115/449/1383 2116/450/1384 2123/457/1390
f 2115/449/1383 2123/457/1390 2122/456/1389
f 2116/450/1384 2117/451/1385 2124/458/1391
f 2116/450/1384 2124/458/1391 2123/457/1390
f 2117/451/1385 2118/452/1381 2125/459/1387
f 2117/451/1385 2125/459/1387 2124/458/1391
f 2120/454/1387 2119/453/1386 2126/460/1392
f 2120/454/1387 2126/460/1392 2127/461/1393
f 2119/453/1386 2121/455/1388 2128/462/1394
f 2119/453/1386 2128/462/1394 2126/460/1392
f 2121/455/1388 2122/456/1389 2129/463/1395
f 2121/455/1388 2129/463/1395 2128/462/1394
f 2122/456/1389 2123/457/1390 2130/464/1396
f 2122/456/1389 2130/464/1396 2129/463/1395
f 2123/457/1390 2124/458/1391 2131/465/1397
f 2123/457/1390 2131/465/1397 2130/464/1396
f 2124/458/1391 2125/459/1387 2132/466/1393
f 2124/458/1391 2132/466/1393 2131/465/1397
f 2127/461/1393 2126/460/1392 541/135/419
f 2127/461/1393 541/135/419 540/134/418
f 2126/460/1392 2128/462/1394 543/137/421
f 2126/460/1392 543/137/421 541/135/419
f 2128/462/1394 2129/463/1395 545/139/422
f 2128/462/1394 545/139/422 543/137/421
f 2129/463/1395 2130/464/1396 547/141/423
f 2129/463/1395 547/141/423 545/139/422
f 2130/464/1396 2131/465/1397 549/143/424
f 2130/464/1396 549/143/424 547/141/423
f 2131/465/1397 2132/466/1393 551/145/418
f 2131/465/1397 551/145/418 549/143/424
f 554/96/426 553/95/425 2133/425/1398
f 554/96/426 2133/425/1398 2134/426/1399
f 553/95/425 556/98/428 2135/427/1400
f 553/95/425 2135/427/1400 2133/425/1398
f 556/98/428 558/100/429 2136/428/1401
f 556/98/428 2136/428/1401 2135/427/1400
f 558/100/429 560/102/430 2137/429/1402
f 558/100/429 2137/429/1402 2136/428/1401
f 560/102/430 562/104/431 2138/430/1403
f 560/102/430 2138/430/1403 2137/429/1402
f 562/104/431 564/106/426 2139/431/1399
f 562/104/431 2139/431/1399 2138/430/1403
f 2134/426/1399 2133/425/1398 2140/432/1404
f 2134/426/1399 2140/432/1404 2141/433/1405
f 2133/425/1398 2135/427/1400 2142/434/1406
f 2133/425/1398 2142/434/1406 2140/432/1404
f 2135/427/1400 2136/428/1401 2143/435/1407
f 2135/427/1400 2143/435/1407 2142/434/1406
f 2136/428/1401 2137/429/1402 2144/436/1408
f 2136/428/1401 2144/436/1408 2143/435/1407
f 2137/429/1402 2138/430/1403 2145/437/1409
f 2137/429/1402 2145/437/1409 2144/436/1408
f 2138/430/1403 2139/431/1399 2146/438/1405
f 2138/430/1403 2146/438/1405 2145/437/1409
f 2141/433/1405 2140/432/1404 2147/439/1410
f 2141/433/1405 2147/439/1410 2148/440/1411
f 2140/432/1404 2142/434/1406 2149/441/1412
f 2140/432/1404 2149/441/1412 2147/439/1410
f 2142/434/1406 2143/435/1407 2150/442/1413
f 2142/434/1406 2150/442/1413 2149/441/1412
f 2143/435/1407 2144/436/1408 2151/443/1414
f 2143/435/1407 2151/443/1414 2150/442/1413
f 2144/436/1408 2145/437/1409 2152/444/1415
f 2144/436/1408 2152/444/1415 2151/443/1414
f 2145/437/1409 2146/438/1405 2153/445/1411
f 2145/437/1409 2153/445/1411 2152/444/1415
f 2148/440/1411 2147/439/1410 567/109/433
f 2148/440/1411 567/109/433 566/108/432
f 2147/439/1410 2149/441/1412 569/111/435
f 2147/439/1410 569/111/435 567/109/433
f 2149/441/1412 2150/442/1413 571/113/436
f 2149/441/1412 571/113/436 569/111/435
f 2150/442/1413 2151/443/1414 573/115/437
f 2150/442/1413 573/115/437 571/113/436
f 2151/443/1414 2152/444/1415 575/117/438
f 2151/443/1414 575/117/438 573/115/437
f 2152/444/1415 2153/445/1411 577/119/432
f 2152/444/1415 577/119/432 575/117/438
f 580/122/440 579/121/439 2154/446/1416
f 580/122/440 2154/446/1416 2155/447/1417
f 579/121/439 582/124/442 2156/448/1418
f 579/121/439 2156/448/1418 2154/446/1416
f 582/124/442 584/126/443 2157/449/1419
f 582/124/442 2157/449/1419 2156/448/1418
f 584/126/443 586/128/444 2158/450/1420
f 584/126/443 2158/450/1420 2157/449/1419
f 586/128/444 588/130/445 2159/451/1421
f 586/128/444 2159/451/1421 2158/450/1420
f 588/130/445 590/132/440 2160/452/1417
f 588/130/445 2160/452/1417 2159/451/1421
f 2155/447/1417 2154/446/1416 2161/453/1422
f 2155/447/1417 2161/453/1422 2162/454/1423
f 2154/446/1416 2156/448/1418 2163/455/1424
f 2154/446/1416 2163/455/1424 2161/453/1422
f 2156/448/1418 2157/449/1419 2164/456/1425
f 2156/448/1418 2164/456/1425 2163/455/1424
f 2157/449/1419 2158/450/1420 2165/457/1426
f 2157/449/1419 2165/457/1426 2164/456/1425
f 2158/450/1420 2159/451/1421 2166/458/1427
f 2158/450/1420 2166/458/1427 2165/457/1426
f 2159/451/1421 2160/452/1417 2167/459/1423
f 2159/451/1421 2167/459/1423 2166/458/1427
f 2162/454/1423 2161/453/1422 2168/460/1428
f 2162/454/1423 2168/460/1428 2169/461/1429
f 2161/453/1422 2163/455/1424 2170/462/1430
f 2161/453/1422 2170/462/1430 2168/460/1428
f 2163/455/1424 2164/456/1425 2171/463/1431
f 2163/455/1424 2171/463/1431 2170/462/1430
f 2164/456/1425 2165/457/1426 2172/464/1432
f 2164/456/1425 2172/464/1432 2171/463/1431
f 2165/457/1426 2166/458/1427 2173/465/1433
f 2165/457/1426 2173/465/1433 2172/464/1432
f 2166/458/1427 2167/459/1423 2174/466/1429
f 2166/458/1427 2174/466/1429 2173/465/1433
f 2169/461/1429 2168/460/1428 593/135/447
f 2169/461/1429 593/135/447 592/134/446
f 2168/460/1428 2170/462/1430 595/137/449
f 2168/460/1428 595/137/449 593/135/447
f 2170/462/1430 2171/463/1431 597/139/450
f 2170/462/1430 597/139/450 595/137/449
f 2171/463/1431 2172/464/1432 599/141/451
f 2171/463/1431 599/141/451 597/139/450
f 2172/464/1432 2173/465/1433 601/143/452
f 2172/464/1432 601/143/452 599/141/451
f 2173/465/1433 2174/466/1429 603/145/446
f 2173/465/1433 603/145/446 601/143/452
f 606/122/454 605/121/453 2175/446/1434
f 606/122/454 2175/446/1434 2176/447/1435
f 605/121/453 608/124/456 2177/448/1436
f 605/121/453 2177/448/1436 2175/446/1434
f 608/124/456 610/126/457 2178/449/1437
f 608/124/456 2178/449/1437 2177/448/1436
f 610/126/457 612/128/458 2179/450/1438
f 610/126/457 2179/450/1438 2178/449/1437
f 612/128/458 614/130/459 2180/451/1439
f 612/128/458 2180/451/1439 2179/450/1438
f 614/130/459 616/132/454 2181/452/1435
f 614/130/459 2181/452/1435 2180/451/1439
f 2176/447/1435 2175/446/1434 2182/453/1440
f 2176/447/1435 2182/453/1440 2183/454/1441
f 2175/446/1434 2177/448/1436 2184/455/1442
f 2175/446/1434 2184/455/1442 2182/453/1440
f 2177/448/1436 2178/449/1437 2185/456/1443
f 2177/448/1436 2185/456/1443 2184/455/1442
f 2178/449/1437 2179/450/1438 2186/457/1444
f 2178/449/1437 2186/457/1444 2185/456/1443
f 2179/450/1438 2180/451/1439 2187/458/1445
f 2179/450/1438 2187/458/1445 2186/457/1444
f 2180/451/1439 2181/452/1435 2188/459/1441
f 2180/451/1439 2188/459/1441 2187/458/1445
f 2183/454/1441 2182/453/1440 2189/460/1446
f 2183/454/1441 2189/460/1446 2190/461/1447
f 2182/453/1440 2184/455/1442 2191/462/1448
f 2182/453/1440 2191/462/1448 2189/460/1446
f 2184/455/1442 2185/456/1443 2192/463/1449
f 2184/455/1442 2192/463/1449 2191/462/1448
f 2185/456/1443 2186/457/1444 2193/464/1450
f 2185/456/1443 2193/464/1450 2192/463/1449
f 2186/457/1444 2187/458/1445 2194/465/1451
f 2186/457/1444 2194/465/1451 2193/464/1450
f 2187/458/1445 2188/459/1441 2195/466/1447
f 2187/458/1445 2195/466/1447 2194/465/1451
f 2190/461/1447 2189/460/1446 619/135/461
f 2190/461/1447 619/135/461 618/134/460
f 2189/460/1446 2191/462/1448 621/137/463
f 2189/460/1446 621/137/463 619/135/461
f 2191/462/1448 2192/463/1449 623/139/464
f 2191/462/1448 623/139/464 621/137/463
f 2192/463/1449 2193/464/1450 625/141/465
f 2192/463/1449 625/141/465 623/139/464
f 2193/464/1450 2194/465/1451 627/143/466
f 2193/464/1450 627/143/466 625/141/465
f 2194/465/1451 2195/466/1447 629/145/460
f 2194/465/1451 629/145/460 627/143/466
f 632/122/468 631/121/467 2196/446/1452
f 632/122/468 2196/446/1452 2197/447/1453
f 631/121/467 634/124/470 2198/448/1454
f 631/121/467 2198/448/1454 2196/446/1452
f 634/124/470 636/126/471 2199/449/1455
f 634/124/470 2199/449/1455 2198/448/1454
f 636/126/471 638/128/472 2200/450/1456
f 636/126/471 2200/450/1456 2199/449/1455
f 638/128/472 640/130/473 2201/451/1457
f 638/128/472 2201/451/1457 2200/450/1456
f 640/130/473 642/132/468 2202/452/1453
f 640/130/473 2202/452/1453 2201/451/1457
f 2197/447/1453 2196/446/1452 2203/453/1458
f 2197/447/1453 2203/453/1458 2204/454/1459
f 2196/446/1452 2198/448/1454 2205/455/1460
f 2196/446/1452 2205/455/1460 2203/453/1458
f 2198/448/1454 2199/449/1455 2206/456/1461
f 2198/448/1454 2206/456/1461 2205/455/1460
f 2199/449/1455 2200/450/1456 2207/457/1462
f 2199/449/1455 2207/457/1462 2206/456/1461
f 2200/450/1456 2201/451/1457 2208/458/1463
f 2200/450/1456 2208/458/1463 2207/457/1462
f 2201/451/1457 2202/452/1453 2209/459/1459
f 2201/451/1457 2209/459/1459 2208/458/1463
f 2204/454/1459 2203/453/1458 2210/460/1464
f 2204/454/1459 2210/460/1464 2211/461/1465
f 2203/453/1458 2205/455/1460 2212/462/1466
f 2203/453/1458 2212/462/1466 2210/460/1464
f 2205/455/1460 2206/456/1461 2213/463/1467
f 2205/455/1460 2213/463/1467 2212/462/1466
f 2206/456/1461 2207/457/1462 2214/464/1468
f 2206/456/1461 2214/464/1468 2213/463/1467
f 2207/457/1462 2208/458/1463 2215/465/1469
f 2207/457/1462 2215/465/1469 2214/464/1468
f 2208/458/1463 2209/459/1459 2216/466/1465
f 2208/458/1463 2216/466/1465 2215/465/1469
f 2211/461/1465 2210/460/1464 645/135/475
f 2211/461/1465 645/135/475 644/134/474
f 2210/460/1464 2212/462/1466 647/137/477
f 2210/460/1464 647/137/477 645/135/475
f 2212/462/1466 2213/463/1467 649/139/478
f 2212/462/1466 649/139/478 647/137/477
f 2213/463/1467 2214/464/1468 651/141/479
f 2213/463/1467 651/141/479 649/139/478
f 2214/464/1468 2215/465/1469 653/143/480
f 2214/464/1468 653/143/480 651/141/479
f 2215/465/1469 2216/466/1465 655/145/474
f 2215/465/1469 655/145/474 653/143/480
f 658/122/482 657/121/481 2217/446/1470
f 658/122/482 2217/446/1470 2218/447/1471
f 657/121/481 660/124/484 2219/448/1472
f 657/121/481 2219/448/1472 2217/446/1470
f 660/124/484 662/126/485 2220/449/1473
f 660/124/484 2220/449/1473 2219/448/1472
f 662/126/485 664/128/486 2221/450/1474
f 662/126/485 2221/450/1474 2220/449/1473
f 664/128/486 666/130/487 2222/451/1475
f 664/128/486 2222/451/1475 2221/450/1474
f 666/130/487 668/132/482 2223/452/1471
f 666/130/487 2223/452/1471 2222/451/1475
f 2218/447/1471 2217/446/1470 2224/453/1476
f 2218/447/1471 2224/453/1476 2225/454/1477
f 2217/446/1470 2219/448/1472 2226/455/1478
f 2217/446/1470 2226/455/1478 2224/453/1476
f 2219/448/1472 2220/449/1473 2227/456/1479
f 2219/448/1472 2227/456/1479 2226/455/1478
f 2220/449/1473 2221/450/1474 2228/457/1480
f 2220/449/1473 2228/457/1480 2227/456/1479
f 2221/450/1474 2222/451/1475 2229/458/1481
f 2221/450/1474 2229/458/1481 2228/457/1480
f 2222/451/1475 2223/452/1471 2230/459/1477
f 2222/451/1475 2230/459/1477 2229/458/1481
f 2225/454/1477 2224/453/1476 2231/460/1482
f 2225/454/1477 2231/460/1482 2232/461/1483
f 2224/453/1476 2226/455/1478 2233/462/1484
f 2224/453/1476 2233/462/1484 2231/460/1482
f 2226/455/1478 2227/456/1479 2234/463/1485
f 2226/455/1478 2234/463/1485 2233/462/1484
f 2227/456/1479 2228/457/1480 2235/464/1486
f 2227/456/1479 2235/464/1486 2234/463/1485
f 2228/457/1480 2229/458/1481 2236/465/1487
f 2228/457/1480 2236/465/1487 2235/464/1486
f 2229/458/1481 2230/459/1477 2237/466/1483
f 2229/458/1481 2237/466/1483 2236/465/1487
f 2232/461/1483 2231/460/1482 671/135/489
f 2232/461/1483 671/135/489 670/134/488
f 2231/460/1482 2233/462/1484 673/137/491
f 2231/460/1482 673/137/491 671/135/489
f 2233/462/1484 2234/463/1485 675/139/492
f 2233/462/1484 675/139/492 673/137/491
f 2234/463/1485 2235/464/1486 677/141/493
f 2234/463/1485 677/141/493 675/139/492
f 2235/464/1486 2236/465/1487 679/143/494
f 2235/464/1486 679/143/494 677/141/493
f 2236/465/1487 2237/466/1483 681/145/488
f 2236/465/1487 681/145/488 679/143/494
f 684/122/496 683/121/495 2238/446/1488
f 684/122/496 2238/446/1488 2239/447/1489
f 683/121/495 686/124/498 2240/448/1490
f 683/121/495 2240/448/1490 2238/446/1488
f 686/124/498 688/126/499 2241/449/1491
f 686/124/498 2241/449/1491 2240/448/1490
f 688/126/499 690/128/500 2242/450/1492
f 688/126/499 2242/450/1492 2241/449/1491
f 690/128/500 692/130/501 2243/451/1493
f 690/128/500 2243/451/1493 2242/450/1492
f 692/130/501 694/132/496 2244/452/1489
f 692/130/501 2244/452/1489 2243/451/1493
f 2239/447/1489 2238/446/1488 2245/453/1494
f 2239/447/1489 2245/453/1494 2246/454/1495
f 2238/446/1488 2240/448/1490 2247/455/1496
f 2238/446/1488 2247/455/1496 2245/453/1494
f 2240/448/1490 2241/449/1491 2248/456/1497
f 2240/448/1490 2248/456/1497 2247/455/1496
f 2241/449/1491 2242/450/1492 2249/457/1498
f 2241/449/1491 2249/457/1498 2248/456/1497
f 2242/450/1492 2243/451/1493 2250/458/1499
f 2242/450/1492 2250/458/1499 2249/457/1498
f 2243/451/1493 2244/452/1489 2251/459/1495
f 2243/451/1493 2251/459/1495 2250/458/1499
f 2246/454/1495 2245/453/1494 2252/460/1500
f 2246/454/1495 2252/460/1500 2253/461/1501
f 2245/453/1494 2247/455/1496 2254/462/1502
f 2245/453/1494 2254/462/1502 2252/460/1500
f 2247/455/1496 2248/456/1497 2255/463/1503
f 2247/455/1496 2255/463/1503 2254/462/1502
f 2248/456/1497 2249/457/1498 2256/464/1504
f 2248/456/1497 2256/464/1504 2255/463/1503
f 2249/457/1498 2250/458/1499 2257/465/1505
f 2249/457/1498 2257/465/1505 2256/464/1504
f 2250/458/1499 2251/459/1495 2258/466/1501
f 2250/458/1499 2258/466/1501 2257/465/1505
f 2253/461/1501 2252/460/1500 697/135/503
f 2253/461/1501 697/135/503 696/134/502
f 2252/460/1500 2254/462/1502 699/137/505
f 2252/460/1500 699/137/505 697/135/503
f 2254/462/1502 2255/463/1503 701/139/506
f 2254/462/1502 701/139/506 699/137/505
f 2255/463/1503 2256/464/1504 703/141/507
f 2255/463/1503 703/141/507 701/139/506
f 2256/464/1504 2257/465/1505 705/143/508
f 2256/464/1504 705/143/508 703/141/507
f 2257/465/1505 2258/466/1501 707/145/502
f 2257/465/1505 707/145/502 705/143/508
f 710/122/510 709/121/509 2259/446/1506
f 710/122/510 2259/446/1506 2260/447/1507
f 709/121/509 712/124/512 2261/448/1508
f 709/121/509 2261/448/1508 2259/446/1506
f 712/124/512 714/126/513 2262/449/1509
f 712/124/512 2262/449/1509 2261/448/1508
f 714/126/513 716/128/514 2263/450/1510
f 714/126/513 2263/450/1510 2262/449/1509
f 716/128/514 718/130/515 2264/451/1511
f 716/128/514 2264/451/1511 2263/450/1510
f 718/130/515 720/132/510 2265/452/1507
f 718/130/515 2265/452/1507 2264/451/1511
f 2260/447/1507 2259/446/1506 2266/453/1512
f 2260/447/1507 2266/453/1512 2267/454/1513
f 2259/446/1506 2261/448/1508 2268/455/1514
f 2259/446/1506 2268/455/1514 2266/453/1512
f 2261/448/1508 2262/449/1509 2269/456/1515
f 2261/448/1508 2269/456/1515 2268/455/1514
f 2262/449/1509 2263/450/1510 2270/457/1516
f 2262/449/1509 2270/457/1516 2269/456/1515
f 2263/450/1510 2264/451/1511 2271/458/1517
f 2263/450/1510 2271/458/1517 2270/457/1516
f 2264/451/1511 2265/452/1507 2272/459/1513
f 2264/451/1511 2272/459/1513 2271/458/1517
f 2267/454/1513 2266/453/1512 2273/460/1518
f 2267/454/1513 2273/460/1518 2274/461/1519
f 2266/453/1512 2268/455/1514 2275/462/1520
f 2266/453/1512 2275/462/1520 2273/460/1518
f 2268/455/1514 2269/456/1515 2276/463/1521
f 2268/455/1514 2276/463/1521 2275/462/1520
f 2269/456/1515 2270/457/1516 2277/464/1522
f 2269/456/1515 2277/464/1522 2276/463/1521
f 2270/457/1516 2271/458/1517 2278/465/1523
f 2270/457/1516 2278/465/1523 2277/464/1522
f 2271/458/1517 2272/459/1513 2279/466/1519
f 2271/458/1517 2279/466/1519 2278/465/1523
f 2274/461/1519 2273/460/1518 723/135/517
f 2274/461/1519 723/135/517 722/134/516
f 2273/460/1518 2275/462/1520 725/137/519
f 2273/460/1518 725/137/519 723/135/517
f 2275/462/1520 2276/463/1521 727/139/520
f 2275/462/1520 727/139/520 725/137/519
f 2276/463/1521 2277/464/1522 729/141/521
f 2276/463/1521 729/141/521 727/139/520
f 2277/464/1522 2278/465/1523 731/143/522
f 2277/464/1522 731/143/522 729/141/521
f 2278/465/1523 2279/466/1519 733/145/516
f 2278/465/1523 733/145/516 731/143/522
f 736/122/524 735/121/523 2280/446/1524
f 736/122/524 2280/446/1524 2281/447/1525
f 735/121/523 738/124/526 2282/448/1526
f 735/121/523 2282/448/1526 2280/446/1524
f 738/124/526 740/126/527 2283/449/1527
f 738/124/526 2283/449/1527 2282/448/1526
f 740/126/527 742/128/528 2284/450/1528
f 740/126/527 2284/450/1528 2283/449/1527
f 742/128/528 744/130/529 2285/451/1529
f 742/128/528 2285/451/1529 2284/450/1528
f 744/130/529 746/132/524 2286/452/1525
f 744/130/529 2286/452/1525 2285/451/1529
f 2281/447/1525 2280/446/1524 2287/453/1530
f 2281/447/1525 2287/453/1530 2288/454/1531
f 2280/446/1524 2282/448/1526 2289/455/1532
f 2280/446/1524 2289/455/1532 2287/453/1530
f 2282/448/1526 2283/449/1527 2290/456/1533
f 2282/448/1526 2290/456/1533 2289/455/1532
f 2283/449/1527 2284/450/1528 2291/457/1534
f 2283/449/1527 2291/457/1534 2290/456/1533
f 2284/450/1528 2285/451/1529 2292/458/1535
f 2284/450/1528 2292/458/1535 2291/457/1534
f 2285/451/1529 2286/452/1525 2293/459/1531
f 2285/451/1529 2293/459/1531 2292/458/1535
f 2288/454/1531 2287/453/1530 2294/460/1536
f 2288/454/1531 2294/460/1536 2295/461/1537
f 2287/453/1530 2289/455/1532 2296/462/1538
f 2287/453/1530 2296/462/1538 2294/460/1536
f 2289/455/1532 2290/456/1533 2297/463/1539
f 2289/455/1532 2297/463/1539 2296/462/1538
f 2290/456/1533 2291/457/1534 2298/464/1540
f 2290/456/1533 2298/464/1540 2297/463/1539
f 2291/457/1534 2292/458/1535 2299/465/1541
f 2291/457/1534 2299/465/1541 2298/464/1540
f 2292/458/1535 2293/459/1531 2300/466/1537
f 2292/458/1535 2300/466/1537 2299/465/1541
f 2295/461/1537 2294/460/1536 749/135/531
f 2295/461/1537 749/135/531 748/134/530
f 2294/460/1536 2296/462/1538 751/137/533
f 2294/460/1536 751/137/533 749/135/531
f 2296/462/1538 2297/463/1539 753/139/534
f 2296/462/1538 753/139/534 751/137/533
f 2297/463/1539 2298/464/1540 755/141/535
f 2297/463/1539 755/141/535 753/139/534
f 2298/464/1540 2299/465/1541 757/143/536
f 2298/464/1540 757/143/536 755/141/535
f 2299/465/1541 2300/466/1537 759/145/530
f 2299/465/1541 759/145/530 757/143/536
f 762/96/538 761/95/537 2301/425/1542
f 762/96/538 2301/425/1542 2302/426/1543
f 761/95/537 764/98/540 2303/427/1544
f 761/95/537 2303/427/1544 2301/425/1542
f 764/98/540 766/100/541 2304/428/1545
f 764/98/540 2304/428/1545 2303/427/1544
f 766/100/541 768/102/542 2305/429/1546
f 766/100/541 2305/429/1546 2304/428/1545
f 768/102/542 770/104/543 2306/430/1547
f 768/102/542 2306/430/1547 2305/429/1546
f 770/104/543 772/106/538 2307/431/1543
f 770/104/543 2307/431/1543 2306/430/1547
f 2302/426/1543 2301/425/1542 2308/432/1548
f 2302/426/1543 2308/432/1548 2309/433/1549
f 2301/425/1542 2303/427/1544 2310/434/1550
f 2301/425/1542 2310/434/1550 2308/432/1548
f 2303/427/1544 2304/428/1545 2311/435/1551
f 2303/427/1544 2311/435/1551 2310/434/1550
f 2304/428/1545 2305/429/1546 2312/436/1552
f 2304/428/1545 2312/436/1552 2311/435/1551
f 2305/429/1546 2306/430/1547 2313/437/1553
f 2305/429/1546 2313/437/1553 2312/436/1552
f 2306/430/1547 2307/431/1543 2314/438/1549
f 2306/430/1547 2314/438/1549 2313/437/1553
f 2309/433/1549 2308/432/1548 2315/439/1554
f 2309/433/1549 2315/439/1554 2316/440/1555
f 2308/432/1548 2310/434/1550 2317/441/1556
f 2308/432/1548 2317/441/1556 2315/439/1554
f 2310/434/1550 2311/435/1551 2318/442/1557
f 2310/434/1550 2318/442/1557 2317/441/1556
f 2311/435/1551 2312/436/1552 2319/443/1558
f 2311/435/1551 2319/443/1558 2318/442/1557
f 2312/436/1552 2313/437/1553 2320/444/1559
f 2312/436/1552 2320/444/1559 2319/443/1558
f 2313/437/1553 2314/438/1549 2321/445/1555
f 2313/437/1553 2321/445/1555 2320/444/1559
f 2316/440/1555 2315/439/1554 775/109/545
f 2316/440/1555 775/109/545 774/108/544
f 2315/439/1554 2317/441/1556 777/111/547
f 2315/439/1554 777/111/547 775/109/545
f 2317/441/1556 2318/442/1557 779/113/548
f 2317/441/1556 779/113/548 777/111/547
f 2318/442/1557 2319/443/1558 781/115/549
f 2318/442/1557 781/115/549 779/113/548
f 2319/443/1558 2320/444/1559 783/117/550
f 2319/443/1558 783/117/550 781/115/549
f 2320/444/1559 2321/445/1555 785/119/544
f 2320/444/1559 785/119/544 783/117/550
f 788/122/552 787/121/551 2322/446/1560
f 788/122/552 2322/446/1560 2323/447/1561
f 787/121/551 790/124/554 2324/448/1562
f 787/121/551 2324/448/1562 2322/446/1560
f 790/124/554 792/126/555 2325/449/1563
f 790/124/554 2325/449/1563 2324/448/1562
f 792/126/555 794/128/556 2326/450/1564
f 792/126/555 2326/450/1564 2325/449/1563
f 794/128/556 796/130/557 2327/451/1565
f 794/128/556 2327/451/1565 2326/450/1564
f 796/130/557 798/132/552 2328/452/1561
f 796/130/557 2328/452/1561 2327/451/1565
f 2323/447/1561 2322/446/1560 2329/453/1566
f 2323/447/1561 2329/453/1566 2330/454/1567
f 2322/446/1560 2324/448/1562 2331/455/1568
f 2322/446/1560 2331/455/1568 2329/453/1566
f 2324/448/1562 2325/449/1563 2332/456/1569
f 2324/448/1562 2332/456/1569 2331/455/1568
f 2325/449/1563 2326/450/1564 2333/457/1570
f 2325/449/1563 2333/457/1570 2332/456/1569
f 2326/450/1564 2327/451/1565 2334/458/1571
f 2326/450/1564 2334/458/1571 2333/457/1570
f 2327/451/1565 2328/452/1561 2335/459/1567
f 2327/451/1565 2335/459/1567 2334/458/1571
f 2330/454/1567 2329/453/1566 2336/460/1572
f 2330/454/1567 2336/460/1572 2337/461/1573
f 2329/453/1566 2331/455/1568 2338/462/1574
f 2329/453/1566 2338/462/1574 2336/460/1572
f 2331/455/1568 2332/456/1569 2339/463/1575
f 2331/455/1568 2339/463/1575 2338/462/1574
f 2332/456/1569 2333/457/1570 2340/464/1576
f 2332/456/1569 2340/464/1576 2339/463/1575
f 2333/457/1570 2334/458/1571 2341/465/1577
f 2333/457/1570 2341/465/1577 2340/464/1576
f 2334/458/1571 2335/459/1567 2342/466/1573
f 2334/458/1571 2342/466/1573 2341/465/1577
f 2337/461/1573 2336/460/1572 801/135/559
f 2337/461/1573 801/135/559 800/134/558
f 2336/460/1572 2338/462/1574 803/137/561
f 2336/460/1572 803/137/561 801/135/559
f 2338/462/1574 2339/463/1575 805/139/562
f 2338/462/1574 805/139/562 803/137/561
f 2339/463/1575 2340/464/1576 807/141/563
f 2339/463/1575 807/141/563 805/139/562
f 2340/464/1576 2341/465/1577 809/143/564
f 2340/464/1576 809/143/564 807/141/563
f 2341/465/1577 2342/466/1573 811/145/558
f 2341/465/1577 811/145/558 809/143/564
f 814/122/566 813/121/565 2343/446/1578
f 814/122/566 2343/446/1578 2344/447/1579
f 813/121/565 816/124/568 2345/448/1580
f 813/121/565 2345/448/1580 2343/446/1578
f 816/124/568 818/126/569 2346/449/1581
f 816/124/568 2346/449/1581 2345/448/1580
f 818/126/569 820/128/570 2347/450/1582
f 818/126/569 2347/450/1582 2346/449/1581
f 820/128/570 822/130/571 2348/451/1583
f 820/128/570 2348/451/1583 2347/450/1582
f 822/130/571 824/132/566 2349/452/1579
f 822/130/571 2349/452/1579 2348/451/1583
f 2344/447/1579 2343/446/1578 2350/453/1584
f 2344/447/1579 2350/453/1584 2351/454/1585
f 2343/446/1578 2345/448/1580 2352/455/1586
f 2343/446/1578 2352/455/1586 2350/453/1584
f 2345/448/1580 2346/449/1581 2353/456/1587
f 2345/448/1580 2353/456/1587 2352/455/1586
f 2346/449/1581 2347/450/1582 2354/457/1588
f 2346/449/1581 2354/457/1588 2353/456/1587
f 2347/450/1582 2348/451/1583 2355/458/1589
f 2347/450/1582 2355/458/1589 2354/457/1588
f 2348/451/1583 2349/452/1579 2356/459/1585
f 2348/451/1583 2356/459/1585 2355/458/1589
f 2351/454/1585 2350/453/1584 2357/460/1590
f 2351/454/1585 2357/460/1590 2358/461/1591
f 2350/453/1584 2352/455/1586 2359/462/1592
f 2350/453/1584 2359/462/1592 2357/460/1590
f 2352/455/1586 2353/456/1587 2360/463/1593
f 2352/455/1586 2360/463/1593 2359/462/1592
f 2353/456/1587 2354/457/1588 2361/464/1594
f 2353/456/1587 2361/464/1594 2360/463/1593
f 2354/457/1588 2355/458/1589 2362/465/1595
f 2354/457/1588 2362/465/1595 2361/464/1594
f 2355/458/1589 2356/459/1585 2363/466/1591
f 2355/458/1589 2363/466/1591 2362/465/1595
f 2358/461/1591 2357/460/1590 827/135/573
f 2358/461/1591 827/135/573 826/134/572
f 2357/460/1590 2359/462/1592 829/137/575
f 2357/460/1590 829/137/575 827/135/573
f 2359/462/1592 2360/463/1593 831/139/576
f 2359/462/1592 831/139/576 829/137/575
f 2360/463/1593 2361/464/1594 833/141/577
f 2360/463/1593 833/141/577 831/139/576
f 2361/464/1594 2362/465/1595 835/143/578
f 2361/464/1594 835/143/578 833/141/577
f 2362/465/1595 2363/466/1591 837/145/572
f 2362/465/1595 837/145/572 835/143/578
f 840/122/580 839/121/579 2364/446/1596
f 840/122/580 2364/446/1596 2365/447/1597
f 839/121/579 842/124/582 2366/448/1598
f 839/121/579 2366/448/1598 2364/446/1596
f 842/124/582 844/126/583 2367/449/1599
f 842/124/582 2367/449/1599 2366/448/1598
f 844/126/583 846/128/584 2368/450/1600
f 844/126/583 2368/450/1600 2367/449/1599
f 846/128/584 848/130/585 2369/451/1601
f 846/128/584 2369/451/1601 2368/450/1600
f 848/130/585 850/132/580 2370/452/1597
f 848/130/585 2370/452/1597 2369/451/1601
f 2365/447/1597 2364/446/1596 2371/453/1602
f 2365/447/1597 2371/453/1602 2372/454/1603
f 2364/446/1596 2366/448/1598 2373/455/1604
f 2364/446/1596 2373/455/1604 2371/453/1602
f 2366/448/1598 2367/449/1599 2374/456/1605
f 2366/448/1598 2374/456/1605 2373/455/1604
f 2367/449/1599 2368/450/1600 2375/457/1606
f 2367/449/1599 2375/457/1606 2374/456/1605
f 2368/450/1600 2369/451/1601 2376/458/1607
f 2368/450/1600 2376/458/1607 2375/457/1606
f 2369/451/1601 2370/452/1597 2377/459/1603
f 2369/451/1601 2377/459/1603 2376/458/1607
f 2372/454/1603 2371/453/1602 2378/460/1608
f 2372/454/1603 2378/460/1608 2379/461/1609
f 2371/453/1602 2373/455/1604 2380/462/1610
f 2371/453/1602 2380/462/1610 2378/460/1608
f 2373/455/1604 2374/456/1605 2381/463/1611
f 2373/455/1604 2381/463/1611 2380/462/1610
f 2374/456/1605 2375/457/1606 2382/464/1612
f 2374/456/1605 2382/464/1612 2381/463/1611
f 2375/457/1606 2376/458/1607 2383/465/1613
f 2375/457/1606 2383/465/1613 2382/464/1612
f 2376/458/1607 2377/459/1603 2384/466/1609
f 2376/458/1607 2384/466/1609 2383/465/1613
f 2379/461/1609 2378/460/1608 853/135/587
f 2379/461/1609 853/135/587 852/134/586
f 2378/460/1608 2380/462/1610 855/137/589
f 2378/460/1608 855/137/589 853/135/587
f 2380/462/1610 2381/463/1611 857/139/590
f 2380/462/1610 857/139/590 855/137/589
f 2381/463/1611 2382/464/1612 859/141/591
f 2381/463/1611 859/141/591 857/139/590
f 2382/464/1612 2383/465/1613 861/143/592
f 2382/464/1612 861/143/592 859/141/591
f 2383/465/1613 2384/466/1609 863/145/586
f 2383/465/1613 863/145/586 861/143/592
f 866/122/594 865/121/593 2385/446/1614
f 866/122/594 2385/446/1614 2386/447/1615
f 865/121/593 868/124/596 2387/448/1616
f 865/121/593 2387/448/1616 2385/446/1614
f 868/124/596 870/126/597 2388/449/1617
f 868/124/596 2388/449/1617 2387/448/1616
f 870/126/597 872/128/598 2389/450/1618
f 870/126/597 2389/450/1618 2388/449/1617
f 872/128/598 874/130/599 2390/451/1619
f 872/128/598 2390/451/1619 2389/450/1618
f 874/130/599 876/132/594 2391/452/1615
f 874/130/599 2391/452/1615 2390/451/1619
f 2386/447/1615 2385/446/1614 2392/453/1620
f 2386/447/1615 2392/453/1620 2393/454/1621
f 2385/446/1614 2387/448/1616 2394/455/1622
f 2385/446/1614 2394/455/1622 2392/453/1620
f 2387/448/1616 2388/449/1617 2395/456/1623
f 2387/448/1616 2395/456/1623 2394/455/1622
f 2388/449/1617 2389/450/1618 2396/457/1624
f 2388/449/1617 2396/457/1624 2395/456/1623
f 2389/450/1618 2390/451/1619 2397/458/1625
f 2389/450/1618 2397/458/1625 2396/457/1624
f 2390/451/1619 2391/452/1615 2398/459/1621
f 2390/451/1619 2398/459/1621 2397/458/1625
f 2393/454/1621 2392/453/1620 2399/460/1626
f 2393/454/1621 2399/460/1626 2400/461/1627
f 2392/453/1620 2394/455/1622 2401/462/1628
f 2392/453/1620 2401/462/1628 2399/460/1626
f 2394/455/1622 2395/456/1623 2402/463/1629
f 2394/455/1622 2402/463/1629 2401/462/1628
f 2395/456/1623 2396/457/1624 2403/464/1630
f 2395/456/1623 2403/464/1630 2402/463/1629
f 2396/457/1624 2397/458/1625 2404/465/1631
f 2396/457/1624 2404/465/1631 2403/464/1630
f 2397/458/1625 2398/459/1621 2405/466/1627
f 2397/458/1625 2405/466/1627 2404/465/1631
f 2400/461/1627 2399/460/1626 879/135/601
f 2400/461/1627 879/135/601 878/134/600
f 2399/460/1626 2401/462/1628 881/137/603
f 2399/460/1626 881/137/603 879/135/601
f 2401/462/1628 2402/463/1629 883/139/604
f 2401/462/1628 883/139/604 881/137/603
f 2402/463/1629 2403/464/1630 885/141/605
f 2402/463/1629 885/141/605 883/139/604
f 2403/464/1630 2404/465/1631 887/143/606
f 2403/464/1630 887/143/606 885/141/605
f 2404/465/1631 2405/466/1627 889/145/600
f 2404/465/1631 889/145/600 887/143/606
f 892/122/608 891/121/607 2406/446/1632
f 892/122/608 2406/446/1632 2407/447/1633
f 891/121/607 894/124/610 2408/448/1634
f 891/121/607 2408/448/1634 2406/446/1632
f 894/124/610 896/126/611 2409/449/1635
f 894/124/610 2409/449/1635 2408/448/1634
f 896/126/611 898/128/612 2410/450/1636
f 896/126/611 2410/450/1636 2409/449/1635
f 898/128/612 900/130/613 2411/451/1637
f 898/128/612 2411/451/1637 2410/450/1636
f 900/130/613 902/132/608 2412/452/1633
f 900/130/613 2412/452/1633 2411/451/1637
f 2407/447/1633 2406/446/1632 2413/453/1638
f 2407/447/1633 2413/453/1638 2414/454/1639
f 2406/446/1632 2408/448/1634 2415/455/1640
f 2406/446/1632 2415/455/1640 2413/453/1638
f 2408/448/1634 2409/449/1635 2416/456/1641
f 2408/448/1634 2416/456/1641 2415/455/1640
f 2409/449/1635 2410/450/1636 2417/457/1642
f 2409/449/1635 2417/457/1642 2416/456/1641
f 2410/450/1636 2411/451/1637 2418/458/1643
f 2410/450/1636 2418/458/1643 2417/457/1642
f 2411/451/1637 2412/452/1633 2419/459/1639
f 2411/451/1637 2419/459/1639 2418/458/1643
f 2414/454/1639 2413/453/1638 2420/460/1644
f 2414/454/1639 2420/460/1644 2421/461/1645
f 2413/453/1638 2415/455/1640 2422/462/1646
f 2413/453/1638 2422/462/1646 2420/460/1644
f 2415/455/1640 2416/456/1641 2423/463/1647
f 2415/455/1640 2423/463/1647 2422/462/1646
f 2416/456/1641 2417/457/1642 2424/464/1648
f 2416/456/1641 2424/464/1648 2423/463/1647
f 2417/457/1642 2418/458/1643 2425/465/1649
f 2417/457/1642 2425/465/1649 2424/464/1648
f 2418/458/1643 2419/459/1639 2426/466/1645
f 2418/458/1643 2426/466/1645 2425/465/1649
f 2421/461/1645 2420/460/1644 905/135/615
f 2421/461/1645 905/135/615 904/134/614
f 2420/460/1644 2422/462/1646 907/137/617
f 2420/460/1644 907/137/617 905/135/615
f 2422/462/1646 2423/463/1647 909/139/618
f 2422/462/1646 909/139/618 907/137/617
f 2423/463/1647 2424/464/1648 911/141/619
f 2423/463/1647 911/141/619 909/139/618
f 2424/464/1648 2425/465/1649 913/143/620
f 2424/464/1648 913/143/620 911/141/619
f 2425/465/1649 2426/466/1645 915/145/614
f 2425/465/1649 915/145/614 913/143/620
f 918/122/622 917/121/621 2427/446/1650
f 918/122/622 2427/446/1650 2428/447/1651
f 917/121/621 920/124/624 2429/448/1652
f 917/121/621 2429/448/1652 2427/446/1650
f 920/124/624 922/126/625 2430/449/1653
f 920/124/624 2430/449/1653 2429/448/1652
f 922/126/625 924/128/626 2431/450/1654
f 922/126/625 2431/450/1654 2430/449/1653
f 924/128/626 926/130/627 2432/451/1655
f 924/128/626 2432/451/1655 2431/450/1654
f 926/130/627 928/132/622 2433/452/1651
f 926/130/627 2433/452/1651 2432/451/1655
f 2428/447/1651 2427/446/1650 2434/453/1656
f 2428/447/1651 2434/453/1656 2435/454/1657
f 2427/446/1650 2429/448/1652 2436/455/1658
f 2427/446/1650 2436/455/1658 2434/453/1656
f 2429/448/1652 2430/449/1653 2437/456/1659
f 2429/448/1652 2437/456/1659 2436/455/1658
f 2430/449/1653 2431/450/1654 2438/457/1660
f 2430/449/1653 2438/457/1660 2437/456/1659
f 2431/450/1654 2432/451/1655 2439/458/1661
f 2431/450/1654 2439/458/1661 2438/457/1660
f 2432/451/1655 2433/452/1651 2440/459/1657
f 2432/451/1655 2440/459/1657 2439/458/1661
f 2435/454/1657 2434/453/1656 2441/460/1662
f 2435/454/1657 2441/460/1662 2442/461/1663
f 2434/453/1656 2436/455/1658 2443/462/1664
f 2434/453/1656 2443/462/1664 2441/460/1662
f 2436/455/1658 2437/456/1659 2444/463/1665
f 2436/455/1658 2444/463/1665 2443/462/1664
f 2437/456/1659 2438/457/1660 2445/464/1666
f 2437/456/1659 2445/464/1666 2444/463/1665
f 2438/457/1660 2439/458/1661 2446/465/1667
f 2438/457/1660 2446/465/1667 2445/464/1666
f 2439/458/1661 2440/459/1657 2447/466/1663
f 2439/458/1661 2447/466/1663 2446/465/1667
f 2442/461/1663 2441/460/1662 931/135/629
f 2442/461/1663 931/135/629 930/134/628
f 2441/460/1662 2443/462/1664 933/137/631
f 2441/460/1662 933/137/631 931/135/629
f 2443/462/1664 2444/463/1665 935/139/632
f 2443/462/1664 935/139/632 933/137/631
f 2444/463/1665 2445/464/1666 937/141/633
f 2444/463/1665 937/141/633 935/139/632
f 2445/464/1666 2446/465/1667 939/143/634
f 2445/464/1666 939/143/634 937/141/633
f 2446/465/1667 2447/466/1663 941/145/628
f 2446/465/1667 941/145/628 939/143/634
f 944/122/636 943/121/635 2448/446/1668
f 944/122/636 2448/446/1668 2449/447/1669
f 943/121/635 946/124/638 2450/448/1670
f 943/121/635 2450/448/1670 2448/446/1668
f 946/124/638 948/126/639 2451/449/1671
f 946/124/638 2451/449/1671 2450/448/1670
f 948/126/639 950/128/640 2452/450/1672
f 948/126/639 2452/450/1672 2451/449/1671
f 950/128/640 952/130/641 2453/451/1673
f 950/128/640 2453/451/1673 2452/450/1672
f 952/130/641 954/132/636 2454/452/1669
f 952/130/641 2454/452/1669 2453/451/1673
f 2449/447/1669 2448/446/1668 2455/453/1674
f 2449/447/1669 2455/453/1674 2456/454/1675
f 2448/446/1668 2450/448/1670 2457/455/1676
f 2448/446/1668 2457/455/1676 2455/453/1674
f 2450/448/1670 2451/449/1671 2458/456/1677
f 2450/448/1670 2458/456/1677 2457/455/1676
f 2451/449/1671 2452/450/1672 2459/457/1678
f 2451/449/1671 2459/457/1678 2458/456/1677
f 2452/450/1672 2453/451/1673 2460/458/1679
f 2452/450/1672 2460/458/1679 2459/457/1678
f 2453/451/1673 2454/452/1669 2461/459/1675
f 2453/451/1673 2461/459/1675 2460/458/1679
f 2456/454/1675 2455/453/1674 2462/460/1680
f 2456/454/1675 2462/460/1680 2463/461/1681
f 2455/453/1674 2457/455/1676 2464/462/1682
f 2455/453/1674 2464/462/1682 2462/460/1680
f 2457/455/1676 2458/456/1677 2465/463/1683
f 2457/455/1676 2465/463/1683 2464/462/1682
f 2458/456/1677 2459/457/1678 2466/464/1684
f 2458/456/1677 2466/464/1684 2465/463/1683
f 2459/457/1678 2460/458/1679 2467/465/1685
f 2459/457/1678 2467/465/1685 2466/464/1684
f 2460/458/1679 2461/459/1675 2468/466/1681
f 2460/458/1679 2468/466/1681 2467/465/1685
f 2463/461/1681 2462/460/1680 957/135/643
f 2463/461/1681 957/135/643 956/134/642
f 2462/460/1680 2464/462/1682 959/137/645
f 2462/460/1680 959/137/645 957/135/643
f 2464/462/1682 2465/463/1683 961/139/646
f 2464/462/1682 961/139/646 959/137/645
f 2465/463/1683 2466/464/1684 963/141/647
f 2465/463/1683 963/141/647 961/139/646
f 2466/464/1684 2467/465/1685 965/143/648
f 2466/464/1684 965/143/648 963/141/647
f 2467/465/1685 2468/466/1681 967/145/642
f 2467/465/1685 967/145/642 965/143/648
f 970/96/650 969/95/649 2469/425/1686
f 970/96/650 2469/425/1686 2470/426/1687
f 969/95/649 972/98/652 2471/427/1688
f 969/95/649 2471/427/1688 2469/425/1686
f 972/98/652 974/100/653 2472/428/1689
f 972/98/652 2472/428/1689 2471/427/1688
f 974/100/653 976/102/654 2473/429/1690
f 974/100/653 2473/429/1690 2472/428/1689
f 976/102/654 978/104/655 2474/430/1691
f 976/102/654 2474/430/1691 2473/429/1690
f 978/104/655 980/106/650 2475/431/1687
f 978/104/655 2475/431/1687 2474/430/1691
f 2470/426/1687 2469/425/1686 2476/432/1692
f 2470/426/1687 2476/432/1692 2477/433/1693
f 2469/425/1686 2471/427/1688 2478/434/1694
f 2469/425/1686 2478/434/1694 2476/432/1692
f 2471/427/1688 2472/428/1689 2479/435/1695
f 2471/427/1688 2479/435/1695 2478/434/1694
f 2472/428/1689 2473/429/1690 2480/436/1696
f 2472/428/1689 2480/436/1696 2479/435/1695
f 2473/429/1690 2474/430/1691 2481/437/1697
f 2473/429/1690 2481/437/1697 2480/436/1696
f 2474/430/1691 2475/431/1687 2482/438/1693
f 2474/430/1691 2482/438/1693 2481/437/1697
f 2477/433/1693 2476/432/1692 2483/439/1698
f 2477/433/1693 2483/439/1698 2484/440/1699
f 2476/432/1692 2478/434/1694 2485/441/1700
f 2476/432/1692 2485/441/1700 2483/439/1698
f 2478/434/1694 2479/435/1695 2486/442/1701
f 2478/434/1694 2486/442/1701 2485/441/1700
f 2479/435/1695 2480/436/1696 2487/443/1702
f 2479/435/1695 2487/443/1702 2486/442/1701
f 2480/436/1696 2481/437/1697 2488/444/1703
f 2480/436/1696 2488/444/1703 2487/443/1702
f 2481/437/1697 2482/438/1693 2489/445/1699
f 2481/437/1697 2489/445/1699 2488/444/1703
f 2484/440/1699 2483/439/1698 983/109/657
f 2484/440/1699 983/109/657 982/108/656
f 2483/439/1698 2485/441/1700 985/111/659
f 2483/439/1698 985/111/659 983/109/657
f 2485/441/1700 2486/442/1701 987/113/660
f 2485/441/1700 987/113/660 985/111/659
f 2486/442/1701 2487/443/1702 989/115/661
f 2486/442/1701 989/115/661 987/113/660
f 2487/443/1702 2488/444/1703 991/117/662
f 2487/443/1702 991/117/662 989/115/661
f 2488/444/1703 2489/445/1699 993/119/656
f 2488/444/1703 993/119/656 991/117/662
f 996/96/664 995/95/663 2490/425/1704
f 996/96/664 2490/425/1704 2491/426/1705
f 995/95/663 998/98/666 2492/427/1706
f 995/95/663 2492/427/1706 2490/425/1704
f 998/98/666 1000/100/667 2493/428/1707
f 998/98/666 2493/428/1707 2492/427/1706
f 1000/100/667 1002/102/668 2494/429/1708
f 1000/100/667 2494/429/1708 2493/428/1707
f 1002/102/668 1004/104/669 2495/430/1709
f 1002/102/668 2495/430/1709 2494/429/1708
f 1004/104/669 1006/106/664 2496/431/1705
f 1004/104/669 2496/431/1705 2495/430/1709
f 2491/426/1705 2490/425/1704 2497/432/1710
f 2491/426/1705 2497/432/1710 2498/433/1711
f 2490/425/1704 2492/427/1706 2499/434/1712
f 2490/425/1704 2499/434/1712 2497/432/1710
f 2492/427/1706 2493/428/1707 2500/435/1713
f 2492/427/1706 2500/435/1713 2499/434/1712
f 2493/428/1707 2494/429/1708 2501/436/1714
f 2493/428/1707 2501/436/1714 2500/435/1713
f 2494/429/1708 2495/430/1709 2502/437/1715
f 2494/429/1708 2502/437/1715 2501/436/1714
f 2495/430/1709 2496/431/1705 2503/438/1711
f 2495/430/1709 2503/438/1711 2502/437/1715
f 2498/433/1711 2497/432/1710 2504/439/1716
f 2498/433/1711 2504/439/1716 2505/440/1717
f 2497/432/1710 2499/434/1712 2506/441/1718
f 2497/432/1710 2506/441/1718 2504/439/1716
f 2499/434/1712 2500/435/1713 2507/442/1719
f 2499/434/1712 2507/442/1719 2506/441/1718
f 2500/435/1713 2501/436/1714 2508/443/1720
f 2500/435/1713 2508/443/1720 2507/442/1719
f 2501/436/1714 2502/437/1715 2509/444/1721
f 2501/436/1714 2509/444/1721 2508/443/1720
f 2502/437/1715 2503/438/1711 2510/445/1717
f 2502/437/1715 2510/445/1717 2509/444/1721
f 2505/440/1717 2504/439/1716 1009/109/671
f 2505/440/1717 1009/109/671 1008/108/670
f 2504/439/1716 2506/441/1718 1011/111/673
f 2504/439/1716 1011/111/673 1009/109/671
f 2506/441/1718 2507/442/1719 1013/113/674
f 2506/441/1718 1013/113/674 1011/111/673
f 2507/442/1719 2508/443/1720 1015/115/675
f 2507/442/1719 1015/115/675 1013/113/674
f 2508/443/1720 2509/444/1721 1017/117/676
f 2508/443/1720 1017/117/676 1015/115/675
f 2509/444/1721 2510/445/1717 1019/119/670
f 2509/444/1721 1019/119/670 1017/117/676
f 2511/362/1722 2512/363/1723 2513/364/1724
f 2511/362/1722 2513/364/1724 2514/365/1725
f 2515/366/1726 2516/367/1727 2517/368/1728
f 2515/366/1726 2517/368/1728 2518/369/1729
f 2519/370/1730 2520/371/1731 2515/366/1726
f 2519/370/1730 2515/366/1726 2518/369/1729
f 2521/372/1732 2522/373/1733 2523/374/1734
f 2521/372/1732 2523/374/1734 2524/375/1735
f 2525/376/1736 2526/377/1737 2527/378/1738
f 2525/376/1736 2527/378/1738 2528/379/1739
f 2520/371/1731 2529/380/1740 2530/381/1741
f 2520/371/1731 2530/381/1741 2515/366/1726
f 1023/67/679 1035/79/685 2531/382/1742
f 1023/67/679 2531/382/1742 2532/383/1743
f 2529/380/1740 1032/76/684 1024/68/680
f 2529/380/1740 1024/68/680 2530/381/1741
f 2532/383/1743 2531/382/1742 2512/363/1723
f 2532/383/1743 2512/363/1723 2511/362/1722
f 2514/365/1725 2513/364/1724 2533/384/1744
f 2514/365/1725 2533/384/1744 2534/385/1745
f 2518/369/1729 2517/368/1728 2535/386/1746
f 2518/369/1729 2535/386/1746 2536/387/1747
f 2537/388/1748 2519/370/1730 2518/369/1729
f 2537/388/1748 2518/369/1729 2536/387/1747
f 2538/389/1749 2521/372/1732 2524/375/1735
f 2538/389/1749 2524/375/1735 2539/390/1750
f 2540/391/1745 2541/392/1744 2542/393/1751
f 2540/391/1745 2542/393/1751 2543/394/1752
f 2544/395/1747 2545/396/1746 2546/397/1736
f 2544/395/1747 2546/397/1736 2547/398/1739
f 2548/399/1738 2549/400/1748 2544/395/1747
f 2548/399/1738 2544/395/1747 2547/398/1739
f 2550/401/1753 2551/402/1749 2552/403/1750
f 2550/401/1753 2552/403/1750 2553/404/1754
f 2554/405/1755 1021/65/677 1023/67/679
f 2554/405/1755 1023/67/679 2532/383/1743
f 2530/381/1741 2554/405/1755 2516/367/1727
f 2530/381/1741 2516/367/1727 2515/366/1726
f 2555/406/1756 1029/73/683 1031/75/681
f 2555/406/1756 1031/75/681 2556/407/1757
f 2522/373/1733 2557/408/1757 2558/409/1758
f 2522/373/1733 2558/409/1758 2523/374/1734
f 2516/367/1727 2554/405/1755 2532/383/1743
f 2516/367/1727 2532/383/1743 2511/362/1722
f 2517/368/1728 2516/367/1727 2511/362/1722
f 2517/368/1728 2511/362/1722 2514/365/1725
f 2535/386/1746 2517/368/1728 2514/365/1725
f 2535/386/1746 2514/365/1725 2534/385/1745
f 2546/397/1736 2545/396/1746 2540/391/1745
f 2546/397/1736 2540/391/1745 2543/394/1752
f 2559/410/1751 2526/377/1737 2525/376/1736
f 2559/410/1751 2525/376/1736 2560/411/1752
f 2561/412/1759 2562/413/1749 2563/414/1753
f 2561/412/1759 2563/414/1753 2564/415/1760
f 2565/416/1761 2566/417/1732 2567/418/1749
f 2565/416/1761 2567/418/1749 2568/419/1759
f 2569/420/1762 2570/421/1733 2566/417/1732
f 2569/420/1762 2566/417/1732 2565/416/1761
f 2555/406/1756 2556/407/1757 2570/421/1733
f 2555/406/1756 2570/421/1733 2569/420/1762
f 1024/68/680 1021/65/677 2554/405/1755
f 1024/68/680 2554/405/1755 2530/381/1741
f 2557/408/1757 1026/70/681 1028/72/682
f 2557/408/1757 1028/72/682 2558/409/1758
f 2571/422/1760 2572/423/1753 2526/377/1737
f 2571/422/1760 2526/377/1737 2559/410/1751
f 2527/378/1738 2526/377/1737 2572/423/1753
f 2527/378/1738 2572/423/1753 2573/424/1754
f 2552/403/1750 2549/400/1748 2548/399/1738
f 2552/403/1750 2548/399/1738 2553/404/1754
f 2524/375/1735 2519/370/1730 2537/388/1748
f 2524/375/1735 2537/388/1748 2539/390/1750
f 2523/374/1734 2520/371/1731 2519/370/1730
f 2523/374/1734 2519/370/1730 2524/375/1735
f 2558/409/1758 2529/380/1740 2520/371/1731
f 2558/409/1758 2520/371/1731 2523/374/1734
f 1028/72/682 1032/76/684 2529/380/1740
f 1028/72/682 2529/380/1740 2558/409/1758
f 2531/382/1742 1035/79/685 1029/73/683
f 2531/382/1742 1029/73/683 2555/406/1756
f 2512/363/1723 2531/382/1742 2555/406/1756
f 2512/363/1723 2555/406/1756 2569/420/1762
f 2513/364/1724 2512/363/1723 2569/420/1762
f 2513/364/1724 2569/420/1762 2565/416/1761
f 2533/384/1744 2513/364/1724 2565/416/1761
f 2533/384/1744 2565/416/1761 2568/419/1759
f 2542/393/1751 2541/392/1744 2561/412/1759
f 2542/393/1751 2561/412/1759 2564/415/1760
f 2574/362/1763 2575/363/1764 2576/364/1765
f 2574/362/1763 2576/364/1765 2577/365/1766
f 2578/366/1767 2579/367/1768 2580/368/1769
f 2578/366/1767 2580/368/1769 2581/369/1770
f 2582/370/1771 2583/371/1772 2578/366/1767
f 2582/370/1771 2578/366/1767 2581/369/1770
f 2584/372/1773 2585/373/1774 2586/374/1775
f 2584/372/1773 2586/374/1775 2587/375/1776
f 2588/376/1777 2589/377/1778 2590/378/1779
f 2588/376/1777 2590/378/1779 2591/379/1780
f 2583/371/1772 2592/380/1781 2593/381/1782
f 2583/371/1772 2593/381/1782 2578/366/1767
f 1040/67/688 1052/79/694 2594/382/1783
f 1040/67/688 2594/382/1783 2595/383/1784
f 2592/380/1781 1049/76/693 1041/68/689
f 2592/380/1781 1041/68/689 2593/381/1782
f 2595/383/1784 2594/382/1783 2575/363/1764
f 2595/383/1784 2575/363/1764 2574/362/1763
f 2577/365/1766 2576/364/1765 2596/384/1785
f 2577/365/1766 2596/384/1785 2597/385/1786
f 2581/369/1770 2580/368/1769 2598/386/1787
f 2581/369/1770 2598/386/1787 2599/387/1788
f 2600/388/1789 2582/370/1771 2581/369/1770
f 2600/388/1789 2581/369/1770 2599/387/1788
f 2601/389/1790 2584/372/1773 2587/375/1776
f 2601/389/1790 2587/375/1776 2602/390/1791
f 2603/391/1786 2604/392/1785 2605/393/1792
f 2603/391/1786 2605/393/1792 2606/394/1793
f 2607/395/1788 2608/396/1787 2609/397/1777
f 2607/395/1788 2609/397/1777 2610/398/1780
f 2611/399/1779 2612/400/1789 2607/395/1788
f 2611/399/1779 2607/395/1788 2610/398/1780
f 2613/401/1794 2614/402/1790 2615/403/1791
f 2613/401/1794 2615/403/1791 2616/404/1795
f 2617/405/1796 1038/65/686 1040/67/688
f 2617/405/1796 1040/67/688 2595/383/1784
f 2593/381/1782 2617/405/1796 2579/367/1768
f 2593/381/1782 2579/367/1768 2578/366/1767
f 2618/406/1797 1046/73/692 1048/75/690
f 2618/406/1797 1048/75/690 2619/407/1798
f 2585/373/1774 2620/408/1798 2621/409/1799
f 2585/373/1774 2621/409/1799 2586/374/1775
f 2579/367/1768 2617/405/1796 2595/383/1784
f 2579/367/1768 2595/383/1784 2574/362/1763
f 2580/368/1769 2579/367/1768 2574/362/1763
f 2580/368/1769 2574/362/1763 2577/365/1766
f 2598/386/1787 2580/368/1769 2577/365/1766
f 2598/386/1787 2577/365/1766 2597/385/1786
f 2609/397/1777 2608/396/1787 2603/391/1786
f 2609/397/1777 2603/391/1786 2606/394/1793
f 2622/410/1792 2589/377/1778 2588/376/1777
f 2622/410/1792 2588/376/1777 2623/411/1793
f 2624/412/1800 2625/413/1790 2626/414/1794
f 2624/412/1800 2626/414/1794 2627/415/1801
f 2628/416/1802 2629/417/1773 2630/418/1790
f 2628/416/1802 2630/418/1790 2631/419/1800
f 2632/420/1803 2633/421/1774 2629/417/1773
f 2632/420/1803 2629/417/1773 2628/416/1802
f 2618/406/1797 2619/407/1798 2633/421/1774
f 2618/406/1797 2633/421/1774 2632/420/1803
f 1041/68/689 1038/65/686 2617/405/1796
f 1041/68/689 2617/405/1796 2593/381/1782
f 2620/408/1798 1043/70/690 1045/72/691
f 2620/408/1798 1045/72/691 2621/409/1799
f 2634/422/1801 2635/423/1794 2589/377/1778
f 2634/422/1801 2589/377/1778 2622/410/1792
f 2590/378/1779 2589/377/1778 2635/423/1794
f 2590/378/1779 2635/423/1794 2636/424/1795
f 2615/403/1791 2612/400/1789 2611/399/1779
f 2615/403/1791 2611/399/1779 2616/404/1795
f 2587/375/1776 2582/370/1771 2600/388/1789
f 2587/375/1776 2600/388/1789 2602/390/1791
f 2586/374/1775 2583/371/1772 2582/370/1771
f 2586/374/1775 2582/370/1771 2587/375/1776
f 2621/409/1799 2592/380/1781 2583/371/1772
f 2621/409/1799 2583/371/1772 2586/374/1775
f 1045/72/691 1049/76/693 2592/380/1781
f 1045/72/691 2592/380/1781 2621/409/1799
f 2594/382/1783 1052/79/694 1046/73/692
f 2594/382/1783 1046/73/692 2618/406/1797
f 2575/363/1764 2594/382/1783 2618/406/1797
f 2575/363/1764 2618/406/1797 2632/420/1803
f 2576/364/1765 2575/363/1764 2632/420/1803
f 2576/364/1765 2632/420/1803 2628/416/1802
f 2596/384/1785 2576/364/1765 2628/416/1802
f 2596/384/1785 2628/416/1802 2631/419/1800
f 2605/393/1792 2604/392/1785 2624/412/1800
f 2605/393/1792 2624/412/1800 2627/415/1801
f 2637/362/1804 2638/363/1805 2639/364/1806
f 2637/362/1804 2639/364/1806 2640/365/1807
f 2641/366/1808 2642/367/1809 2643/368/1810
f 2641/366/1808 2643/368/1810 2644/369/1811
f 2645/370/1812 2646/371/1813 2641/366/1808
f 2645/370/1812 2641/366/1808 2644/369/1811
f 2647/372/1814 2648/373/1815 2649/374/1816
f 2647/372/1814 2649/374/1816 2650/375/1817
f 2651/376/1818 2652/377/1819 2653/378/1820
f 2651/376/1818 2653/378/1820 2654/379/1821
f 2646/371/1813 2655/380/1822 2656/381/1823
f 2646/371/1813 2656/381/1823 2641/366/1808
f 1057/67/697 1069/79/703 2657/382/1824
f 1057/67/697 2657/382/1824 2658/383/1825
f 2655/380/1822 1066/76/702 1058/68/698
f 2655/380/1822 1058/68/698 2656/381/1823
f 2658/383/1825 2657/382/1824 2638/363/1805
f 2658/383/1825 2638/363/1805 2637/362/1804
f 2640/365/1807 2639/364/1806 2659/384/1826
f 2640/365/1807 2659/384/1826 2660/385/1827
f 2644/369/1811 2643/368/1810 2661/386/1828
f 2644/369/1811 2661/386/1828 2662/387/1829
f 2663/388/1830 2645/370/1812 2644/369/1811
f 2663/388/1830 2644/369/1811 2662/387/1829
f 2664/389/1831 2647/372/1814 2650/375/1817
f 2664/389/1831 2650/375/1817 2665/390/1832
f 2666/391/1827 2667/392/1826 2668/393/1833
f 2666/391/1827 2668/393/1833 2669/394/1834
f 2670/395/1829 2671/396/1828 2672/397/1818
f 2670/395/1829 2672/397/1818 2673/398/1821
f 2674/399/1820 2675/400/1830 2670/395/1829
f 2674/399/1820 2670/395/1829 2673/398/1821
f 2676/401/1835 2677/402/1831 2678/403/1832
f 2676/401/1835 2678/403/1832 2679/404/1836
f 2680/405/1837 1055/65/695 1057/67/697
f 2680/405/1837 1057/67/697 2658/383/1825
f 2656/381/1823 2680/405/1837 2642/367/1809
f 2656/381/1823 2642/367/1809 2641/366/1808
f 2681/406/1838 1063/73/701 1065/75/699
f 2681/406/1838 1065/75/699 2682/407/1839
f 2648/373/1815 2683/408/1839 2684/409/1840
f 2648/373/1815 2684/409/1840 2649/374/1816
f 2642/367/1809 2680/405/1837 2658/383/1825
f 2642/367/1809 2658/383/1825 2637/362/1804
f 2643/368/1810 2642/367/1809 2637/362/1804
f 2643/368/1810 2637/362/1804 2640/365/1807
f 2661/386/1828 2643/368/1810 2640/365/1807
f 2661/386/1828 2640/365/1807 2660/385/1827
f 2672/397/1818 2671/396/1828 2666/391/1827
f 2672/397/1818 2666/391/1827 2669/394/1834
f 2685/410/1833 2652/377/1819 2651/376/1818
f 2685/410/1833 2651/376/1818 2686/411/1834
f 2687/412/1841 2688/413/1831 2689/414/1835
f 2687/412/1841 2689/414/1835 2690/415/1842
f 2691/416/1843 2692/417/1814 2693/418/1831
f 2691/416/1843 2693/418/1831 2694/419/1841
f 2695/420/1844 2696/421/1815 2692/417/1814
f 2695/420/1844 2692/417/1814 2691/416/1843
f 2681/406/1838 2682/407/1839 2696/421/1815
f 2681/406/1838 2696/421/1815 2695/420/1844
f 1058/68/698 1055/65/695 2680/405/1837
f 1058/68/698 2680/405/1837 2656/381/1823
f 2683/408/1839 1060/70/699 1062/72/700
f 2683/408/1839 1062/72/700 2684/409/1840
f 2697/422/1842 2698/423/1835 2652/377/1819
f 2697/422/1842 2652/377/1819 2685/410/1833
f 2653/378/1820 2652/377/1819 2698/423/1835
f 2653/378/1820 2698/423/1835 2699/424/1836
f 2678/403/1832 2675/400/1830 2674/399/1820
f 2678/403/1832 2674/399/1820 2679/404/1836
f 2650/375/1817 2645/370/1812 2663/388/1830
f 2650/375/1817 2663/388/1830 2665/390/1832
f 2649/374/1816 2646/371/1813 2645/370/1812
f 2649/374/1816 2645/370/1812 2650/375/1817
f 2684/409/1840 2655/380/1822 2646/371/1813
f 2684/409/1840 2646/371/1813 2649/374/1816
f 1062/72/700 1066/76/702 2655/380/1822
f 1062/72/700 2655/380/1822 2684/409/1840
f 2657/382/1824 1069/79/703 1063/73/701
f 2657/382/1824 1063/73/701 2681/406/1838
f 2638/363/1805 2657/382/1824 2681/406/1838
f 2638/363/1805 2681/406/1838 2695/420/1844
f 2639/364/1806 2638/363/1805 2695/420/1844
f 2639/364/1806 2695/420/1844 2691/416/1843
f 2659/384/1826 2639/364/1806 2691/416/1843
f 2659/384/1826 2691/416/1843 2694/419/1841
f 2668/393/1833 2667/392/1826 2687/412/1841
f 2668/393/1833 2687/412/1841 2690/415/1842
f 1073/122/705 1072/121/704 2700/446/1845
f 1073/122/705 2700/446/1845 2701/447/1846
f 1072/121/704 1075/124/707 2702/448/1847
f 1072/121/704 2702/448/1847 2700/446/1845
f 1075/124/707 1077/126/708 2703/449/1848
f 1075/124/707 2703/449/1848 2702/448/1847
f 1077/126/708 1079/128/709 2704/450/1849
f 1077/126/708 2704/450/1849 2703/449/1848
f 1079/128/709 1081/130/710 2705/451/1850
f 1079/128/709 2705/451/1850 2704/450/1849
f 1081/130/710 1083/132/705 2706/452/1846
f 1081/130/710 2706/452/1846 2705/451/1850
f 2701/447/1846 2700/446/1845 2707/453/1851
f 2701/447/1846 2707/453/1851 2708/454/1852
f 2700/446/1845 2702/448/1847 2709/455/1853
f 2700/446/1845 2709/455/1853 2707/453/1851
f 2702/448/1847 2703/449/1848 2710/456/1854
f 2702/448/1847 2710/456/1854 2709/455/1853
f 2703/449/1848 2704/450/1849 2711/457/1855
f 2703/449/1848 2711/457/1855 2710/456/1854
f 2704/450/1849 2705/451/1850 2712/458/1856
f 2704/450/1849 2712/458/1856 2711/457/1855
f 2705/451/1850 2706/452/1846 2713/459/1852
f 2705/451/1850 2713/459/1852 2712/458/1856
f 2708/454/1852 2707/453/1851 2714/460/1857
f 2708/454/1852 2714/460/1857 2715/461/1858
f 2707/453/1851 2709/455/1853 2716/462/1859
f 2707/453/1851 2716/462/1859 2714/460/1857
f 2709/455/1853 2710/456/1854 2717/463/1860
f 2709/455/1853 2717/463/1860 2716/462/1859
f 2710/456/1854 2711/457/1855 2718/464/1861
f 2710/456/1854 2718/464/1861 2717/463/1860
f 2711/457/1855 2712/458/1856 2719/465/1862
f 2711/457/1855 2719/465/1862 2718/464/1861
f 2712/458/1856 2713/459/1852 2720/466/1858
f 2712/458/1856 2720/466/1858 2719/465/1862
f 2715/461/1858 2714/460/1857 1086/135/712
f 2715/461/1858 1086/135/712 1085/134/711
f 2714/460/1857 2716/462/1859 1088/137/714
f 2714/460/1857 1088/137/714 1086/135/712
f 2716/462/1859 2717/463/1860 1090/139/715
f 2716/462/1859 1090/139/715 1088/137/714
f 2717/463/1860 2718/464/1861 1092/141/716
f 2717/463/1860 1092/141/716 1090/139/715
f 2718/464/1861 2719/465/1862 1094/143/717
f 2718/464/1861 1094/143/717 1092/141/716
f 2719/465/1862 2720/466/1858 1096/145/711
f 2719/465/1862 1096/145/711 1094/143/717
f 1099/122/719 1098/121/718 2721/446/1863
f 1099/122/719 2721/446/1863 2722/447/1864
f 1098/121/718 1101/124/721 2723/448/1865
f 1098/121/718 2723/448/1865 2721/446/1863
f 1101/124/721 1103/126/722 2724/449/1866
f 1101/124/721 2724/449/1866 2723/448/1865
f 1103/126/722 1105/128/723 2725/450/1867
f 1103/126/722 2725/450/1867 2724/449/1866
f 1105/128/723 1107/130/724 2726/451/1868
f 1105/128/723 2726/451/1868 2725/450/1867
f 1107/130/724 1109/132/719 2727/452/1864
f 1107/130/724 2727/452/1864 2726/451/1868
f 2722/447/1864 2721/446/1863 2728/453/1869
f 2722/447/1864 2728/453/1869 2729/454/1870
f 2721/446/1863 2723/448/1865 2730/455/1871
f 2721/446/1863 2730/455/1871 2728/453/1869
f 2723/448/1865 2724/449/1866 2731/456/1872
f 2723/448/1865 2731/456/1872 2730/455/1871
f 2724/449/1866 2725/450/1867 2732/457/1873
f 2724/449/1866 2732/457/1873 2731/456/1872
f 2725/450/1867 2726/451/1868 2733/458/1874
f 2725/450/1867 2733/458/1874 2732/457/1873
f 2726/451/1868 2727/452/1864 2734/459/1870
f 2726/451/1868 2734/459/1870 2733/458/1874
f 2729/454/1870 2728/453/1869 2735/460/1875
f 2729/454/1870 2735/460/1875 2736/461/1876
f 2728/453/1869 2730/455/1871 2737/462/1877
f 2728/453/1869 2737/462/1877 2735/460/1875
f 2730/455/1871 2731/456/1872 2738/463/1878
f 2730/455/1871 2738/463/1878 2737/462/1877
f 2731/456/1872 2732/457/1873 2739/464/1879
f 2731/456/1872 2739/464/1879 2738/463/1878
f 2732/457/1873 2733/458/1874 2740/465/1880
f 2732/457/1873 2740/465/1880 2739/464/1879
f 2733/458/1874 2734/459/1870 2741/466/1876
f 2733/458/1874 2741/466/1876 2740/465/1880
f 2736/461/1876 2735/460/1875 1112/135/726
f 2736/461/1876 1112/135/726 1111/134/725
f 2735/460/1875 2737/462/1877 1114/137/728
f 2735/460/1875 1114/137/728 1112/135/726
f 2737/462/1877 2738/463/1878 1116/139/729
f 2737/462/1877 1116/139/729 1114/137/728
f 2738/463/1878 2739/464/1879 1118/141/730
f 2738/463/1878 1118/141/730 1116/139/729
f 2739/464/1879 2740/465/1880 1120/143/731
f 2739/464/1879 1120/143/731 1118/141/730
f 2740/465/1880 2741/466/1876 1122/145/725
f 2740/465/1880 1122/145/725 1120/143/731
f 1125/122/733 1124/121/732 2742/446/1881
f 1125/122/733 2742/446/1881 2743/447/1882
f 1124/121/732 1127/124/735 2744/448/1883
f 1124/121/732 2744/448/1883 2742/446/1881
f 1127/124/735 1129/126/736 2745/449/1884
f 1127/124/735 2745/449/1884 2744/448/1883
f 1129/126/736 1131/128/737 2746/450/1885
f 1129/126/736 2746/450/1885 2745/449/1884
f 1131/128/737 1133/130/738 2747/451/1886
f 1131/128/737 2747/451/1886 2746/450/1885
f 1133/130/738 1135/132/733 2748/452/1882
f 1133/130/738 2748/452/1882 2747/451/1886
f 2743/447/1882 2742/446/1881 2749/453/1887
f 2743/447/1882 2749/453/1887 2750/454/1888
f 2742/446/1881 2744/448/1883 2751/455/1889
f 2742/446/1881 2751/455/1889 2749/453/1887
f 2744/448/1883 2745/449/1884 2752/456/1890
f 2744/448/1883 2752/456/1890 2751/455/1889
f 2745/449/1884 2746/450/1885 2753/457/1891
f 2745/449/1884 2753/457/1891 2752/456/1890
f 2746/450/1885 2747/451/1886 2754/458/1892
f 2746/450/1885 2754/458/1892 2753/457/1891
f 2747/451/1886 2748/452/1882 2755/459/1888
f 2747/451/1886 2755/459/1888 2754/458/1892
f 2750/454/1888 2749/453/1887 2756/460/1893
f 2750/454/1888 2756/460/1893 2757/461/1894
f 2749/453/1887 2751/455/1889 2758/462/1895
f 2749/453/1887 2758/462/1895 2756/460/1893
f 2751/455/1889 2752/456/1890 2759/463/1896
f 2751/455/1889 2759/463/1896 2758/462/1895
f 2752/456/1890 2753/457/1891 2760/464/1897
f 2752/456/1890 2760/464/1897 2759/463/1896
f 2753/457/1891 2754/458/1892 2761/465/1898
f 2753/457/1891 2761/465/1898 2760/464/1897
f 2754/458/1892 2755/459/1888 2762/466/1894
f 2754/458/1892 2762/466/1894 2761/465/1898
f 2757/461/1894 2756/460/1893 1138/135/740
f 2757/461/1894 1138/135/740 1137/134/739
f 2756/460/1893 2758/462/1895 1140/137/742
f 2756/460/1893 1140/137/742 1138/135/740
f 2758/462/1895 2759/463/1896 1142/139/743
f 2758/462/1895 1142/139/743 1140/137/742
f 2759/463/1896 2760/464/1897 1144/141/744
f 2759/463/1896 1144/141/744 1142/139/743
f 2760/464/1897 2761/465/1898 1146/143/745
f 2760/464/1897 1146/143/745 1144/141/744
f 2761/465/1898 2762/466/1894 1148/145/739
f 2761/465/1898 1148/145/739 1146/143/745
f 1/1/1 2763/661/1899 2/2/2
f 2763/661/1899 1/1/1 2764/662/1900
f 2764/662/1900 1/1/1 2765/663/1901
f 4/4/4 2766/664/1902 2767/665/1903
f 2766/664/1902 4/4/4 2/2/2
f 2766/664/1902 2/2/2 2763/661/1899
f 5/5/5 2768/666/1904 2769/667/1905
f 2768/666/1904 5/5/5 4/4/4
f 2768/666/1904 4/4/4 2767/665/1903
f 6/6/6 2770/668/1906 2771/669/1907
f 2770/668/1906 6/6/6 2769/667/1905
f 2769/667/1905 6/6/6 5/5/5
f 2772/670/1908 6/6/6 2771/669/1907
f 6/6/6 2772/670/1908 2773/671/1909
f 6/6/6 2773/671/1909 7/7/7
f 2774/672/1910 7/7/7 2773/671/1909
f 7/7/7 2774/672/1910 8/8/8
f 8/8/8 2774/672/1910 2775/673/1911
f 2775/673/1911 9/9/9 8/8/8
f 9/9/9 2775/673/1911 2776/674/1912
f 9/9/9 2776/674/1912 2777/675/1913
f 2777/675/1913 1/1/1 9/9/9
f 1/1/1 2777/675/1913 2765/663/1901
f 2765/663/1901 2777/675/1913 2778/676/1914
f 86/82/78 2779/677/1915 2780/678/1916
f 2779/677/1915 86/82/78 2781/679/1917
f 2781/679/1917 86/82/78 88/84/80
f 89/85/81 2782/680/1918 2783/681/1919
f 2782/680/1918 89/85/81 2780/678/1916
f 2780/678/1916 89/85/81 86/82/78
f 90/86/82 2784/682/1920 2785/683/1921
f 2784/682/1920 90/86/82 89/85/81
f 2784/682/1920 89/85/81 2783/681/1919
f 2786/684/1922 90/86/82 2785/683/1921
f 90/86/82 2786/684/1922 2787/685/1923
f 90/86/82 2787/685/1923 91/87/83
f 92/88/84 2788/686/1924 2789/687/1925
f 2788/686/1924 92/88/84 2787/685/1923
f 2787/685/1923 92/88/84 91/87/83
f 2789/687/1925 93/89/85 92/88/84
f 93/89/85 2789/687/1925 2790/688/1926
f 93/89/85 2790/688/1926 2791/689/1927
f 2791/689/1927 94/90/86 93/89/85
f 94/90/86 2791/689/1927 2792/690/1928
f 94/90/86 2792/690/1928 2793/691/1929
f 2794/692/1930 94/90/86 2793/691/1929
f 94/90/86 2794/692/1930 95/91/87
f 95/91/87 2794/692/1930 2795/693/1931
f 2796/694/1932 95/91/87 2795/693/1931
f 95/91/87 2796/694/1932 96/92/88
f 96/92/88 2796/694/1932 2797/695/1933
f 96/92/88 2798/696/1934 97/93/89
f 2798/696/1934 96/92/88 2799/697/1935
f 2799/697/1935 96/92/88 2797/695/1933
f 98/94/90 2800/698/1936 2801/699/1937
f 2800/698/1936 98/94/90 97/93/89
f 2800/698/1936 97/93/89 2798/696/1934
f 88/84/80 2802/700/1938 2781/679/1917
f 2802/700/1938 88/84/80 98/94/90
f 2802/700/1938 98/94/90 2801/699/1937
f 2803/701/1939 1463/608/960 2804/702/1940
f 1463/608/960 2803/701/1939 1457/602/954
f 1457/602/954 2803/701/1939 1458/603/955
f 2805/703/1941 1469/614/966 1473/618/970
f 1469/614/966 2805/703/1941 1463/608/960
f 1463/608/960 2805/703/1941 2804/702/1940
f 1456/601/953 1466/611/963 1461/606/958
f 1466/611/963 1456/601/953 2806/704/1942
f 2806/704/1942 1456/601/953 2807/705/1943
f 1455/600/952 2807/705/1943 1456/601/953
f 2807/705/1943 1455/600/952 2808/706/1944
f 2808/706/1944 1455/600/952 2809/707/1945
f 319/2/251 2810/662/1946 2811/661/1947
f 2810/662/1946 319/2/251 318/1/250
f 2810/662/1946 318/1/250 2812/663/1948
f 2813/665/1949 2811/661/1947 2814/664/1950
f 2811/661/1947 2813/665/1949 321/4/253
f 2811/661/1947 321/4/253 319/2/251
f 2815/666/1951 321/4/253 2813/665/1949
f 321/4/253 2815/666/1951 2816/667/1952
f 321/4/253 2816/667/1952 322/5/254
f 2817/668/1953 322/5/254 2816/667/1952
f 322/5/254 2817/668/1953 323/6/255
f 323/6/255 2817/668/1953 2818/669/1954
f 2818/669/1954 324/7/256 323/6/255
f 324/7/256 2818/669/1954 2819/670/1955
f 324/7/256 2819/670/1955 2820/671/1956
f 2820/671/1956 325/8/257 324/7/256
f 325/8/257 2820/671/1956 2821/673/1957
f 2821/673/1957 2820/671/1956 2822/672/1958
f 325/8/257 2823/675/1959 326/9/258
f 2823/675/1959 325/8/257 2824/674/1960
f 2824/674/1960 325/8/257 2821/673/1957
f 318/1/250 2825/676/1961 2812/663/1948
f 2825/676/1961 318/1/250 326/9/258
f 2825/676/1961 326/9/258 2823/675/1959
f 497/82/389 2826/677/1962 2827/678/1963
f 2826/677/1962 497/82/389 2828/679/1964
f 2828/679/1964 497/82/389 499/84/391
f 500/85/392 2829/680/1965 2830/681/1966
f 2829/680/1965 500/85/392 2827/678/1963
f 2827/678/1963 500/85/392 497/82/389
f 2831/683/1967 2830/681/1966 2832/682/1968
f 2830/681/1966 2831/683/1967 501/86/393
f 2830/681/1966 501/86/393 500/85/392
f 502/87/394 2833/684/1969 2834/685/1970
f 2833/684/1969 502/87/394 501/86/393
f 2833/684/1969 501/86/393 2831/683/1967
f 503/88/395 2835/686/1971 2836/687/1972
f 2835/686/1971 503/88/395 502/87/394
f 2835/686/1971 502/87/394 2834/685/1970
f 2837/688/1973 503/88/395 2836/687/1972
f 503/88/395 2837/688/1973 504/89/396
f 504/89/396 2837/688/1973 2838/689/1974
f 2839/690/1975 504/89/396 2838/689/1974
f 504/89/396 2839/690/1975 505/90/397
f 505/90/397 2839/690/1975 2840/691/1976
f 2841/692/1977 505/90/397 2840/691/1976
f 505/90/397 2841/692/1977 506/91/398
f 506/91/398 2841/692/1977 2842/693/1978
f 2842/693/1978 507/92/399 506/91/398
f 507/92/399 2842/693/1978 2843/694/1979
f 507/92/399 2843/694/1979 2844/695/1980
f 2844/695/1980 508/93/400 507/92/399
f 508/93/400 2844/695/1980 2845/697/1981
f 508/93/400 2845/697/1981 2846/696/1982
f 2846/696/1982 509/94/401 508/93/400
f 509/94/401 2846/696/1982 2847/699/1983
f 2847/699/1983 2846/696/1982 2848/698/1984
f 509/94/401 2828/679/1964 499/84/391
f 2828/679/1964 509/94/401 2847/699/1983
f 2828/679/1964 2847/699/1983 2849/700/1985
# Vertices: 2849, normals: 1985, texture coordinates: 707, faces: 3674

